Unnamed: 0,logpred
14282777,4.8970876
17029381,5.4789233
7824740,5.0238843
19811650,6.1548038
12410741,4.5179753
19589738,4.704798
15470255,4.741156
6128434,4.797163
18358465,4.7174587
8760362,3.9765458
11755946,4.3045225
8327302,5.385505
13884363,4.425596
6103273,5.316682
18724232,4.5345626
19086978,4.0899305
6834210,4.176981
9013556,4.2868447
11759260,4.98071
8382187,5.351809
1840445,4.417713
15202859,4.0966096
18361399,4.959624
17881079,4.2091317
16227150,5.5379124
9770459,5.3945317
4341518,4.5601015
10516580,5.257725
16416474,4.7467723
5085892,4.4810276
13697587,4.4763484
12158766,4.187465
5386312,5.3204308
17692345,3.9348114
16026765,4.939636
18505615,4.327331
2262885,4.7707696
16674812,4.2476416
1628130,4.8120265
15379798,4.6073503
20173503,5.6109705
21173342,4.259523
10019796,4.5277243
13116069,5.0878386
16245464,4.617077
2298801,5.1291714
884803,4.907192
16480090,4.285747
9855805,4.3712697
11407704,4.0426927
15572980,4.098308
8457785,5.100896
4115403,5.9949107
10138784,4.934718
16592678,4.5372443
7194843,5.214495
20754111,4.871138
19808904,4.9452276
16240085,4.295226
16390897,5.092277
15217021,5.18783
2899177,4.3135448
823880,6.4417725
17960485,4.7925706
37197,5.1248646
17843177,4.736693
20872950,5.3253937
12028495,4.7499585
14824136,5.2603054
5084563,4.628522
9168809,4.326589
16490010,4.8689065
752084,4.5810447
1391683,4.21588
13862932,4.4419293
18969917,5.116953
2536255,4.2797804
7401453,3.9553258
8048838,4.5734982
17094930,5.68057
1213652,4.901678
18650533,5.1809816
18428776,4.299351
3497750,4.553458
12784763,4.957788
10166945,5.088792
17024368,4.9464693
10550345,4.311737
12135309,5.7080064
17845579,3.939571
17887871,4.1349216
20310828,4.654485
16367772,5.6833367
14007277,5.249594
10187948,5.046316
1979502,5.199883
4025466,4.6411796
7010681,4.6260448
2210088,4.8211994
16487475,4.389072
7132520,4.756321
6329731,4.4318714
16633430,4.5009484
1586489,4.2077775
14556587,6.229091
20332537,5.8445687
19504228,4.1569724
7124926,4.7259336
724656,5.277104
17857598,5.3530016
7198878,3.9714944
1954429,4.4220033
17552926,4.528562
18947464,5.0452337
555596,4.0469537
8687518,4.2642655
2754975,4.3024383
15591048,5.0063753
68403,4.686521
16123133,3.972184
16545677,5.57884
9909328,5.672178
9372609,5.3874173
15507297,4.3588123
3104839,5.7539907
5628808,5.149113
10043483,4.4931803
13882820,4.707115
5804060,4.9079747
13880330,4.901216
16515346,5.146644
9734018,4.358328
13343870,3.608025
10102418,4.369432
20903084,4.7417827
17642625,5.4928393
12547180,4.2797384
15509545,4.17328
253466,3.8497682
13223336,4.051697
17152842,5.191664
8411226,4.418229
16234017,4.8875113
2627940,5.174739
13669161,5.088981
20933293,4.537695
7930895,4.125686
16812656,4.2346134
13031184,5.2094307
476919,5.431027
20729133,4.0064344
15755492,4.5042243
16707888,4.2630806
3466620,5.906035
17498442,5.700138
12364198,4.593708
15942888,5.2102137
20969932,4.772691
11363122,4.5041423
18667247,4.7058277
10672015,4.990499
12008897,4.58443
10230060,4.85042
12630408,4.8381453
14186084,4.5605426
16160310,3.7707508
3454343,4.307304
6135485,5.210847
12544280,4.454209
13276066,5.483231
2503128,4.7700896
3717427,4.857746
16441864,4.6417685
10058134,4.577637
13346431,4.3430357
15740950,5.5823007
13080618,4.9174347
17865806,4.419579
19777573,5.2273383
11064084,5.0251665
8850423,5.301099
7472068,5.2078295
10779412,5.2580886
331450,4.8103123
9347680,5.0147934
12955368,4.970773
12231352,4.7964044
16004577,4.7237773
7311059,4.200495
4663928,4.4666533
376559,5.3540125
13591611,5.515282
1656621,4.3446727
18314314,5.2131433
9791362,5.1011705
61153,4.262917
3868503,5.2840233
19192001,5.7269754
15990034,5.02031
18637173,5.187401
18331809,5.384553
18296371,5.1805573
14038936,4.2457376
16870359,4.4630227
271130,4.903466
14169399,4.3223076
9734844,4.402128
12875096,5.4885497
12803399,4.0412626
15871074,4.7038717
3953322,4.241044
12230297,4.2412167
13860706,4.676687
5360210,6.1798797
12973167,5.2126737
15057743,4.299408
17750227,6.398081
3544343,4.5182714
11434047,4.3612576
8649889,4.8569994
1907186,4.467875
10156269,4.959979
248865,5.5905414
7274441,5.270846
16122843,5.6629896
16002608,4.0832367
5364134,4.8628187
2979052,4.4316425
14066228,4.2940555
20581837,4.6931863
20395728,4.6266217
12569486,4.195506
7518816,4.9453945
4137789,4.681782
9633282,4.5629544
56859,5.8084807
16098984,6.370317
6259989,5.2993503
7939407,3.9879956
7517579,4.282598
18730787,5.608751
13615838,4.5302806
6504030,4.4269824
2176963,4.4123225
6107258,4.9931026
3318417,4.56004
6222260,5.9418774
17479706,5.0593605
19334291,4.2915688
4296362,4.5285583
8627179,4.952987
12454870,4.7329216
16042019,5.607677
14189240,3.922263
2488022,6.057005
18369887,4.6617694
17774890,4.0029526
16082400,4.0359483
7020322,5.387184
14774411,5.1703687
3852970,4.898723
15870268,4.1225004
6043296,5.025483
14221607,4.1233587
17073983,5.118687
17991551,4.3389964
15343720,4.007396
2598841,4.2727923
10783121,4.80021
5496554,4.333748
13379739,5.234293
1944155,4.7869906
13564007,4.671919
20817835,4.066213
9473440,4.011732
16359470,4.6586084
11150475,6.5145802
13094264,4.703837
1822183,6.065448
12518189,4.219351
12455369,4.851745
15468914,4.5936103
12905131,4.8722873
181972,4.8178506
20146269,4.445499
17846157,3.8016253
12270642,5.7148914
13514141,4.913176
16618112,4.77506
7382491,4.8349295
14696763,4.5616946
1090297,5.119724
9473816,5.7936025
17515103,5.0846443
15370440,4.309495
10524082,4.969478
7182122,4.134347
2070705,5.15389
18763188,4.989951
12433198,4.755162
20353100,4.682947
13897860,4.5776916
13209493,5.348809
16837677,4.9641976
6725556,4.4604588
10090585,4.384662
14983123,5.718656
1940006,4.5156884
7886331,5.0967894
20310503,4.916458
18294493,4.5566087
720811,4.321924
818189,3.8985074
16914048,4.669097
755528,5.7049947
11656396,5.189305
7112125,4.3321834
2975776,5.151725
386846,3.7051406
17217670,5.9180064
4191637,6.0208497
14217775,4.483572
18760486,4.9569783
6732313,4.3853025
16382270,4.6343627
11582472,4.0145783
17893451,5.1858616
8254893,4.94218
19832188,5.471224
634133,5.5952315
640589,4.0499206
16899141,3.9432924
20383768,4.908067
16439512,5.112328
17811587,4.6162863
2343987,5.0747967
5624807,4.4435725
971449,4.30599
16807426,4.0635138
6599870,4.1241255
17616603,4.340029
6462549,4.840553
20218811,4.1147633
5195346,4.613923
1989842,4.947943
3311544,5.0174894
18190744,4.0855327
20480443,6.2374477
15028308,5.1128736
2238488,4.7742467
15019476,4.694422
1499630,4.735903
8733790,4.4703445
8392488,5.459164
7526377,4.489808
12089766,4.701532
10491137,5.3935795
12736586,4.2923603
6844537,5.143805
7896248,4.86594
8381472,4.193709
7280929,4.017592
13250303,4.892387
18752630,4.0553174
9490137,4.3669896
13360706,4.191872
19522525,3.6317244
21053769,4.3508625
1352111,4.850071
6361628,4.464416
13388649,4.325824
7086215,4.350983
6696127,5.0041957
14050933,4.5905156
9611367,4.214253
19170980,4.8780665
19780958,3.9033272
15649332,6.1356044
2330139,4.6004
18324815,5.171134
19812298,4.2659497
6573831,4.710844
7790855,4.899767
9697230,4.2406054
2671736,4.207697
13748851,5.0758824
15872614,4.3127966
8777405,4.318707
10502172,4.012159
12042,5.994547
15793708,5.1857767
14336061,4.31036
15343420,5.0041027
8446914,4.2007294
5995416,4.0430865
458046,4.314628
14190524,3.5963674
15603347,5.096415
19734162,5.540244
14717119,4.8896866
14223920,5.1384225
6487660,6.292248
982276,5.3748746
2365726,5.569618
17747697,4.930905
16417593,4.37377
3749971,4.3632274
11585687,4.676369
11817975,5.4143257
21154164,4.2781653
16515340,4.3208275
18942735,5.214243
8326500,4.4486246
16050862,5.6863914
14969237,4.3762984
7727070,5.0345464
13902602,5.567291
41399,4.2748213
6045552,5.40183
18022456,5.1154737
4288361,4.8873453
3771687,5.003608
3032355,3.9945385
17764327,3.9382546
19270209,5.1211143
15087740,4.1716113
17681551,4.7421565
13504225,4.3931456
3635723,5.3330593
4529762,4.9771285
1364192,4.9122367
13978543,4.6503086
3812865,4.266015
20409370,5.547627
10051649,5.285679
11528550,5.0803347
14323505,4.56174
10001022,5.340124
16256170,4.6993475
18502823,4.6498327
44229,4.1947317
17071836,4.373386
3630011,5.274249
1551044,6.3541217
13387556,4.07228
4041351,4.423741
1499843,5.063276
16260159,4.2969975
13815237,4.9631386
15940241,4.9101243
20720916,5.2042584
900456,4.463633
12749596,4.545163
14815230,5.372693
12384924,5.2236032
17929451,4.6288495
1841356,3.8644674
1297644,6.0700397
10035023,4.8539624
183859,5.8704295
15913550,4.620467
17422735,4.0484633
20076523,4.4141293
8171013,4.034534
15342385,5.2698574
18568023,4.222747
3884105,5.567943
3081560,5.5441904
20671819,5.4007907
12672097,5.588705
13450500,4.8436894
15734872,5.068122
15006609,5.364633
2876014,4.243518
16638682,5.353966
10194572,4.867751
6862594,4.9852
3231803,4.3455195
20224058,3.9901137
12326470,5.4555345
5651414,5.0879135
5805319,4.4929767
18375219,6.1145277
18239401,5.038533
19883215,5.8638744
6677646,4.7112274
7345170,4.198399
19103830,4.7562227
19891590,5.1194234
19466277,4.9145036
15857972,4.2716556
11819334,5.1693645
13632841,4.513002
13548848,4.701723
15498564,5.174704
16740536,5.237403
12418668,4.856027
18324607,4.531029
3517289,4.4431615
15832351,4.4672256
13032846,4.4038734
14805637,4.979505
19224852,4.7069316
12494576,4.3070936
17927389,4.4839826
1693524,4.396321
16413243,4.7541814
15008493,5.505664
17767757,4.2721553
12113989,4.759719
6898039,4.4663844
207250,5.045131
14168664,5.3069077
9788738,5.0360413
6642680,5.167223
7911161,5.5515614
4447990,3.457097
763569,5.002928
11047622,5.09415
7651189,4.5567784
16765291,5.293813
14486682,4.6423683
8794908,4.437322
2551952,4.0998135
573701,4.5119257
20067870,4.345098
12274644,4.3941793
8072314,4.2484903
18622462,5.0642834
1371310,4.5861225
6938818,5.5328727
16442460,4.9663672
2250130,4.5054474
16478955,4.022847
6716199,4.2934694
15392180,5.0205417
20567217,4.272071
1851767,5.175567
10920624,5.0310464
10455934,4.1684246
13028002,6.3083663
9981578,5.1619444
11039706,4.498142
1347204,4.365475
7203642,5.3617797
8862058,5.54607
3153603,5.0557594
16352847,5.192019
193393,4.367096
18018755,4.636755
20788168,4.743945
15819031,4.0825167
18527258,4.1194906
13466505,4.331972
15452543,4.9871616
7973885,4.7627344
9199346,4.540703
17175597,3.857448
20568215,4.640062
18022807,6.014701
5395031,4.3345633
3167626,4.083706
11730504,4.7665305
10770836,4.7922196
5946583,5.378703
6166826,4.3253837
8953744,4.5690846
7054267,6.4591713
19438842,4.8534164
2432788,5.7088118
12340135,4.1791086
4729927,5.2914915
11734816,4.971267
5709013,4.117089
16646297,5.0093307
9119015,4.1114697
7247763,4.536497
19602101,4.9274015
8914789,4.5708046
7281613,4.219681
7961104,5.671296
1365028,4.8296494
6793945,4.331141
3318240,4.558572
5269442,4.159196
1446428,5.1903124
9629425,4.2688913
19767282,5.2082067
7591467,4.4391093
4967549,4.953119
10270377,4.818956
4701058,5.1823926
18111901,5.697809
9280917,5.089438
16963514,4.301456
6119700,4.2760515
18007668,4.6537137
17238535,4.7247324
8760046,5.322825
9461238,4.310983
7749568,5.0615125
7010001,4.1576047
3278758,4.3742332
9524928,4.442863
17824338,5.2946453
7495711,4.8871264
20619757,5.037124
15181459,5.1142735
17112975,4.141458
14422390,4.03712
9138319,4.293093
11337445,4.605928
6504159,4.2897396
17483642,4.204596
19905170,4.42666
11774112,4.9199734
4495026,5.438055
17173015,4.9881654
5735341,4.479335
15216224,4.388376
16249009,4.6063275
4951402,4.632578
11888603,5.090133
4623011,5.300865
14344427,4.3583336
14887262,4.292193
15059051,6.0787373
6244773,4.1841216
16508474,5.400333
4054332,5.2968326
1709089,6.401168
16231631,4.5646396
9302921,5.2154574
15486635,4.3524003
7228772,5.019738
10804476,4.867794
12092403,4.969897
19815527,4.9553924
19431197,4.463594
15599248,4.086301
13589,4.1806045
2082694,4.9563103
14184061,6.1218853
10593704,5.219847
5771211,4.123787
14919110,4.0097666
17903300,5.104659
7900575,5.085214
12536976,4.7193217
7775431,4.217345
11852437,4.2576327
11261700,3.8086283
10960652,5.166432
13245721,4.6084366
818518,4.832553
393875,4.535671
13916100,3.9903996
14979266,5.218385
20860793,4.3519745
10596447,4.6915793
7025189,4.884331
535641,5.1819515
5958680,4.098208
20282481,5.2026525
6074078,4.9057865
12138787,4.3345647
18441094,4.7641354
20326257,5.0744834
6931714,5.673965
14872587,5.1298513
9331413,4.2540493
149210,4.6080537
12346559,5.0764465
16434642,4.9434886
15758808,4.4245563
6847411,4.985631
17882017,4.5607634
14950688,4.444155
12871016,4.862747
9563487,4.5178504
5726250,4.3734527
14838379,5.2737412
13800443,5.6334386
4358619,5.653809
1506773,5.204568
2012494,5.742771
18178150,4.217356
195578,4.533015
5860276,5.505958
6278392,4.253499
9155475,3.9916599
11443623,4.556873
1346715,5.58761
10087811,5.3510423
19550846,5.368919
12446548,4.9917326
11317188,3.8531055
16425763,4.571288
1067251,4.315255
4030842,4.4028397
9866779,5.281537
7601632,5.127371
20378843,4.2486978
2958366,5.532505
3084267,5.249524
15532799,6.5105124
945426,5.0376506
15928157,4.3276033
16396169,5.178357
9189063,4.0693884
14549868,4.8429284
13752871,4.4239407
7019788,4.603787
17764691,4.1910677
13598801,4.82134
11205769,4.7240057
15265988,5.005039
12422277,4.8139215
16266043,4.3988514
15929281,4.2126093
6225501,4.022629
7968806,5.3106174
934609,4.3322887
14839995,4.3514986
13625891,5.064318
19982721,5.5828333
4744115,4.7343965
8440699,4.386275
9515597,4.913007
13734035,4.6494017
20026248,5.886699
346805,4.402873
17451486,4.913588
20245126,5.850571
6704276,5.490375
1030265,4.9119787
13443722,4.0706763
11659296,5.7534757
5192414,4.3734794
3250685,3.7433782
6071405,4.581385
14054966,4.4158597
9032140,5.264646
924736,5.9141393
5567278,4.392634
13497881,4.8081155
6881600,4.6761007
15067484,5.53894
18550947,4.455337
7777537,4.7764897
2211028,5.647578
15774003,5.0718255
8807089,5.0432386
4387183,4.621823
20679744,4.4077125
13741654,4.9542985
20725595,6.031083
8275455,4.555502
12955454,4.8803787
19507918,4.448055
15423732,5.5049343
7933896,4.3420434
11421292,4.942238
17771656,6.009554
15820365,4.97083
4400008,4.7002783
17625226,4.7092834
898068,4.713697
1273533,5.988908
9513152,3.96094
7226513,5.177864
19909756,4.0680904
9845352,5.0562563
12311236,4.9374366
841234,4.439917
8688748,5.2239175
9509369,4.83675
16702915,5.546321
6004200,5.246132
11059197,5.4275403
19654433,4.4891644
13377231,5.0681853
12885888,6.13758
14386978,5.1596026
13481935,5.410784
5117701,4.9030123
15596610,5.107508
3656971,5.1415677
12497438,4.451033
14686119,4.516671
15043768,4.318566
10339057,4.662579
6559730,4.245853
1212897,5.033275
14010951,4.9473443
9474607,4.4862943
7671112,4.225827
9340975,6.0789647
18691200,5.2732825
15481211,4.0181723
3694498,5.1836705
17223670,5.388607
18616208,5.5930085
4494338,5.1016474
13504999,4.899599
18461886,4.1770687
10733503,5.17644
5899598,5.5222836
4490826,5.802998
3318593,5.5980744
1039931,4.695444
13346110,4.2953625
95243,4.648242
593991,4.965513
9676065,4.1355004
7196412,4.526083
4567558,4.391271
4142125,5.210835
1616540,4.8937316
602888,4.8781657
15952947,5.0554824
13190103,4.8559227
5297292,4.918124
3380344,4.349221
371767,4.6354394
9363721,5.198735
15649021,4.4803863
13452474,4.5152225
1246711,5.6549587
8126890,4.355322
20386464,4.2139454
13360012,5.757501
11737510,4.886699
63003,4.2703657
19113883,4.1507015
16040153,5.359406
20150874,4.088222
20139611,4.494998
12956315,5.4075093
6185426,4.4663286
15804493,4.3440337
3558850,5.559603
19238409,4.2627015
13591025,4.489613
19334066,4.9056234
15377706,5.2110167
1426529,4.3749137
15663291,4.607693
16214045,4.4631515
15771398,4.7386475
1665638,4.3501964
1308927,5.5436773
356370,3.9189873
725255,4.479586
14185372,4.5561066
3886521,5.3448644
16689918,4.109552
21151013,3.8673098
16742323,4.327696
5526210,5.4725156
18706454,4.557192
17961134,5.8253555
16523033,5.134806
12899127,4.574927
5194984,4.9809313
6684189,4.5151806
15582339,5.4185023
14474140,4.229877
16256352,4.8729334
16220406,4.423465
9449718,4.611645
19915657,4.946309
9043726,4.459074
17895460,4.900154
17682843,4.9610147
13914468,4.3556976
15580808,4.5772796
6091808,3.9726236
18182282,4.111928
19473060,4.7785378
18314141,4.1054378
65408,4.30792
2808417,5.821921
18402568,4.2845006
18428588,4.0629597
17903384,5.0515175
12138634,4.6416144
8202578,4.3612986
15071108,3.790562
3794190,5.432103
7514978,4.5509586
17000016,4.5462193
16426559,5.618125
18429433,4.347299
16067657,4.5156603
14653743,5.0595675
18237513,4.9909673
14164359,4.066863
19777168,4.4377894
193853,4.1872473
6025389,5.0341234
5969842,4.3834376
9473837,5.1148233
14805196,4.0608344
21091336,4.921428
14826630,6.0004983
2441418,4.561077
7361438,5.0804873
1090545,4.118215
17796760,5.493128
11927008,4.6737843
1391215,4.8632865
17765242,5.0121903
16543246,4.278872
11153954,4.283467
20234853,5.4303217
9767864,4.598677
11496612,4.4103923
2598026,4.3589315
9405466,4.3622403
6395433,3.7881722
19946213,4.2095976
12069600,4.790515
17547338,4.0898676
11812196,3.6011121
6384622,4.307296
16186033,3.899959
10965768,4.229617
19120941,4.968541
15301587,4.588957
14185264,5.1169453
11881882,4.895194
17479949,4.648805
17942767,4.3460107
19360685,4.35073
17947340,4.381919
16685411,4.5614758
1630572,5.057283
22453,4.828343
20558064,4.977123
1971540,5.4998484
20269435,4.456874
12762416,5.1879706
16643990,4.3469105
15397120,4.691458
16408202,5.6831007
19873282,5.453852
8409178,4.39103
5710107,6.1148744
8902304,4.105172
4403159,4.4957175
7633507,5.332958
1759389,5.4060345
8269421,4.223106
12683014,4.952129
2137113,5.700366
14784440,4.4368815
19946195,4.569195
16396640,5.213881
13401235,4.1132183
12951444,4.3186297
7146997,4.3451777
8865315,4.064081
11461920,5.058472
5192165,4.5159826
1961361,5.3465495
2529318,4.3453293
17345671,4.4747047
2203450,4.8785253
16512828,4.331114
1033754,4.404352
2266010,5.4552865
13955165,5.172657
14981522,4.9381166
15980213,5.417245
18411446,5.606045
13076718,5.607547
17690331,4.9531627
7265118,4.0934687
17574138,5.6065373
21055294,5.180878
39059,5.450116
3421168,5.091719
14538600,5.043494
12156007,4.968537
5559015,4.1695023
8588621,4.215116
8068609,5.3873296
5194724,4.9594936
20197869,5.314564
40138,4.4885983
18615898,4.2482038
18077069,4.8997893
4455094,5.1099625
8772093,6.163027
18340679,4.0675626
19735537,4.88662
7563445,4.209274
4363132,5.800946
6070550,4.2258463
7715747,4.412953
9806843,5.397118
9607093,5.509809
18342603,4.3209786
16780183,6.259355
21148259,5.3199687
7399972,4.5996795
8201902,4.0947237
9921802,4.9049606
12737896,5.7518106
20788590,4.2803617
3758686,4.681719
1198536,4.9695096
16415673,5.139099
13168270,4.8899245
17509140,4.703638
19361346,5.5110793
18344553,4.3445
11218995,4.04142
16416210,4.943504
7808601,4.9242764
14768793,5.023945
3442098,4.966858
14884702,4.8077097
9387676,4.392429
7021851,5.160188
7397916,4.093582
4704514,5.243766
4278720,5.1935215
707443,4.5622344
15271428,4.8729997
4227479,4.8862534
21188095,4.3464484
16272848,4.6096053
4068953,3.8611147
17909001,4.20231
20269422,4.665653
20857329,4.4282403
13085694,5.180436
914325,4.943986
20917894,5.4267626
20491184,4.465905
553872,4.078174
9110796,4.7514353
13430730,4.82293
18360567,4.990455
19809264,4.6021657
17346379,4.0847087
14284554,3.910256
1489175,5.205748
982395,4.973357
16275525,4.7180185
20872076,3.030163
147474,4.455572
12974200,4.741094
4246324,5.6936216
11950735,4.789573
17904544,4.155152
1295083,5.003179
17286950,4.2133904
6199255,4.9200854
5469403,4.881647
14054177,4.889068
13674816,5.6121726
3534379,3.5688193
1868513,5.793409
20750730,5.0552006
21122043,4.37424
18155852,4.4480166
6973744,4.9554496
9332830,4.5721354
16543492,4.1710353
20481541,4.909716
16243222,4.447948
13417302,5.844351
15423388,4.5296087
17681652,4.9208302
15989064,5.3054204
19737981,4.9158955
19227365,5.220994
1226596,4.4549704
126443,5.0516076
6692642,4.316092
1768298,4.3597155
14250826,5.4120297
3303004,5.4106836
14761517,5.527015
8052243,5.0457263
21108505,5.586484
7395368,4.3818655
14151414,4.9526415
16067999,4.653348
12046665,4.213502
782126,5.128018
4799785,4.705108
19071291,6.401278
16336709,4.455099
1297940,5.5109653
4935544,4.9207563
2537740,4.265346
2518907,4.3568645
16466720,4.167381
1303261,4.7827663
12720048,4.4890246
16739659,4.6553802
7987167,4.818024
2557018,4.682869
4227273,4.3321276
18584815,4.8688493
21077407,5.031909
4342304,4.0990567
19671104,4.4283133
16274148,5.454984
10074308,4.4914823
5296718,4.894032
10502452,5.3747487
17776058,4.8800716
15927523,4.9117723
17532796,4.7807093
14783949,4.503236
4574224,4.1051826
15149053,4.7026453
6936417,4.206585
17542011,4.4282036
4729888,4.7739134
4016385,4.16883
20599017,4.3607016
1641253,4.8431845
18527992,4.8585014
20433367,4.8389716
19338355,5.238101
13396831,4.2966523
21009477,5.101057
18888793,3.953499
5557097,4.2487893
7367489,5.0564656
6713114,4.28182
3485081,5.0186706
7755144,4.634629
13745923,5.308216
18238240,5.679935
7937556,4.309567
7902219,4.3821673
13582811,4.6885896
8884275,6.527229
17513655,6.3844
4029464,5.475871
4033728,4.4919996
15964139,4.2968626
3758296,5.085828
19125378,4.669097
9078184,4.8175983
17528120,4.284093
4350464,4.1470475
13434856,5.256987
3687771,5.066695
6730582,4.4467816
5132940,4.620562
3130957,4.2143664
11461422,5.3128357
17922370,5.0938625
9919959,4.7824473
3181346,5.824068
16553448,4.107415
215560,4.375567
20285620,4.3780885
18357865,4.875226
14858885,4.3387957
1300859,4.6475105
1221511,5.48691
9425902,4.5331964
19244084,5.5206923
13361661,5.082852
2640467,5.974325
4469082,5.4837556
17095323,5.3668766
7096220,4.388561
5536512,5.1000237
14249249,5.3603153
12051116,4.432756
19701644,4.0824056
11582842,4.773569
11460993,5.5651484
18971467,5.894745
4233561,4.9447823
5279812,5.1045704
52517,4.1238985
47794,4.9155574
13822228,4.2931137
14497153,4.119301
13884253,4.2229104
2019877,4.329228
12870891,4.154769
4052930,4.611969
17679822,4.377673
15499457,4.2882085
19801154,5.5106306
15189425,4.522239
13495619,4.3080106
34178,4.1108313
4998054,5.748325
18673412,4.256284
15973942,4.2638164
18491910,4.43968
13044664,4.3529572
16121077,4.2580247
20811403,5.8897314
16161991,4.3900614
4163211,4.918723
2735657,5.906531
13061371,4.293891
9489316,4.166211
20788646,4.9714403
20835690,5.8765574
18994326,5.158085
14693893,5.9674816
12591975,5.2698236
5750317,4.0648727
7956484,4.976825
15132699,4.6380596
13698359,4.11402
9747059,3.9764304
5851481,4.528963
4593316,4.6306424
9788672,4.1738133
17585689,4.534356
6066713,5.8935843
16895588,3.996966
4469114,5.0317698
7514024,4.3671985
12890964,4.571713
6238700,5.3199425
20723274,4.3713446
13912630,4.87672
14073177,4.1912637
17989198,4.9006295
271128,5.545968
11623517,4.9663467
8257637,4.2762094
16788137,4.377811
8680648,4.0502076
12643899,4.765707
17409479,4.1573496
2560924,4.3029513
18577648,4.562221
15130681,5.365193
7526715,4.6636114
3804690,5.260501
13676547,4.2801104
13741819,5.7334
9596212,6.170013
10122309,4.7787023
13538174,5.084554
13885238,5.7306895
17892659,4.397774
62712,4.0239925
8534395,5.281735
3727560,4.6610217
14947497,5.00154
16970733,4.101066
19029969,4.7472115
19134814,4.3855076
17037199,4.895956
11987072,5.1874704
18061566,4.2020097
958288,4.1156635
3811926,5.0515685
597668,4.8175507
5470363,4.0369163
14484192,5.4706473
4573458,4.524816
1525137,4.4325213
6247330,5.107768
16822398,5.7980084
5619212,4.4011226
66740,4.954063
7308927,4.8696194
9231212,4.3722415
5082818,4.1914372
2074833,4.953846
13771172,4.2593637
10116081,4.355269
2144319,5.59267
15715485,4.2306514
3999628,4.243451
6572020,5.190462
7361457,4.468145
5193689,5.7835364
957002,5.3209486
17444964,4.3028703
20303867,5.3119173
7129972,4.9246664
17994055,3.972299
17211583,4.2764173
15111292,5.3035417
707658,5.0653872
6098975,4.3361907
5749181,4.062579
292047,4.7053876
1182372,4.2513766
18483473,5.1992965
4379307,4.288557
19226915,4.2675433
5422197,6.229164
19036532,5.2259765
8323683,4.499955
17497608,4.127752
12792631,5.1326246
14014127,4.3152504
15462208,5.444491
3363364,4.918836
16357148,3.913872
20397022,5.176783
20185106,5.3918395
15805916,4.4658084
5196322,4.9525704
17702222,5.238853
20996070,6.2512207
1913884,5.711231
14812838,5.767788
7647998,4.8060503
18602201,4.2781043
18395931,4.9324903
17371032,5.378102
17860,5.9976006
10684506,4.4204335
15734774,4.494274
18004987,5.293902
13514298,4.8321643
16497096,4.4396453
17303477,4.8953342
16393298,3.9746633
17821234,5.246934
6103791,4.933177
181522,4.734775
2495047,4.740872
13660815,4.46973
5892733,4.999599
16806095,5.2992277
6716872,4.3403654
16273796,5.416286
10405694,4.4136424
9412913,4.404889
4579780,6.005813
11912865,4.8744855
13915340,5.135789
4956016,5.200341
12535687,4.124997
10299331,4.389858
4914460,3.910876
14162034,4.8930445
1179080,4.8199987
5040923,5.2618694
18808916,5.0979304
20660511,4.679555
3208747,5.162837
5736925,3.7801645
10701027,4.4010487
20147537,5.319933
8781629,4.493691
497264,4.3798494
13764162,6.056454
12473173,4.100462
17683242,4.6486125
10155003,5.006941
13450333,5.5070353
13369452,4.7461925
16164200,4.2543764
6326704,4.018993
20618037,5.017002
11102571,4.435777
20299199,4.232125
18060096,4.356094
10655259,6.025839
14485109,4.009047
13069989,5.0745
4547353,4.6775775
15772432,4.2569304
12611182,6.040076
1569823,5.374548
11494320,4.701479
389482,4.606394
12197932,5.497046
7860743,4.2454233
20553807,4.706086
6520190,5.0938168
13882858,4.227677
2080709,3.72972
15009875,5.0587425
10167371,4.331778
17448533,5.1058636
669842,5.029829
15249726,4.2065554
11552845,4.9660583
5506438,4.8817043
10312480,4.9026155
236226,4.9317775
542067,4.760509
4629981,4.5301433
8669406,5.744822
16756337,4.2095394
13031525,4.102037
12093704,4.7439256
13396450,4.7733607
12067200,4.371572
17777174,4.208458
12130236,4.36082
10985734,5.4593277
6384741,5.5515633
3310126,5.8692117
2872288,5.4486637
1909177,4.4083867
5856783,3.9532623
13048027,4.121496
13395595,4.516345
15325058,4.7322435
7914711,5.4884124
15078871,4.9716125
19311485,4.513055
14572699,4.8541427
1909933,4.7193975
19653917,4.388231
956313,4.4388585
5946840,5.6405573
6865222,4.7770705
52549,4.6744065
3380546,5.4006286
20255529,4.1043777
5683045,4.8677087
13959620,4.7978373
837045,5.1745133
14403547,4.2731266
8423666,5.21778
3800675,4.252933
1630073,4.2406707
13082605,4.55698
10703161,4.7707973
8301552,4.8595524
4461909,4.067532
14759973,4.92128
14220046,5.480236
17751338,4.096976
4978972,4.123978
2416016,4.8595924
18670410,6.2786617
11619278,5.373083
16216301,4.985417
14589774,4.9460397
5163125,5.3160043
580061,4.9796057
7659180,5.2783155
15910630,5.69434
17980815,5.0821447
3199703,4.4830027
17015819,4.354458
10614949,4.8958607
130665,4.6764636
13138261,4.7948
12230474,4.152113
7750435,3.779906
8421771,4.596082
6165516,5.0404134
12965883,5.2437057
8139311,4.4687963
8298186,4.6567616
9532435,5.2528563
16320197,4.230487
16376837,4.981165
12053427,4.2848887
3457722,4.5783644
7900722,5.020844
12681691,5.5985303
16601908,4.2019467
18802366,4.307882
16141427,5.192273
5659417,4.0881886
17450001,4.496037
15940642,4.400313
16369552,4.916444
4950638,4.151178
14556070,4.2638173
11254989,4.922195
9052018,5.0595517
12876170,5.4462247
15880475,5.262534
20459818,4.1726494
17640554,5.8478804
41609,4.1089315
15215720,4.701709
13728702,5.7631907
20815854,4.8651576
7672817,4.6937194
4352013,4.4437175
16744108,5.1152196
17234729,5.2634068
4639,4.4257455
15851308,4.1806035
3487768,4.915043
1468342,4.306381
14121045,4.1659803
2694647,4.1896725
3749631,5.846581
20956017,4.7068067
6278217,4.1130085
14332210,4.4375157
10728788,3.8660386
17404097,4.370308
19713115,4.303737
20979941,4.491866
13829927,5.0692377
14195878,3.9852374
13555468,5.343592
11627443,5.8058343
11851536,5.558064
6378495,4.2467175
10566628,4.9781566
13571116,5.4714236
8469363,4.5087876
13641112,4.9185824
20187779,5.516698
10088612,5.8842607
19291771,4.3544183
17049365,4.72078
1620039,4.366045
4729656,5.06879
3758587,4.457693
7808003,4.3922677
17880196,4.941254
20976275,4.5395465
4276508,4.5979342
13547301,4.2309666
10059646,4.7799044
1187671,4.4880686
18658186,5.0379257
18038438,4.377495
18669180,4.7652497
3553679,5.147622
9363284,4.4343843
7482970,4.6757264
18198955,4.1627913
363320,4.2203674
12583393,4.611219
6221367,5.3967514
1525823,4.6521616
15203608,3.5867836
17930965,5.200098
18493752,3.7779129
15370657,4.9770255
10137835,5.2581925
311240,4.608518
7054687,3.981579
7745691,4.5414257
20820229,4.776474
16166003,4.2642517
15056254,4.4335823
14473750,4.351384
3545207,5.2427607
12706575,6.2855134
15314886,4.822903
7369427,5.003594
13510678,5.2805653
3395238,5.1018343
13415850,4.2801957
15603371,4.4023457
6006021,4.785703
14142263,4.769276
11421711,5.5461044
13312359,4.5691137
7340055,4.2836227
4099994,4.2131057
13837100,4.3297095
18385472,4.1796637
10585707,4.5653815
15022194,4.808574
5158133,4.6926775
15148487,4.643874
1249349,5.0804086
12005195,5.156652
2135317,4.5571895
16299079,5.153449
12041223,4.8994365
18309683,4.8249865
4799839,4.9852962
6048583,5.859652
13418404,5.3152723
8592757,4.972434
16437127,5.335853
13924243,5.09157
19621610,4.171051
9492893,6.0819454
17930188,4.304916
25354,5.0188375
5580872,4.385346
15771318,4.480289
16839733,6.055434
5681790,5.0440974
9995220,5.600159
13816082,4.183942
17423684,4.3950987
19562997,4.9795275
1454906,4.4421525
18433781,5.186246
9780406,6.2233124
4104344,5.072271
5412487,4.4620934
16914400,4.8587184
15484538,4.8221745
17832768,4.7806087
16276965,4.841369
790679,4.674188
15400940,5.735243
3664261,5.332139
20696488,4.8226438
13478984,4.2862086
17233781,4.5425396
15130334,4.320002
19098055,4.8049574
3672455,5.0200706
19503477,5.440346
10767934,4.478358
20785600,4.158338
15354388,4.1644683
13245086,5.1961985
3753360,4.325396
12522664,6.144718
20633075,4.2588315
599336,4.154492
911867,5.0167665
16423080,4.976993
7305605,4.8446994
16353465,4.0455422
19840462,4.8324075
16925647,5.8190145
10002640,4.923798
17590056,4.622595
16312981,4.896458
12419487,5.1933017
11131234,4.5351877
9425922,4.8586884
11866222,4.9526997
9165203,4.2200403
11756047,4.630551
15657331,5.0814815
10857330,5.529212
16426795,4.99133
71504,4.2042418
9220308,6.026236
5823337,6.2294183
4307812,4.1986666
11100541,4.945756
7297902,4.8950014
10769175,4.9849544
1236639,4.4862823
13415984,5.044773
12048,4.3499103
15123918,4.813694
3391743,4.7569585
15178955,5.1718426
11421259,4.5648212
11412104,4.807583
11602485,4.5439763
13564011,5.132244
13848002,5.020471
6462136,5.1233263
8162607,4.0128584
11963660,4.7376633
1802185,5.338406
19267482,4.850979
15665276,5.543467
18096626,5.380338
13556556,4.8260126
1894440,4.9176407
15131624,4.2270236
14631114,4.4259496
15232621,4.1744304
158913,4.7595377
15916518,4.884886
15144948,5.4906626
701461,4.49918
16777576,5.0124383
6835677,5.7391696
17111978,5.066798
6914846,5.166854
604913,5.123688
7665091,4.8064547
18837076,5.0103664
18068962,5.0844445
12287479,5.6372046
9822635,5.198667
6800071,4.967677
4232455,4.4053664
19958302,4.9163237
11759052,4.1212907
11068163,4.167121
13016230,5.2059865
18040418,6.287736
12273802,5.395658
8014087,4.9105086
7008783,4.1486487
3592456,4.931938
4907369,5.1911054
701090,4.9938927
1025173,5.1041894
16395200,4.8892326
13064443,4.074331
9019941,6.055107
4885975,4.599069
15831633,5.666632
7607736,4.8351436
18356153,3.882737
2509447,4.398793
20518729,5.172379
2563997,5.9295588
12057003,4.198574
20076850,4.717341
4841027,4.6640935
13354757,4.352923
12190524,4.9868593
8504263,4.705618
4503969,4.468339
15573251,3.81901
17281889,4.9853625
10628495,5.287759
2467457,6.736686
17682661,4.799832
18361110,4.3662295
15797715,5.003608
9362927,5.4288125
5593109,4.359229
15286148,4.317105
18506841,4.82066
15785305,4.3708825
12322839,5.6874175
6163821,4.512197
11821100,5.384484
7985537,3.321848
16738717,4.127388
8945485,3.9744468
17962472,5.60911
17405172,5.1277385
8035441,4.8603473
590903,4.766182
9809229,4.93896
11610085,4.370161
6506593,4.6476088
8936111,4.352458
11675279,5.1492004
565533,5.0549912
8769616,5.043261
20214413,3.6528919
18634028,4.913642
15926037,5.3356833
20887131,4.8198133
1165913,4.04516
8611602,4.7741942
7650438,4.9681683
13019333,5.2749267
9504318,5.094911
15802722,4.241559
17830206,4.8555307
10831199,5.4143844
68962,5.20456
2910103,5.600243
8969933,4.156009
805271,5.321797
14633914,5.249691
20070537,5.1551332
2554254,4.663039
1663673,5.227248
13937620,5.479474
313227,5.193991
17170970,4.3352613
4810324,4.0967402
20958399,5.785445
12272770,4.1466064
9908660,3.900965
15326552,5.6248565
2601183,5.0291286
1767569,4.3125176
7842116,6.026889
15112210,4.6611
8383374,4.357203
10878099,4.92942
16861339,4.740527
7549663,5.4014654
20213590,4.632635
8591918,5.195633
6798960,5.9358263
17995347,4.231317
17545577,4.5399804
3185840,5.0597034
17424708,4.3016376
14318972,4.832117
4511780,5.460397
20831343,4.25536
13643203,4.4795804
16395809,5.0737114
13894339,4.2945485
9411094,3.6674645
15421930,5.2314334
8956377,5.413915
15294943,4.830401
14737992,4.3321075
17007439,4.9199424
1645763,4.628293
15717305,4.5868216
11605621,4.4722066
14574194,4.4700947
16886326,4.7754517
10709846,4.461224
14276843,3.8473248
16451133,5.56395
9470528,4.9578943
16244096,3.973185
15250435,5.475549
8369758,4.8404346
18474279,5.4044065
19433834,4.9860477
9270122,4.63003
13543285,4.8194404
13016698,4.0474133
20504269,4.6635275
20588924,5.1658764
2523657,4.291449
3171880,4.607391
5978651,5.079766
1960358,4.3497887
18111425,4.843256
13951405,4.850383
7785655,4.3840704
15925524,4.741807
16449169,5.1136613
7998278,4.553113
10836662,4.194288
15634100,4.3048315
4737930,4.8193746
498052,5.0518036
3600961,5.7611494
4519780,4.102817
9737406,5.4202585
4606675,5.201673
12430186,4.4249463
11416924,5.5428486
7244031,4.9267917
15970725,5.459692
16635720,4.353474
16038784,5.0541453
16172498,5.380395
14263593,4.3528624
7345868,4.520659
16687618,4.085976
18374915,5.8730555
11169309,4.9028525
17867292,4.836686
6196265,4.2362266
9970036,5.073521
15898303,5.3212757
8567935,4.1897144
16944898,4.3055687
17976962,5.260746
918738,4.9608507
826314,5.430708
15972825,4.705317
17812587,5.3324604
9028989,4.4102883
19721908,4.2265444
18005985,4.7888083
20711743,5.137132
5562394,5.1436114
18614946,5.4119797
21011223,6.772083
15827538,4.0232134
4509145,4.9914207
6467681,5.693089
13262184,4.214838
13396077,5.470883
19084768,4.1228914
14321894,3.7650962
18445091,4.4797754
11207956,4.053747
9938546,4.5659747
17177476,4.168282
19403522,4.41313
18628459,4.519126
3231636,4.423833
4977140,5.0865765
3454411,4.3427706
5509147,3.896041
6157102,4.2219663
19404355,6.06542
13788606,4.1689043
18687343,3.9101615
14402220,4.518579
2810864,4.6099916
12327123,4.3262362
13310082,4.255507
19729892,5.1934047
456280,4.4383736
13289643,5.0473857
4282178,5.06822
9279809,4.1384926
16673640,4.8848724
19467086,5.2146606
145188,4.392344
14351599,5.415828
2397013,5.5516706
14824958,4.470874
12495612,4.2366385
3892700,4.4249153
16751447,5.6807027
18408224,4.6409807
1333047,5.763495
17314294,4.290516
10104806,5.7424417
6549259,4.628463
18361790,5.4983563
9320942,5.364335
6066455,4.285736
14950622,3.762778
3469023,5.0709567
4411942,4.208325
13287347,5.0838203
10811681,5.3642383
9654190,4.9097376
14655650,3.7833636
16601354,5.0905414
8067561,4.902695
21106002,5.0547695
15656259,5.1068993
2404,5.407838
4885710,4.5555954
3282179,4.3462753
12367665,5.161324
19730080,5.46871
1956788,4.3396015
4082749,4.9277673
13788737,4.409068
16155625,5.0800776
10997634,4.481376
7619039,4.1402826
16720768,5.00811
1309326,6.567752
19472085,4.798208
14330755,4.483607
16071921,4.5829387
15411314,4.6431193
5293662,4.745426
7712094,4.3601027
8079894,4.145461
20164612,5.9349
16390341,4.844906
8550041,5.71072
17410346,4.267456
10034284,4.358369
9304814,4.310074
12186431,4.899123
5414714,4.718056
20148331,4.8737135
9073600,3.8022003
15188712,6.1687555
15299001,4.0227747
20928896,4.9908104
10164970,5.160339
7841464,4.4057546
12256804,4.818816
815639,4.2606926
4866756,5.0790114
16635517,4.4410152
18463869,4.369536
13799109,5.5140405
14981846,4.469535
3715638,4.9258323
17906955,4.3071675
14167392,5.158085
15833186,4.9828463
17995556,5.9187694
15237133,5.0214477
13491503,4.6897373
14922855,5.089763
8254633,5.1173816
2665701,4.743208
18776925,6.6729054
13434030,4.353926
9824,4.3307137
13510154,4.1391
19339594,4.0195866
20333369,5.285693
199195,4.1382813
172822,4.846609
10799134,5.7442923
3924820,5.4429793
19181924,4.00592
18258645,4.031316
7438473,5.502199
15482893,4.5775256
7807724,5.644537
17946171,5.2017126
14088715,4.2506337
14176274,5.826815
11774278,4.0370283
7897777,4.3920016
5059871,4.536886
6029214,5.4662075
18159917,4.9022126
7461091,5.192586
8746,4.7241473
16620017,4.923945
2155128,4.5769615
927597,4.4650016
16830582,4.2185106
14695050,4.7026644
14628935,4.5697503
20516623,4.650013
3144586,3.7178724
10390452,3.7953565
3667492,4.5942655
9416241,4.693552
1665575,4.4999404
12290780,4.787904
16409634,4.7803273
1183261,5.4964986
727866,5.1485624
15295068,4.8845263
8107424,4.1469655
10790350,4.798446
14352011,3.7899334
18009748,5.16022
20152689,4.616097
18248683,5.161122
7635699,5.297925
14810776,5.1433563
1356151,4.854199
13921971,4.966374
2644606,5.119876
4066462,3.6350322
423154,4.9102125
6930780,4.2499027
4059459,4.045531
20817430,4.786613
15360568,4.915071
14404976,4.2194614
3742189,4.4924355
11695544,4.575485
16302633,4.1180325
19272999,4.5447516
20208589,5.1320715
9259254,4.3404016
1252489,4.1581144
13346811,5.1146507
1355654,5.0124803
15646480,4.2078805
20257297,4.950168
6014926,4.1844788
8114376,4.2975774
20998585,5.2480574
8540781,4.0247436
19760163,5.4874825
8581931,5.552224
17108063,4.8016915
16534993,4.115648
9495424,5.105083
7602989,4.7433953
1633881,4.1636534
416075,5.2578416
7680750,4.681098
13585598,5.7934513
1970257,5.288099
18344293,3.989987
12868555,4.3203516
13520946,4.6429095
2101654,5.1837935
8190920,4.534008
18852245,4.159986
229668,4.549176
14167668,5.8087773
1210239,5.5762525
9445757,5.8061457
14023343,6.172377
8500048,6.1327453
3352998,4.687656
6257586,4.3012624
2314228,5.0622954
14537213,4.7495503
15773388,4.953018
7307359,4.3298965
14482103,4.3281536
4129711,4.4309
16739082,4.335144
20303322,4.0948887
2192222,5.1773367
11799685,5.3168507
16570848,4.564311
17191239,5.4330897
16087084,4.0592055
4003436,4.0582256
12913584,5.078192
7633541,5.5147963
16895891,5.076412
9463603,4.9331613
18213425,4.1109486
13863536,4.628733
15806890,4.6729913
13436510,4.78956
1182844,5.1513295
613982,5.376005
17534248,6.029523
2259635,5.4118257
20679134,4.1098022
16221602,4.358544
713877,5.866264
16204969,4.3291254
6731982,4.130118
10043153,4.9562674
15435900,4.677795
18507841,4.372069
7711514,5.2162237
15786177,5.655575
8012844,4.049643
4927853,4.9004493
10455415,5.1890564
21099028,4.611911
14616148,4.7742405
6053700,5.897548
17137388,3.7090142
8342955,4.4543967
14492080,5.203776
1214414,6.407115
10636394,5.2182174
17760993,4.944521
9391829,5.163169
9415426,4.127828
15218913,5.159159
13428478,5.1564236
4746568,4.6987357
18124999,5.0387206
16725174,5.0083404
19848348,4.9347157
12970643,5.6708217
10487548,4.964268
1645772,4.2860966
3513662,4.0491743
3421020,4.6226997
13621128,4.3575897
19055440,4.321252
16177518,5.0988274
9920626,4.395539
359982,5.01418
10812780,4.5787525
8034435,5.119312
9919053,5.4183917
11674081,4.8750334
12388527,5.799492
10684280,5.5229764
8953380,4.1084285
7678127,5.1456957
13252240,6.1891427
18574459,6.3294673
2855220,5.028488
18408098,4.85008
313318,4.2079244
17669930,4.8583913
20394146,4.977816
13798921,5.0502777
17706230,4.233244
14665927,6.05494
1724670,4.975852
20044802,5.1725397
7823474,4.45295
17995629,5.2464056
3851013,4.84801
9716165,3.5687802
5707272,4.421624
9942544,4.223685
13165500,4.3744164
8052910,5.859138
7726082,6.176628
15956773,5.6783605
16497190,5.6863914
6699549,3.962602
16256385,5.029172
33081,5.0650163
217660,4.67659
1827653,3.8353095
20618578,4.8881826
14254258,4.8231754
6583449,5.7403097
1914363,5.7549415
2959323,4.726235
11787290,5.877115
9590030,4.4721894
10335866,4.6293497
9403751,5.0110593
20199218,5.8413796
15657946,4.0399666
1240859,4.0769663
3497765,6.2463136
16214864,4.569047
3303522,4.3300376
10616330,4.6283603
17499948,4.9132466
13100148,4.24854
2530145,4.737176
1162078,5.053373
5550248,4.1949625
6597854,4.2704616
13392973,5.776754
13556607,5.217328
4269685,4.575551
14135993,5.058485
5363601,5.569065
525388,4.3107233
9180821,5.2142057
3376567,4.249092
17994725,5.2761016
20022518,4.9232707
13975376,4.880827
19475504,5.18584
16634804,5.4250507
11681925,6.3372993
9282029,4.287531
13675092,5.9045725
5807685,5.7854543
3567754,5.986487
1736456,4.6192694
3615085,5.6688814
6703815,4.719654
843011,4.621004
9133502,4.2817507
20452026,6.1418033
829140,5.0063257
11947150,5.1599784
6415174,4.888485
8182647,3.8841746
12834989,4.4167476
18209504,4.2940598
12523833,5.280709
20852579,5.196993
13876215,4.5564885
6304928,4.832152
18057965,4.736645
5082182,3.759212
19014069,4.7114773
13076,4.5223255
13625911,3.7150915
242661,5.7300014
20790373,5.239232
7859868,5.401325
19502079,4.8176417
5856685,4.126113
7007801,5.777702
17604000,4.4437413
15217781,4.120803
11570849,5.430848
16631970,5.3633466
9267965,4.1870174
3846873,5.645479
13496609,4.433786
7285361,4.195431
18179857,4.4981956
14263693,4.8404355
18283367,5.328316
14280327,5.0910926
9864121,5.0118012
10856975,4.25225
7845607,4.1488905
155158,5.220173
13170049,5.093099
19701412,5.5471563
12202027,4.458189
11677489,5.565612
13467337,4.1283503
19274737,5.444524
6499228,4.2185154
11210446,4.0658875
13056821,4.321317
2707824,5.6127567
1364584,4.972767
11699080,5.013528
16725242,4.0825067
8825927,4.607689
20696291,4.279598
13060457,4.89577
19767450,4.333592
9237379,4.971785
2054899,5.265034
15115673,4.4402657
18466286,4.300154
14122467,5.318798
21024236,6.0915465
3041785,5.0501275
11225822,5.0103216
14010903,4.47352
7968749,4.8837094
17636599,5.3887825
2124764,6.30409
10073995,5.079933
11624694,5.088135
19182444,4.490872
16531856,3.6320295
450939,5.0562453
4526608,3.6957603
18550572,4.648177
17174096,5.223816
9510668,3.9776795
13077093,4.814544
19057791,4.954571
18023213,4.1102576
18486977,4.7136755
5145487,4.304323
11253959,5.0630813
748656,4.7729406
17527893,4.208126
6823057,6.116873
10188546,5.0549164
16276850,4.0053596
11556000,5.0396156
16126165,4.6358666
10459429,5.109406
20794951,4.308415
11104223,5.264448
14090596,4.4261756
17955584,3.9718955
10812992,4.6152563
15980261,4.2376103
15328271,4.8315525
11733833,4.3561563
15943554,4.9745984
1267945,5.0834513
14340142,4.980937
10409794,4.8265467
10760,4.8861465
12281070,5.009801
8614862,5.547745
10598914,4.596281
17143206,5.153568
18287688,4.071663
18970307,5.1708226
1271057,5.270256
7744946,4.6630516
19367736,5.5516453
114969,4.601665
1235759,4.9961524
6529802,5.1373167
2112142,5.4138417
19275342,5.4094543
16771625,4.1591654
7881928,4.6695614
14606167,4.1912766
6499322,5.232982
6881003,4.516335
17206399,5.5761895
5284341,4.3141613
3182438,4.742947
8439920,4.770628
348329,4.4059215
19874260,3.8732975
16443243,4.2979574
17764129,5.097147
16270213,4.246132
7349969,4.9260707
11924694,5.724305
12729747,4.8972683
2893111,5.967145
20760391,6.248205
8110973,4.2716637
20989354,5.893489
14444373,4.6165934
8550749,5.1991816
2294663,5.5990143
18793325,5.0979657
17556152,4.8423314
13789876,4.886411
13841569,5.0334625
18672833,4.4837046
17807273,5.097336
16915116,4.934398
13333733,5.326489
8702166,4.9794655
13399051,4.9545493
15132783,4.2102437
11912575,5.197726
9977949,4.726533
13707814,5.0504665
11304011,4.7756495
2116940,5.1016073
4625176,4.1895843
13616940,6.647461
12489909,5.20324
17436891,4.92036
10338770,4.728782
2102822,3.8376591
19290380,4.3665805
8723544,5.222328
7037999,4.7040906
11533310,5.60717
6783841,5.1438627
13430303,5.0166044
15846562,4.8603935
19933015,5.0792356
3281660,5.3557053
18857875,5.1267643
12054516,4.4044952
9748012,4.2446375
8421131,5.1785116
11452070,4.4245143
454763,4.3018823
10036741,5.0527706
1637103,4.675017
12924115,5.7471147
13658054,4.6632304
9751394,4.33427
16215239,5.030191
14787084,4.622047
6824295,5.3295627
6150778,5.0318
10450497,3.8439806
18411294,4.377318
17684198,4.8581223
1844254,5.163976
7879708,4.465624
9955886,5.402349
1147814,4.449297
19750009,5.188495
19422062,4.7644076
12505522,4.0172176
4738814,4.2775908
4607027,4.6323943
5726869,3.9540908
14418787,4.40273
14102918,4.5058084
4550611,3.9720016
11439846,4.64449
11421305,4.88271
18460383,4.3311596
18093265,5.389252
17929278,4.5700555
12472617,5.512837
10516712,5.1415267
11949176,4.470915
3957762,4.4785995
2954785,4.031956
17343258,4.418962
5975371,4.9518223
1365140,4.0725145
16491080,4.5236616
17806044,4.94863
16187926,5.0214562
16189748,4.2866144
17797767,5.3072844
18350616,4.963502
18595831,5.885215
20170814,5.255786
10456118,4.7345076
14852542,4.289903
3761182,4.3917346
1268744,4.4821873
16391850,4.2274365
376534,4.280795
12168412,4.45736
8971863,5.3190517
6939597,4.71861
1221637,5.6227746
17251889,4.4451704
16350431,4.553081
10631201,6.0293455
17026435,4.1319094
13573828,4.385698
3751157,5.0641026
786670,5.6104136
10455342,4.476467
1844088,4.59246
16767348,5.2677546
16767160,4.1287103
18491567,4.7252674
16546691,4.204044
19951265,5.069072
9826167,4.2788353
9863241,4.920577
7621382,4.637584
8704266,3.9338136
18875451,4.967246
5560024,5.4878693
7321521,4.28418
16474211,5.65849
16204569,5.322838
13657890,4.7115707
11507631,5.157148
17107031,4.2972746
13811872,4.372391
2603870,4.45851
17944368,5.575196
15410232,3.838799
18041799,6.157418
7582553,4.9914637
7494909,5.040516
14827752,5.0152617
10833918,5.374964
8190190,4.618167
8918615,4.434687
11377380,4.2729597
15356673,4.6270056
4525308,5.2305565
707205,4.2688117
594387,5.165958
10004575,5.288962
2138148,5.895302
9349221,4.20011
8552070,4.2896943
4082155,5.317193
17923165,5.1891403
17031434,4.460794
14297963,4.1840415
9736338,4.396624
900437,4.3292747
14162469,4.2718816
20515485,5.000124
11044110,4.6989727
19592427,5.836852
198119,4.041109
4275729,5.579354
13769730,4.4463525
8053016,4.352675
6226658,4.569925
2254541,4.8457794
7804947,4.852551
16204549,4.0884514
20283735,4.209346
6600699,4.672321
17996797,4.4140835
14315662,4.9537964
17793444,5.3144855
9593141,4.8622227
7952963,4.3648305
11334624,4.990248
18416151,5.683113
17346704,4.7043324
10851350,4.8364615
16381746,4.741425
2800717,4.26457
16215481,5.4920735
11742699,4.253835
17622093,4.998729
13206046,4.263921
16941879,5.138569
8523877,4.234889
115242,4.6874366
18257088,4.378271
20359268,4.9587955
13642700,4.806192
18649806,4.6545234
2227111,4.91169
9710037,3.6747918
8520295,3.9137907
18908676,4.140102
11659714,4.993388
20934056,6.4374876
15649739,5.6289907
2591650,5.2909193
2946998,5.018357
6400575,4.52298
17906028,4.2724767
2338361,4.455531
12388682,4.3882556
154934,4.8894033
5174821,5.5422497
11337381,4.295359
15524502,3.956039
10335191,4.4822345
2645881,4.328271
14949650,5.298884
10070145,4.021762
7381657,5.1780334
8368928,5.0927215
17281639,4.558554
10786240,4.9308953
17125045,5.906598
9776713,4.417348
1618880,5.279294
15611576,4.118414
14078966,4.4268527
13048493,4.035062
12627102,4.5845666
12430126,4.799626
7749690,4.401759
1416889,4.5847454
18314058,5.4643874
98065,5.713499
17183532,4.2176394
18754907,4.58751
8195580,5.0753202
13901170,5.603249
1871261,4.0260277
16053429,4.6609197
5142888,4.966633
7777276,4.511623
14040282,4.841256
9127871,4.4645815
2906774,4.103025
20723964,4.0500455
7600001,5.7251263
15361430,5.869491
12360520,5.2792044
12094488,3.9306297
3345588,6.4150753
17175739,4.444064
2526782,4.669683
20015668,5.3612638
13580023,4.5291343
3810278,4.4806705
8782401,5.0653434
17730964,4.2592826
18233950,4.67645
19385872,4.80259
7822344,4.4502206
1535272,4.7393646
10174146,5.8935633
15399512,5.4906635
16710495,4.308984
18577490,5.4189057
17975462,4.328481
19308998,5.3229637
20282044,5.223626
17189363,4.3007207
15530297,4.2519603
5672965,4.2071304
8224368,5.16732
2846822,4.7324166
16685374,4.580056
10435733,5.147746
18961388,4.8866496
6277470,5.0057826
3822053,4.8390307
16931053,4.817475
18009334,6.235723
18548006,5.0479355
17946084,5.001571
20218990,4.550949
15006822,4.1912146
6785030,4.506327
6559453,5.1876426
15915004,4.189163
19136267,4.3702097
7725825,4.754223
763956,3.8711872
1404538,4.285798
18584173,5.2692285
17545443,5.124442
9220035,5.9915113
10234090,6.1418304
9234415,4.4522014
5906888,4.122824
15019436,4.8342123
7786903,4.1170864
10150723,5.103552
2695745,4.972919
1633734,4.3368096
4216745,5.1829405
15229740,5.2204394
10791052,4.883699
11919616,4.356901
14745842,3.9907923
13125717,5.942774
16528901,4.482117
13136753,5.4118247
7661793,4.4123697
642537,4.434537
14111600,4.6578603
10403972,4.9828124
10130714,5.972592
15814333,5.1588078
8588357,5.1423783
6767047,4.9837394
6896339,4.328039
14787013,3.7526374
14269858,4.3956275
3906109,6.2548747
3383382,4.5212646
20286056,4.6172743
17422414,4.784379
17765395,5.83659
9586086,4.1688423
19604166,4.4422603
2299633,4.134279
2281954,5.141624
18872610,4.455244
193240,5.440009
17351599,4.242087
592883,4.924887
3957879,4.8163886
17904971,5.0800633
4778343,5.28289
18102011,4.961126
15302207,5.224266
9771911,4.9494042
6412917,4.329159
18491533,4.8728213
3279174,5.146658
19225774,4.3736134
9545947,4.688618
17117683,5.2795286
13467433,4.595354
10922350,4.2330117
7565120,4.595129
2471952,4.6660137
17209787,5.4297037
13868137,4.690958
796404,5.167422
10031436,5.039816
14151551,4.827608
13669721,4.341692
8241975,5.4229975
15377847,4.633082
13193500,4.540229
15926271,4.726283
15752270,4.586574
18070828,4.2492223
20566376,4.812427
11584490,5.050403
2645621,4.62605
19272185,6.0262375
7340318,5.7480445
18008477,4.4001765
6542723,5.2689095
6343532,5.032233
6456345,5.4007483
18566255,3.7122898
17046273,5.7198853
1976329,4.565232
18122161,5.492423
8569085,4.528963
14315012,5.07213
7149929,4.3680735
18577672,3.9885852
14112173,4.472748
4784037,4.3124895
19346178,5.013547
9664497,4.9369535
4384820,4.897789
19058675,5.256672
2144456,4.8902082
16260308,5.528682
2537383,3.9794607
17118178,4.9894953
19167933,5.196747
11654372,4.2865944
16547836,5.2432156
13524358,4.88992
10552057,4.4595933
18241963,4.7742443
16393395,4.350961
21063021,4.314648
4085609,4.876032
2621402,4.46271
16314928,5.2217216
19064240,4.3074675
18327939,5.1243553
19904656,5.3438506
15927397,4.404889
16494984,5.1513276
20729530,4.2147155
11062629,4.286394
13970722,4.9877825
17317366,5.2795286
16056780,5.9391575
3976558,3.9927
11669650,4.677572
13434804,4.8624063
427842,4.33494
3081771,4.4057913
18999378,4.371483
19779706,4.990927
7543381,5.0415354
11454147,4.163774
10947787,4.1963363
16570399,3.860259
18503701,4.6072307
7183249,5.8909116
13041999,4.356728
10035098,4.972941
18723095,5.0964007
7842671,4.810501
18929924,4.0802155
9846114,4.6974196
9547700,5.9061384
11070328,4.734091
1560615,4.442924
6545299,5.5046797
365469,4.3628573
11436683,5.2224336
13798676,4.122802
15923443,4.4945064
17045948,6.0095186
13348074,3.9941757
9965844,4.2014637
19674660,4.7669864
9993180,4.4375477
17750203,4.1458955
20887045,4.801349
14444988,4.6348977
1316439,5.2214503
13711853,5.136978
8571061,4.1625295
3333870,5.859748
16614517,4.0757113
17845213,5.1272154
1335510,6.0234523
18915737,5.5755424
676228,3.9683752
11676081,4.28721
18925063,5.1617317
14653150,5.541903
6832154,4.4624887
11089153,5.064087
7725829,5.008261
15198602,4.93976
8286580,4.3291907
8530029,4.347784
8028929,6.1874614
11893143,5.0336404
6390061,5.182568
3344546,5.3417573
7090646,4.7152557
7220216,3.8766172
17152720,4.4295573
20503522,4.1047688
14727221,5.1250687
19675743,4.0168486
3130715,4.2279544
12379704,4.3510127
1541071,4.913534
16671797,4.2744718
18348703,4.379585
14404240,4.222734
13192590,4.144695
103311,4.263732
6120099,5.0278654
4098793,4.2283053
13952871,5.670188
17142629,4.267709
8336265,5.022292
11144100,4.703721
9348787,4.2006946
13624713,4.6333
4766468,4.805317
2613882,5.234171
9489448,4.3592978
18599296,4.7393093
6145263,4.5232472
9841140,5.508384
14120360,4.663986
1080408,5.7388825
10059825,4.5181837
17380887,4.7768035
17864356,5.254452
9046490,5.490834
18309454,5.1066813
4661686,4.7657065
6092596,4.3639884
15675520,3.7668343
18077040,5.00745
14519882,3.9158962
16040406,4.7697096
6641519,4.8645897
7688956,5.081809
19894104,4.7934756
17683202,5.2842803
964871,5.7561893
13978463,4.2045436
17479792,4.028927
13045435,5.990927
2261953,4.919631
4766618,4.6876903
3106001,4.857514
7309368,4.766518
6786761,4.675645
9033309,5.0737767
17233611,4.5446258
11068506,4.2629743
10833655,5.434081
2587096,4.7458973
18291959,6.214393
19764336,4.6697702
951439,4.6451135
16405094,5.56288
14121595,5.3990912
10994530,4.0082793
21026534,5.3386307
20307020,5.0199304
18231903,5.3821626
7602161,5.3163114
15842436,4.773879
15969978,5.1216383
15986691,5.241592
16096687,4.8337665
9514721,4.6655455
4335812,4.5890846
17977958,4.6308618
295285,5.0028763
17809067,4.2629724
12410912,4.2425194
8144647,5.084961
20236141,4.6184287
6144351,4.445079
17093938,4.926425
16436800,5.0495887
1032943,5.2016335
2825810,4.2580285
11674758,5.528208
13300633,4.7202506
16208102,4.28195
14697852,5.114418
15797268,4.283997
4025236,5.5307307
12138042,3.8605888
13078388,4.1236534
9844482,5.924154
13673873,4.4543147
11641258,4.937102
12603912,4.5652404
14199259,4.3909674
12979965,5.0364876
18330343,5.0441155
15379201,4.2395253
8483653,5.0714397
17893477,3.7664998
19539587,5.41876
9007425,4.3462067
15370847,4.908724
17735156,5.1737294
15196634,4.469712
3323268,5.6989822
502429,4.1672115
20883263,4.228404
7292790,5.5672007
17474355,4.9554057
8904718,5.1820183
16809817,4.8890758
2550816,5.154455
8237206,4.2992744
16794070,4.990476
8106619,4.3022227
11497307,4.8669267
3283626,4.751758
7502419,4.543911
18766120,5.472665
3053356,4.1456265
6692213,4.2230325
14442491,4.0547943
9542254,5.885471
5406167,5.3320527
16710300,4.8812933
9476076,5.097886
9806278,4.8395796
15164786,4.664231
11658061,4.277205
10057973,4.2541633
16388723,3.8371093
6911587,5.6618214
18103770,4.4746027
14263143,4.903242
13675934,4.902145
14088249,4.845384
1412082,4.8646994
61747,4.1612306
19882377,4.393813
15179462,4.317124
13823753,4.4390864
18689454,5.4799914
3767079,4.2599463
9920084,4.526275
15725732,4.9587126
1200696,5.4096475
18855394,4.5618987
17605729,6.3801284
4393628,5.7752266
14688397,5.1242995
1913441,4.183425
12794848,4.3899584
20873112,4.9478917
114123,4.512417
18636230,4.0525312
843003,5.553079
837121,4.0811296
7264263,4.299811
12759999,4.84427
15130289,4.134849
136528,4.1257133
13220428,5.3890834
10656360,4.7442265
12987523,4.6026173
10066573,4.7462907
6973090,3.518517
4624467,3.9879134
7107742,4.4655924
17943926,5.264769
14248006,4.797317
149968,5.646017
9348941,5.1479015
15896529,4.8006077
13622321,4.445769
16711476,5.4462156
11992657,5.170672
3966772,4.5340714
16642752,4.52007
19823776,5.1901407
8151198,3.921652
7463435,5.348941
15512558,5.2796264
2092588,3.983203
12543169,5.0247097
19909586,4.836231
14963583,4.429696
17075450,4.864293
14094552,4.45661
18154910,5.4828043
6462192,4.398439
8384304,4.152986
14013466,4.15821
11343331,4.330288
17447168,5.1912327
4846846,4.2898164
16298909,5.1137457
13379356,4.5196424
1887489,5.4311204
704068,4.237598
16948592,4.4939303
6436850,4.1381865
10835440,4.644449
191075,4.523946
16965705,5.131947
17316217,4.4587145
7913239,4.2017794
5863567,4.2984943
4188514,5.108439
19363728,4.2411933
1708781,5.128777
2250184,4.999375
7621465,5.822439
16719674,4.7750187
7988012,5.4618654
15174084,4.4365926
4603012,5.392041
4846449,5.416402
17475316,4.388325
18062078,5.5868983
20227163,4.7700286
20982734,4.5449505
18585906,4.718139
4181776,4.1643105
18393252,4.315979
4500513,5.244456
4109165,5.1247144
691818,4.606104
7417520,4.231382
4542090,5.2180123
18136478,4.8891
14415125,4.8462825
9693962,4.4275427
15582521,4.7089467
5195654,5.460018
16287895,4.574538
18635729,5.290149
15868639,5.43953
16791883,7.35677
7204489,5.2504363
617321,6.4140954
16133467,4.1575694
13072071,4.007764
9197311,4.715933
738178,5.3648415
1298276,3.7757397
9273460,4.8232174
14744719,5.1546416
17126504,4.4416585
5013301,4.557398
12091343,4.8426294
229212,5.725935
6066176,4.1064267
3420648,4.8784857
4950357,4.0494432
18627152,5.2457657
4965322,5.9927006
15174895,4.838396
5991641,4.743684
17821448,4.7292824
66275,4.3535156
299078,5.3655906
16088534,4.214039
7093979,5.110038
19087480,4.3219957
16823279,5.7038126
17095875,6.3112006
18449317,4.906306
19959233,4.9657235
7954065,4.462208
15330348,4.47995
17435890,4.8638344
16073836,5.8153715
12851389,5.1017723
361230,4.5287614
14065304,5.064072
17977130,5.1912327
2385344,5.187545
9906899,4.9202065
16913896,4.489587
9976820,4.282651
134224,4.109198
7036330,4.3957124
5990979,5.5097375
9192942,4.687198
4714859,4.873905
12795427,5.414977
19961187,5.116403
12151892,4.3061013
1407633,4.0658584
17929291,5.455244
13847526,4.4856334
9280612,6.604074
20617709,4.1940737
16122148,3.874125
16973040,5.8313246
21134823,4.7874155
19716375,4.7723756
15253738,4.5481505
20816977,4.803235
13030752,4.030022
1886294,5.223107
7827907,5.2793703
18358564,5.3677316
10403231,4.844125
10939710,5.658397
10296962,4.534553
690675,4.038491
3731965,4.0227838
11883388,4.8948436
16480024,4.2162485
15716280,5.5609975
13546414,4.3528056
5928949,4.79398
9945730,4.264282
18040990,5.4161553
11605862,4.7566075
8422876,6.2477384
20916280,4.498488
17302600,4.8004384
12225271,4.136315
17943817,4.139881
2249878,6.237301
16044615,4.1794724
16049909,4.119194
11872752,4.2046566
13192867,4.398613
446125,4.3672557
19229358,5.1213117
6318187,3.9392002
18464398,4.964695
956521,4.9082613
7699859,3.931995
510543,5.4800053
20665530,5.2792964
1300191,4.4312387
818114,5.104868
17925130,4.4471955
4351295,4.367739
13396812,4.2935104
12536277,4.1429777
7764294,5.2839847
20393012,4.2954383
18607944,4.712297
17172541,5.00681
5046190,5.1636295
19950498,4.569088
12950332,4.8904533
773041,4.959518
16257439,4.150655
13380566,4.958614
4427529,4.388296
12989018,6.007476
1919670,4.3441997
5955864,4.3467326
13170664,5.8947215
18209477,4.21231
10478385,4.7773924
3757993,4.8635516
6470740,4.9270077
11398113,4.2193036
20755180,4.997876
9602518,4.461774
20395935,4.095054
9298895,5.7702875
15287347,5.9293833
8723078,5.0399876
1305483,4.282138
12444882,4.2547607
15500460,4.8387976
4993875,3.7367976
7791636,4.417648
16518218,4.249399
933129,5.1124406
1855186,4.173264
21055896,3.8612206
17654264,4.965152
15525369,4.7947407
16973454,5.1761045
15734037,4.264514
20412306,4.3003182
4581155,5.00922
9974562,4.3177843
14932930,4.9515343
20456449,4.861898
18175887,4.9612412
18126703,4.9355044
15436871,5.1789308
17621824,5.913247
126280,4.504382
11027953,4.099489
9302200,5.0575347
12916646,3.493642
4785755,4.5383058
16364359,4.4973073
16378162,4.8004546
12145578,4.1839232
8054733,4.223723
20246349,4.210665
9878601,4.5317698
18182318,5.200192
13764648,4.3171225
18006155,5.023539
19569481,4.376501
20365428,5.1912327
6416419,5.3604226
11943846,4.9434166
14860317,4.284689
13477414,4.223728
9922753,5.1900997
4772358,4.4362288
10138996,5.3746147
18073488,5.3012013
19013512,3.6215816
3706357,4.658026
15376003,5.0841384
64574,4.8118834
9450688,4.5116777
16391986,4.1946435
10923445,4.9518633
1198466,3.876158
17414859,4.3563538
1470340,4.034621
8906397,4.379866
20575909,5.4168487
4421679,5.172275
16338086,4.1722016
453159,5.3864856
8168982,5.4503393
17237257,4.560009
3769052,5.3287444
11319529,4.264834
14148904,4.9160485
3874930,5.130037
1327553,4.0194845
16743025,5.2573667
15788511,5.00935
20996497,5.114819
12852854,5.167664
7051483,4.0505133
18394314,4.9637017
14083611,3.4356928
9147021,5.041105
18943821,4.711744
20349546,5.1690373
12823429,4.9322505
18925067,5.764423
7719599,5.227147
19777368,4.746397
5640375,4.9973865
5971008,5.5709257
14470148,4.123415
15643425,5.1169095
7679171,5.0765605
10970359,4.189821
17922204,4.079127
9461851,5.7532263
4656361,4.84745
9882537,5.5897794
14180715,4.2435646
1294300,4.84133
13261751,4.8862085
19387518,4.479741
12040635,5.4602723
3603863,4.419685
54158,5.0732617
13308160,4.2540016
19951769,4.464974
20575263,6.227314
13174433,4.08371
7204425,4.9055405
13479649,5.2760572
21135598,4.203805
6522149,4.3351755
20350489,5.0196414
1023586,4.9196815
16241186,5.8655796
13907229,4.9470425
10108811,4.302139
17874107,5.5041566
19071374,5.517982
8753625,4.2856708
12490601,5.0899396
15941087,4.5431743
17908474,4.481938
4936023,4.3741117
18007304,6.3546124
17088333,4.3590364
13328181,4.518381
15769448,4.1741576
1565578,4.3688316
19140351,5.8499374
9409457,4.2284913
20755895,4.681647
9480841,4.2917585
10981467,3.9542148
10694466,5.266294
8390627,5.01091
265194,5.089024
7398163,4.855897
16177663,4.031586
21136837,4.290285
19358353,5.720648
1240889,5.8937764
17633348,4.336527
15890483,5.0219207
15653091,4.860849
18393805,4.382582
17623880,4.7477694
2352422,4.646601
13495691,4.526344
6450118,4.2854905
4702591,4.3494406
738427,4.169516
5816154,4.257907
3634080,4.7163315
4252321,6.1064196
10600032,5.0115786
16226947,4.7723145
2392777,5.8867483
16230722,4.177234
19803042,4.0821295
1654929,4.4262214
280393,5.2992344
19486540,4.4243298
18010301,4.4618926
869615,5.7040415
666220,5.5125294
16390904,4.367266
16742255,5.5818844
10496718,4.4140277
13396805,5.209141
9260415,5.14735
9664630,4.7324057
15409913,3.7715855
7912525,4.9411855
6390560,4.6269174
3465651,4.5123243
14186788,4.4320016
9862831,5.1733036
18610539,4.006576
10907712,4.353794
11509497,4.762671
14234781,5.49753
10996409,5.1985836
14520743,5.4179845
17940993,4.3379245
19588004,5.2205987
16466870,4.2311177
720236,4.944437
14052903,4.343143
10906924,4.0223107
2038608,3.556892
9037702,4.314264
18612718,5.1060596
4710320,4.289563
9415828,4.083547
13509110,4.22301
12135399,4.9108653
16721130,4.336329
1789363,5.746792
12456191,5.0146794
12984748,4.3106127
2465222,4.520121
11171932,4.771659
7204443,4.535214
19362117,5.5610023
18994394,4.0675406
4766903,4.345338
836232,4.283441
600868,5.0906878
6675519,4.173122
16087521,4.2393875
6373729,4.846123
4274589,4.448796
2489615,4.34901
3568596,5.0698414
15532430,4.9095707
3867014,4.461159
7871076,5.392705
15509947,4.171764
10105110,5.2594357
16185120,4.236236
13660425,5.548398
8700820,4.7840605
20840987,4.746928
7660826,4.2334476
14743077,5.522077
16602371,4.143555
20931306,5.8451166
19569514,4.059308
4430996,4.1717925
16257467,5.628649
3726467,5.640628
14204315,4.761115
15208141,5.3235135
19248547,4.9969664
16603386,6.1434493
7896215,4.667777
13282475,3.9345782
14312883,4.3523817
17994179,4.9861593
6591630,4.2340717
21026558,4.0151863
8798111,4.7630396
13392778,4.4709873
3517984,4.1723924
17363606,4.2744193
7526820,4.223875
20349619,4.6999917
14773903,5.3608294
920895,4.911227
18269285,4.2035303
6027124,4.311427
7512407,4.7090154
16791161,4.390869
3478304,5.7087603
2431607,4.8006406
17097022,4.794275
19663541,5.0787077
18635822,4.1564736
3042297,4.5590816
10753967,4.3882995
9175372,5.031479
17959888,4.97422
19734231,4.31014
12780475,4.890972
2879268,4.5770698
16427245,5.3532853
12207553,5.1480565
13490001,4.559432
669941,4.3015823
21040297,5.3579736
8190529,4.3865
513313,4.990231
15701450,5.093457
886808,5.3905516
3137906,4.0805135
10879231,4.399935
19642104,5.1381164
13745294,4.2486753
1242869,4.41635
16831974,4.137059
17226061,4.409856
13829630,4.1772423
21139451,5.138511
5454513,4.340925
6553874,4.519395
6447131,3.9512432
9064688,4.786324
13626319,4.5549035
16821471,4.3573394
8420883,4.0965786
12625717,5.165842
10941762,5.0671887
19694238,4.64725
6262821,5.3468795
13526888,4.8624
20606246,3.9785998
17857315,3.9000669
19139260,4.9604383
4709363,4.7639365
16973884,5.1227155
7856208,4.1209536
3896579,5.0096364
7039045,4.8954096
15175183,4.1259127
15088290,4.0844617
12382239,4.9617367
16252722,4.402102
1822436,5.091931
16974228,4.632117
8781396,4.4615865
21091647,4.3348994
18791570,4.546453
1965712,5.292778
16023497,4.8213615
13928199,5.5416584
16809832,5.4925947
2046476,3.9685094
7093604,5.604443
16298763,5.000942
11904902,4.433589
3906540,5.3328424
6884147,4.316142
1257994,4.815141
9692905,4.0150337
14964764,4.705129
20327659,4.2318053
13895892,5.2049613
5051597,4.8625903
15867847,5.177674
21092161,6.385527
6321615,5.217798
16718287,4.5715876
7788846,4.7198315
2976758,4.311584
3103276,5.771394
16143701,4.114662
9473889,4.1269903
12781774,4.8815756
19743260,4.150467
7111430,4.579681
15558485,4.198579
16931469,4.4993286
6662967,5.679827
15422071,4.540471
17138584,4.367857
13199320,4.53713
20682422,4.7271366
13954017,4.886521
9464030,4.745722
8973469,6.218624
8105926,4.556947
2184897,4.6247964
1871311,4.523284
16664997,6.084501
764753,5.2619786
1427401,4.437388
16528646,4.4089055
13751295,5.126096
17593273,4.3172026
6987855,5.2517204
18754265,4.8753242
9362234,4.304767
8029907,5.8665376
997978,5.727772
18500972,4.332199
13920697,5.0714607
3614820,4.4269843
8697430,4.8477273
4643925,4.746148
1798271,4.2033134
15581676,4.469461
7826164,4.818355
14968156,4.9026613
9705935,4.8802867
17346662,5.6710186
11182548,3.9965951
860242,5.257993
17831799,4.340037
17095344,4.8572335
16413742,5.6863914
11020051,4.4908586
17719455,5.080954
2075600,5.1980624
16768665,4.407343
10968239,4.9449244
11758424,5.379997
11573292,4.274962
13175984,4.1937885
16057380,4.5247045
15732413,4.801514
8303748,5.312829
4777063,5.558725
4396512,4.348575
12017651,4.0259757
9960320,4.9287496
17463121,4.2045712
10971386,4.6881227
18563261,4.103753
7751558,4.4427423
15857492,4.3828063
13279174,3.977677
6141401,4.284736
2659448,4.3384175
6345234,4.625845
13557973,4.288398
2519008,4.042783
63154,5.1372676
10236205,5.068125
9507584,5.4550204
6726702,3.9721613
12520314,5.4538097
14855909,4.1730747
13246052,4.8175206
7416599,5.804771
20406102,4.1479826
16267803,4.1298122
17004995,4.7961946
1618782,5.2823186
19450713,4.902257
9333399,5.849702
16780463,6.0059886
4408795,5.2113237
17988416,5.478457
15144124,4.3849697
15588492,5.0341654
18223877,4.3428574
18505637,4.9980288
12172311,4.341624
4156390,4.9872746
12541712,5.095617
13939109,4.3557224
17762827,3.4574053
18276960,4.18065
20222565,4.668294
18036963,4.761592
13917372,4.7476163
1259611,5.3865433
914595,5.0317173
8127813,5.042922
8106473,4.9692507
19225024,5.05481
17848657,5.241699
7304034,5.0678487
4348199,4.37499
13642240,4.0927176
12423316,5.0711503
19820827,4.347597
18544460,4.349431
18718070,5.0572014
9464543,4.8721004
20420499,4.1581364
11635497,4.349678
11327231,5.749181
2022728,4.285339
13600618,4.113321
15097243,4.396966
16831457,4.4700427
20969349,5.170841
20817599,4.1210546
3304165,4.371304
3628749,4.909289
8729945,4.3156233
4987922,5.2241178
2400409,4.6381254
20899396,4.466497
4069380,4.6527605
15285181,5.041867
13769379,5.2629743
10877492,4.2694755
6557128,4.239
1993824,4.280311
14571169,4.894375
20727699,4.0473795
4226680,4.863341
7828473,6.5856442
11210373,4.3592205
19347173,4.8576527
8071885,5.538456
516836,4.7724805
7875673,4.9705257
16221662,4.0436296
13561402,4.052565
13732467,4.460011
15937208,4.413178
17944480,4.1909704
13257504,5.1056194
4218583,4.4328265
18010173,5.421297
10186839,4.444087
18999124,4.2105913
8265182,4.453118
16635569,4.9555593
17680909,4.2016773
4994497,4.6969213
19760008,6.3912826
13480162,4.341804
18612707,5.0750527
18222981,4.129595
7603389,4.464869
8555036,4.840045
16769179,5.5888987
18471668,4.545524
5734770,4.785368
14650845,6.198273
11569479,4.3743696
14319203,5.26581
2998901,4.557725
16493494,5.28024
13415594,6.3189855
19941916,4.907729
8081426,5.287591
9490490,5.125258
13138133,4.904906
3220178,4.2058473
1261122,6.216524
3075044,3.168141
12949346,5.4528413
7417444,4.424905
16261769,4.9807425
7718068,4.553705
7479725,5.133652
18732664,4.8379955
16693423,4.006255
10366626,4.2420707
11555166,5.0609355
1494771,4.236325
17941728,4.5856733
15706376,4.167013
26012,5.280353
187526,4.609778
3829972,3.7606933
5433586,5.1881404
16394193,4.1498
13925553,5.227968
21175841,4.853738
13786225,5.3641114
14788134,4.327319
6018539,4.3293257
5774184,5.291445
3162732,3.8178759
9796737,4.3590164
3695178,5.3490043
3168102,5.235625
13492449,4.658377
16578960,4.853917
2115061,5.179284
18463055,4.6702695
11224812,3.3080778
13686775,4.2937183
265626,4.7570963
16515501,5.731031
8805264,5.2274637
12917279,4.1250367
4386150,4.1182094
10680330,4.5866613
18178880,4.855418
10234232,5.707258
229240,4.4554415
19718049,5.06057
19984106,4.9147253
6965441,5.1707425
19307193,4.3440385
20049857,5.037548
2168268,4.644257
14658102,4.0314765
16837108,6.3007836
9919372,5.7451315
4205224,5.545625
13262971,5.487739
14043732,4.632591
14713835,3.9049277
14501533,4.6588054
13442656,4.572876
17388036,5.4080877
17776905,4.1161447
16688638,5.035695
15701813,4.5417247
20538783,4.673873
14869271,4.7642183
4283264,4.548346
742779,4.4543386
17745620,4.275622
10275196,5.04638
18018011,5.241316
19365293,4.5684257
10526371,4.645924
11121872,4.921957
8824905,4.2893867
14234231,3.6517792
19014867,5.9839525
17234433,6.122874
3783267,4.6030884
38833,4.4341197
3371332,5.035295
18523144,4.1729336
12969574,5.286376
16855970,4.7159195
14134381,4.2514772
5858907,4.3044496
8547630,4.2544374
13771435,4.3024745
1523556,5.9818716
2079671,4.310481
14670979,4.727034
63405,5.2682624
16031775,4.52785
13595786,4.2583666
1964917,5.4483337
12989500,5.9865313
12789527,4.240212
10343745,4.98373
17927755,5.6863914
6492449,4.6573114
21121441,4.6051064
18425756,5.456766
6804319,4.3009057
8425789,5.3090057
8508295,3.9646268
7289178,4.9328423
16941279,4.194833
17461475,4.248524
681599,5.141514
18432898,4.843229
9525257,4.8434696
17150709,5.398964
259887,4.213751
1964520,4.700562
15974252,5.1095543
5940622,5.8365183
14264490,5.6871476
14667339,4.982008
10887262,6.214959
13115469,4.46761
17865406,4.9872313
18478798,4.5496564
18196542,4.3519998
6957204,4.477126
14914536,5.1355853
15410428,3.9496326
18152140,4.4253726
16436445,4.2296333
8939409,4.403257
14319461,4.095002
19177986,5.0340557
20712140,4.0287
12309747,4.67631
16027061,5.399665
8571607,5.308702
2500687,4.286021
9536884,5.496746
7773622,5.3482947
7809420,4.8736253
7070287,4.8157926
351950,4.2251143
17041458,5.2240734
19209297,4.1463823
4801880,5.143658
252607,4.3937035
16052890,5.0079803
9633323,5.975566
18630906,5.0490804
1408281,5.5602593
15835844,4.2061367
8054051,4.8388114
14358174,5.9405813
16692839,3.8624365
20332842,4.877558
7591555,5.12735
19677221,5.227197
9476831,5.173415
14805561,4.9069986
7109438,5.1126323
2268632,5.291642
13002432,5.111376
20882903,4.51046
15729307,5.0197334
13061864,5.0953717
9050597,5.15643
14730790,5.287406
20017584,4.638085
7281223,4.9688616
15233663,4.0812325
2201581,4.6810765
19571034,4.9681664
15146736,4.1876435
16374702,4.147854
5396701,4.0373735
9196586,5.104374
4785719,4.808271
2333512,4.2571816
3865336,4.518727
3184756,5.075957
17820800,4.938505
18221893,5.420336
8762885,4.8199005
20933996,4.4420633
19102027,5.5830674
17107596,4.86717
18755243,4.897588
19330870,4.1994915
16769160,3.9974985
6292893,4.8711157
12826454,4.4568543
16577009,5.135201
2120943,4.3999343
7091102,5.477302
15360554,4.4113507
6278312,4.414472
18507847,5.4603105
17015994,4.8244166
20070858,4.798035
17605255,4.6312323
19175044,4.285651
8410096,4.68613
16383927,4.0562305
20948411,5.585077
11649096,4.2480245
16733973,4.2857647
18810290,4.3086348
2326252,4.3875003
7854287,5.17108
17988240,5.7960324
7677565,5.46616
812467,6.035259
239766,4.9489923
10546606,4.4378643
1118155,4.2908874
12294995,4.5102334
19411476,4.2329946
12038773,5.11305
18224863,5.086104
16213713,4.7494917
14695763,5.0461106
15193843,4.07469
19197693,4.2723556
16067858,4.412904
2093695,4.281611
8866894,4.4731402
3688376,4.702886
3701662,4.6905894
810184,5.1816535
5511645,4.96848
5018679,5.481071
8097904,5.6469717
638218,5.01642
16417951,4.734889
17811202,5.1235533
13140363,5.2659492
1340649,4.8840365
14819796,3.752834
13709013,4.030175
13695583,5.4226356
17765869,4.4616213
2211325,4.990959
7071672,5.657245
20812710,5.3020306
18820769,4.8954353
15025885,4.070016
16177309,4.33098
7697813,4.086438
14185733,4.4183307
10752379,5.194587
20786496,4.5730734
20305785,4.9311385
16692528,5.0138135
3291844,4.3797193
15008979,4.0724144
3137920,4.5801415
9346270,4.753224
10519192,5.6756077
6287797,4.1961617
20712373,5.8492346
14454132,4.1608043
17011738,4.568228
18291317,3.565165
6445126,4.409877
15395308,5.172571
17335734,5.396013
10060147,4.3088794
18501885,4.001092
2969803,4.0858755
16406714,5.531894
16827772,4.4752126
1932175,4.3998823
9867830,4.4307475
18908082,5.1069026
17816117,4.814919
6701818,4.8411555
13169085,4.28352
12049701,5.3852024
19924816,5.3693194
6373770,4.444846
19018530,4.2964144
2051311,4.0897403
14746103,4.288875
18020654,5.3505096
21127261,5.432345
10031629,4.65163
663608,4.785311
19608419,4.8495426
8065056,4.6318326
14446720,4.2084494
8953814,5.1342106
20280692,5.3803153
15309984,4.3746786
10522830,3.1671689
7244605,4.954204
4047815,4.1146297
15454298,4.8896413
12963341,4.3224506
1182465,5.9254956
8831923,4.9452186
16192570,5.8466525
803778,5.1926327
8964816,5.141968
14111659,4.8524966
16212701,4.9780655
20325395,5.3163323
20127311,4.528963
16189911,4.285692
7401879,4.2310295
16330364,5.1824594
4117128,4.999201
10945354,4.823918
19501640,3.1312358
18935582,4.619825
2432104,4.668146
10925844,4.213021
14918202,4.820688
9505111,5.1404295
17767077,5.0580816
2302803,5.113371
9612854,5.034434
720274,3.9221377
1870228,5.1184354
16868984,4.5453362
20933849,5.1354113
10708565,4.3772783
11451070,4.8705807
2633717,4.7953515
4861046,4.330412
18492411,5.256165
13216357,4.667291
7389611,4.298937
8443516,5.3264813
379255,4.059172
8742017,4.8148246
17980925,4.199858
19945196,4.147369
17210737,5.931474
8189063,4.737572
13018125,5.421252
1785237,5.1757326
11779099,5.0511036
16131672,5.66872
19135024,5.3931746
1636189,4.3070273
9755708,5.047866
11210604,4.622226
1700153,5.027008
8574989,4.4552875
12845943,4.8799334
6304643,4.6276064
17778366,5.550667
16390706,5.3421874
14578426,4.892108
10840500,4.348534
13509242,5.1781464
11421345,4.475055
12388760,5.162856
14945449,3.9843147
8487875,5.5753784
13864224,7.2217703
16191702,4.3175397
8617807,5.517509
6677292,4.069798
9219613,4.4250283
5013302,4.5493455
2650655,4.9263
16507990,4.5617347
10526745,4.926522
20499320,4.998806
11842312,5.181692
8283646,5.1094112
8513839,5.0123158
17383627,4.2569222
6592125,5.6863914
8864713,4.2344584
222054,6.642201
4936367,5.0189276
7900957,5.0819683
13605151,4.363748
15485820,4.9313474
1466688,4.6346736
17461591,4.983272
775326,5.216622
20544129,4.9065943
13672736,5.2024107
17292086,5.000748
1013647,4.2489524
1896135,5.2326703
16748255,5.402266
9717530,4.4078636
9667545,5.365846
580106,4.2758923
476702,3.932711
13731019,4.5289626
17425181,4.6047783
6676113,5.1473756
6216840,4.2455297
2169722,5.379072
20738762,5.1215715
10417611,4.1051145
3200805,4.451865
9134702,4.280077
8209055,4.9287877
9828061,4.453536
5548012,4.373025
12404103,4.9397483
11926240,5.226768
789961,5.0393987
3278691,5.004223
11220167,4.409752
18736577,4.3079123
3635624,4.436263
16178389,4.2697763
16281069,5.020745
657121,5.057876
2013271,4.9607863
17462443,5.0243745
7275018,4.3384175
5911997,5.0186086
12009685,5.2205935
20978416,5.2994432
1246861,3.6881442
16912166,5.8223433
19367928,5.8145156
8924108,4.7429276
13940981,4.2579465
20724750,4.3661404
13681156,4.3918624
19265709,4.1830316
12782677,5.13845
18508181,4.8516674
5872177,4.604261
9047169,4.7105026
4545882,5.0401897
17477888,4.7077394
8881329,5.0059433
9768159,4.701726
2706986,5.179306
13528101,4.861413
10021820,6.058059
11921509,5.0707054
14771563,4.2475867
828130,4.5802407
6629331,4.9597173
17587833,6.1836915
15144105,4.6181183
3980488,5.201008
9997012,4.4590116
11964820,5.0268188
310524,5.423452
16159498,5.920576
1080839,5.6745477
19623990,5.5932183
3217221,5.128933
15073872,5.2986383
13167453,4.880327
15397048,4.2784686
14041196,5.502766
16978311,5.8901873
17810293,5.0019336
13715920,4.6599765
7036285,5.149629
867430,5.1440444
8309453,5.171407
6378613,5.056998
14143905,4.2887754
4120289,3.9214146
4311233,4.3696847
17317934,4.7968564
15707951,4.046486
3884405,4.215368
19389677,5.1656704
508117,4.4279666
15548151,4.377233
12833096,4.6025853
15758617,4.805758
6421429,4.4983153
8234295,4.9271083
14782340,4.566019
9864083,4.305845
13003911,5.6365147
8291283,5.2951307
5433691,4.9260774
15421709,4.324551
6452019,4.582877
5806687,5.3629165
2051499,5.4552436
16367591,4.7708683
21105443,4.299505
17587872,5.5118093
7742889,5.173833
4652263,3.9606614
858368,5.2346077
12290871,5.4304643
14114099,3.8212326
16793287,5.162621
17158871,4.371465
17840682,4.8515725
10250068,4.844129
16258076,5.013572
533646,5.7844186
20785941,6.015362
16650376,5.1126957
6705598,4.413166
1965766,5.0920753
3410087,5.441599
10542140,4.7422595
6764572,5.120311
4481694,4.302726
3963003,4.6792665
17875790,4.851136
10501228,4.3111405
14840286,4.1383333
4286467,4.402958
7194042,4.140459
10809774,4.186085
7200915,4.9920516
18790185,4.886625
14405694,4.435143
10116726,4.445607
15876303,5.0608172
1682936,5.194528
19660760,4.195425
15896915,4.1726756
11790047,4.0768013
13407615,4.637574
18312039,4.3374596
14759718,4.297496
13474455,3.9946654
1428024,4.674804
8152985,4.5212646
17027685,4.1555085
12857006,4.372938
20451532,4.447426
3954385,4.177591
9614897,4.417713
17983809,5.092243
12714737,4.448189
15866666,5.232858
7092453,4.7344856
11210229,5.297882
11695404,5.146076
14802259,5.1124215
7370409,4.083905
6020237,4.7241044
9301261,4.8008504
19306213,4.8033037
3602379,4.1263404
3513580,3.7582269
16736311,4.1376853
11340781,4.3288555
20066828,4.926133
16338002,4.6822
2070542,5.3813415
19548468,6.219197
12998461,4.709156
11249945,6.2780046
13885982,4.7700706
12300734,4.4799967
9773158,4.381267
4512980,4.441767
260786,4.980969
6327222,6.330826
17763777,4.3739643
5212133,4.3137436
16565385,4.750264
9738438,3.9183605
6310903,5.004273
16274975,5.1238723
15147021,4.335127
11772813,5.55734
14807194,5.371572
19807095,4.898149
13993682,4.771663
5385943,4.8980803
16050081,4.837645
5581820,5.1551876
508391,4.3156147
17093551,4.4788322
12496037,3.9667788
12426778,4.260022
17499578,4.914229
1766843,4.145727
12793735,4.185411
9558052,4.8176923
15499688,4.37588
15664419,4.3735495
13398471,6.04515
6589412,3.9899511
878142,5.0934463
14274761,4.9104686
15175161,4.771682
15510939,5.127363
3966549,6.099466
12606818,3.4926984
9899132,5.0440626
9564481,5.2346463
21027182,5.4313216
15860740,3.3623292
15677474,4.183129
21175597,5.5074425
9566350,4.4285874
5076606,4.9137354
20303971,4.391765
21172524,5.899897
16339662,5.0730495
16001652,4.9775352
17249794,4.421285
15452878,4.922902
17845650,4.080748
16481370,4.792937
10365512,5.0129833
9496213,4.1939225
12602972,4.771966
4161013,4.811404
5077160,6.099101
13649577,5.07279
16806661,4.622883
3629096,4.5555954
2496069,4.789687
4973812,5.579467
6750870,5.0928187
275443,5.6439195
848665,4.8159966
13590617,4.310647
3166850,5.51369
15821159,4.002701
13637858,4.2787075
13374231,4.461813
11582733,4.944968
9631379,4.5531383
19672748,4.169122
19082515,5.074105
19571928,4.2763267
16837793,4.9343047
12622513,5.1495075
19381528,4.229703
15081446,3.6652024
14711343,4.0324464
386682,5.258606
13283424,5.508632
2305098,4.8895855
10815856,4.9838986
11759332,5.576011
16599206,4.280549
19084351,5.004779
7872172,5.875837
18911323,4.4822373
8733472,4.6565385
16542704,4.3625126
917077,4.6391854
1076326,5.5926104
20804049,4.9566374
13771201,4.2082314
15144961,4.652903
6102073,5.3207755
17676950,4.2234178
17964596,4.850139
18176903,5.0966434
4245267,4.886329
11477869,4.58424
14467580,5.645293
8029798,4.834113
12025151,5.3166513
5932999,4.80751
16254280,4.9464006
5965796,5.047244
14202103,4.3390985
14854197,5.271918
11374189,4.7372694
5932161,4.192818
658278,5.4606895
10193455,5.7007327
4144630,4.442768
17433873,4.468087
16000375,4.539223
7882666,4.8418174
19180837,5.434205
13117706,4.716067
19490255,4.469987
13797461,4.792778
20435636,5.4473047
2687132,5.484223
18135992,5.298841
1683548,6.1140847
3943,4.539423
12092632,5.0843263
2237591,4.9982953
2557977,5.733095
14570492,4.330527
14900561,5.156569
12784778,5.160687
13398192,5.2317758
277703,4.924664
15470075,6.1388927
16617969,4.83248
18122494,5.542892
1586454,4.905513
15087714,5.0242405
3402121,5.21056
4726722,4.289542
9400570,4.798191
6627449,6.040342
15708125,4.145465
11114607,4.310344
16251872,4.224818
19325574,5.0203533
210904,5.162871
8425058,5.3254356
18314432,4.3407464
5588537,4.4032135
18581005,4.2042084
3939383,5.0148873
776500,5.07929
11651929,4.8887253
16647466,4.280014
14403485,4.0724654
19019762,5.2446384
16272946,4.2268696
14909417,4.397755
18887398,5.049884
17976539,5.081536
18056405,6.4081626
17073948,4.3764443
12366408,5.3514533
10677426,4.6862717
11493255,4.5699944
7784030,5.224266
18273632,4.4364276
6150855,5.130148
8273678,5.3673882
10856210,5.35308
1574392,5.4886203
13788581,4.5512214
9201479,4.3933673
5268045,6.113815
12271309,4.4668403
8987369,4.194261
3221082,5.085623
12463556,4.1665773
16844909,4.3388433
1129483,4.1854024
8171965,4.1845107
635158,3.916332
19356288,5.8828416
12125920,3.9491427
1012743,4.0343895
18289321,5.10728
21160782,4.914486
12308267,4.7249703
13590109,4.6400204
279120,4.62216
2088918,5.688585
2309140,4.4656816
9541295,4.5780945
5976821,5.231497
19861995,5.164735
4297273,6.5895863
4666794,4.792639
18490778,5.346083
7544340,5.077625
8583834,5.4884377
5549530,4.3263965
9492399,4.849946
9198833,5.0096664
19912699,4.4159875
19299486,4.6067553
8793509,5.236294
16270139,3.9631803
15042665,5.048596
10358712,4.1851263
4103906,4.0668736
11256834,4.349709
20570472,4.347311
12287550,5.0900087
4178970,4.986988
14166388,5.1729894
15741430,5.0882225
336788,5.3994493
4274462,4.598226
18894387,4.367176
8488273,4.227411
8735827,4.4352465
12148081,4.8428516
10068734,5.0254583
546573,4.1592183
1628156,4.3360496
14649111,4.5389147
18690545,4.291059
16006008,5.0081
15645780,4.6607566
18430596,5.568418
15831401,4.1842217
16133252,4.521317
16190823,3.9911187
17515391,5.093538
5321538,4.9576035
19439682,4.5859566
10100241,5.0869737
6286253,4.3350434
11315042,5.2107716
15530746,4.8848205
14640082,5.157962
11440783,5.8689256
14053401,4.48156
15476794,5.012486
16632005,4.7442
3096080,5.686872
15064630,4.0169206
16147461,4.9048457
10018963,4.5701227
13040171,4.6021414
20895262,5.045605
7332132,4.3419623
2392301,4.3946333
15901678,4.9839797
14789788,5.0827084
17639681,5.6677113
4840355,4.378143
17980147,4.1677804
3585909,4.851428
18432579,5.0379887
19893315,4.262771
1301177,4.8523984
17828444,4.607826
10712234,6.1262183
4746764,2.7969608
1316333,5.0226984
66008,5.7713327
14552514,5.116045
4658293,4.1693535
13115640,4.0594397
16429223,5.6916976
15885946,4.1360245
16832091,5.133184
20763303,4.9992933
2460250,4.673427
8757763,4.0871944
11010008,5.049385
3761244,3.9006455
7800946,4.759898
17944244,5.47787
10185611,5.4940305
7480066,4.4890575
9548935,3.7491171
12668906,3.895673
16415921,5.1254005
16490625,5.3494143
12708213,4.8581743
4172633,4.6587315
5660850,6.147073
9434464,5.0897346
7911917,4.1499395
12566957,4.3779535
10917847,4.599379
11829415,4.937038
6261682,4.8408484
3815651,4.9549165
8425657,4.5080047
8147851,4.2409325
14040041,5.8288236
15378960,4.6797433
13148724,4.8721337
2346296,4.0458684
20607717,5.0420203
2416191,5.3499265
4438470,4.9396915
8761854,4.730862
19084673,4.9131074
15903906,4.2153583
13066824,4.0226045
6071529,3.9898674
17680494,3.8439412
14421403,4.600883
2685987,5.924129
5631916,5.4388247
16276224,5.0481
17759953,4.0036902
16204899,4.999541
13603043,4.1870117
11707920,4.3901
18176961,4.922296
17554889,4.3138547
7825207,4.6753144
15205552,5.6827602
14667614,5.233764
18054979,6.4872317
8130859,4.4864087
11524692,4.391685
5151917,4.552688
18078850,4.133335
10132356,4.7588377
18199963,5.152493
10267242,4.9956293
2175879,4.596481
19637057,5.234066
8900026,4.953225
12472335,4.99625
6713990,5.4017997
3291691,5.424898
13082538,4.2664137
13602433,4.9868674
80684,5.1639004
736324,4.720968
18078759,5.614064
10654904,3.740035
14105944,4.1002445
20091785,5.2625575
16479443,4.445079
4709922,5.347311
8353634,4.3491073
12493291,4.7909236
12209026,4.177174
16124108,5.6151905
18509458,5.5158997
15194653,5.2044983
8292614,4.435441
19696559,4.632428
11143821,5.757251
5126967,5.451309
589136,4.802349
13562244,5.1364894
18153759,4.347252
14550581,4.179085
4483496,4.447765
19430074,5.6863914
20982704,5.416885
2509881,4.4441495
2177753,4.900209
14183553,5.2192173
18729447,4.4296517
7244171,5.097768
11439405,4.9435973
14055140,4.9101133
4764999,4.3910947
8208321,4.455017
14043464,5.270924
8320112,5.325444
15872286,4.3124685
13262935,5.063634
19329897,4.8344855
10116914,4.975841
8770,4.156275
15535391,4.6923804
8224269,5.0118737
19144106,4.279993
17496320,4.3024807
18655257,5.069262
722264,4.8876443
15111597,4.737695
6868670,5.0698442
1557050,5.3367586
964751,4.5777864
14621206,4.8131766
13116850,5.03884
20664275,4.031697
3304579,4.8851833
20520410,4.938775
1349237,4.90572
6492864,4.391428
13363171,5.9683676
9617574,4.294756
20848451,4.293352
10117709,5.6699853
5054911,4.7543406
15592241,4.2541175
13182016,5.736726
19830121,5.4740443
11398458,5.059337
18305741,5.127978
18191678,4.4919176
16604563,5.3448477
18227529,4.8986807
13636926,4.4272814
14533631,4.0264773
18997254,4.3260098
16208177,5.0779767
1140890,5.0054417
12158543,4.6890693
17285797,4.784106
12937848,4.7195816
4885956,5.934926
3971357,4.319358
12293500,4.4171643
13589984,5.8384333
8482762,4.6426473
20122329,4.928629
6108310,4.767838
15317785,4.886581
12678029,4.2099104
3530229,5.500016
18094184,5.1860514
16457779,4.6280293
9428207,4.6808233
16444320,5.2672024
20881198,5.0834374
12544839,4.4489985
6623471,4.5603433
15628879,5.2542653
17437365,4.303586
17319171,4.7791896
7921556,4.4816046
14861467,4.2456183
809072,4.210446
11397141,5.370294
6361669,4.6516886
17869181,4.126659
13316577,4.1928406
3121011,5.4126563
14472612,4.3393106
5846300,4.5462193
8764263,4.2430463
10586068,4.2748966
10787042,4.818043
12307167,4.690799
9231257,5.0388203
7677423,4.541149
318021,4.04703
13493075,4.849782
16426089,4.086936
8518330,5.1315846
12273788,4.683541
3793056,5.1119275
4580643,4.295263
9740010,4.7958684
6070899,4.5631537
8703319,5.8586845
4481295,4.1650944
16095603,3.7986581
8714408,6.136777
15447320,4.194533
15339067,5.5964794
18310698,4.2470374
18357032,4.4941354
4365799,4.162513
5920522,4.5962443
10784650,4.575404
18119309,4.22334
11259824,4.326008
11436980,5.4727836
9373100,4.248076
10431239,4.739468
13623452,3.8951302
5893473,4.698467
4593770,3.8737657
6625405,4.8268003
15507387,5.202506
7666916,4.929625
204051,4.002685
19604361,4.41407
9436135,4.915473
17428928,4.4043965
18251922,4.0922537
6401361,5.1574645
9157940,4.3377266
13656635,4.337937
15175616,3.72262
16831533,5.0365896
2793004,4.0005755
9561222,4.3167887
18272023,4.3807654
5690424,3.851941
9796155,4.4167986
6505232,4.702003
15915608,4.3667645
10945139,4.1315603
20992173,4.681336
1524017,5.102083
20455204,5.7444425
12956051,5.1167674
20864277,4.9713936
14552533,4.915572
7133178,4.343096
18462188,5.59002
1094916,5.170321
5481762,6.1752095
19571919,5.592397
4045784,4.0658617
16929145,4.1834683
13147438,6.0736613
8967874,6.195704
6390990,3.8960936
14452096,4.1344094
15674334,4.743216
3883849,4.998989
2098870,5.162841
12253809,4.004758
16481497,4.597568
15295107,5.3049927
16302805,5.2645597
19438978,5.049288
17573354,4.229497
10570359,5.272413
2717307,5.218916
19806225,5.5138235
11851231,4.7527466
17267665,4.4378076
6146843,5.196151
4793787,5.1722755
16087737,4.6017075
4622571,5.200111
16677358,4.215678
6914622,5.2816505
19738289,4.8240027
17070148,4.975659
17696926,3.9203293
14552102,6.5896587
13220125,4.324218
6089007,4.9229684
6377862,5.306958
15357873,4.6951413
17364659,5.4930873
4342895,5.373764
18411956,4.3660364
13620494,4.791165
6644449,4.727832
165573,4.5630918
12287890,4.543702
9678429,4.1352034
2857464,4.035657
10016353,4.283381
11991366,4.8375034
16100501,4.710446
12713090,5.4144883
2890368,4.4191213
7618832,4.9575706
3712345,4.4990644
8904662,4.777936
11866503,4.483787
18542490,4.4520884
6768827,4.6045485
13446210,4.8644705
8420572,4.180756
18596543,4.253091
6575422,5.366219
47275,4.9687376
17046071,5.8018465
6784171,3.9555652
4393519,4.131988
6119574,4.7817216
19781990,5.0550714
12930113,4.9915643
15218161,5.7033467
18321772,4.1507087
14615393,5.491969
3944933,5.058739
16028615,4.279881
13685477,4.177625
18897119,5.030971
18783089,5.44078
21141875,4.6959033
16767439,4.762037
16475844,5.106592
2611538,4.9864864
20071791,4.530526
7918,4.223654
18053113,4.621036
506088,4.2304435
11420139,4.284412
12208905,5.0009513
9113729,4.1410146
11097632,5.0564017
6957122,4.061641
6965529,4.810708
6153123,3.839371
8090919,5.561789
10354038,4.404807
13641909,5.349244
12826166,4.096245
19287758,4.1323113
2763137,6.302834
6790961,4.6929145
9973654,5.6517134
16804740,5.3320794
737444,4.6167865
9790477,4.926049
14860876,4.025639
5061575,4.692613
6561038,4.459941
10569282,4.0602407
10546734,4.119168
9795877,4.4592857
19194997,4.875543
20216964,4.819927
1861548,4.5249057
641532,5.1016936
20883200,5.5286407
17142458,5.5773654
13733873,4.844675
2156260,4.065341
18547194,4.15477
11973178,4.323426
17265236,6.0528708
8776928,4.41575
18151742,4.40028
5057976,5.4426417
9963988,4.474143
11829449,4.353084
8831392,5.054807
7462470,4.424687
12862171,5.0503163
19781391,4.486941
19981294,5.0969315
12865283,4.2033324
15500521,4.181649
8000915,4.4132943
174803,4.045717
16069626,5.042914
6423299,4.9554596
5046189,4.4539957
15506009,3.642309
10200715,4.5330167
9707636,4.9000154
11341616,4.142163
13099488,5.0705185
19635738,4.8138876
6613154,5.5217505
15214880,3.6641264
4430657,5.604149
476526,4.523442
1830244,4.765106
17766314,5.4012733
14314,5.199951
766973,4.9636197
16532819,5.0337477
20531731,4.4634576
16972611,4.3330207
4244476,4.9189305
9386847,4.6545954
10000943,4.6725497
15268792,5.259187
20983613,5.04175
17416599,4.136231
13914765,5.462119
18583876,4.426856
4470011,5.783273
19282527,4.597285
5771361,5.9791627
20816972,4.8537374
19267073,4.457487
12111930,5.0355353
7221446,5.147937
16614278,4.8148317
891953,5.0214443
19941910,4.480881
20550403,5.057555
18632455,4.398691
13810027,4.2385745
17073813,4.291807
14996188,4.8739886
15550357,4.2228208
16253685,4.3287435
14838808,5.62074
6002382,4.208822
17666624,5.5107107
8488834,4.931356
934102,4.753083
13488534,4.8258314
17223981,4.8300796
20623243,4.853913
8951806,4.459351
4252808,4.722619
16579442,4.1880674
708637,5.042701
20428484,5.9061565
15801033,3.3570354
12871814,5.194421
17792429,4.820311
4759937,4.2470965
14915471,4.870966
16337271,4.2004333
16873128,4.745578
12401402,4.8546653
4623018,4.752947
16244781,5.0655413
17850722,4.1489043
11972141,5.3569202
1110346,4.4673696
19039411,5.1514463
17907655,4.1814995
4550353,3.980513
662034,4.8877907
13532128,4.412089
728759,4.2678003
13418206,4.227067
16437305,5.5438414
37738,4.673706
17495787,3.1570592
15663513,6.0302052
4257685,4.9744263
13211620,4.395865
658046,4.482932
14842843,5.4294176
16630334,4.924194
9119210,5.3790464
9405719,5.0068283
17993162,4.931141
13462577,4.619616
13201976,4.7034006
13102116,4.390367
15084086,6.370761
19947454,4.9992704
13866814,4.711246
8141967,5.8062754
8191170,4.8136845
5339911,6.848575
17702768,6.2177424
14222142,4.289406
13586549,4.3860335
16019972,4.528963
9295206,4.844096
16413992,4.147924
8838513,4.204904
20635250,4.3954067
985667,4.3201423
13096400,4.498025
18217032,4.991059
15466441,5.4140406
13827924,4.422326
10225863,4.6824255
399888,4.6653566
10592215,4.399955
17318320,3.9378777
9293898,4.273013
15632020,4.896118
17827123,5.294165
10166883,4.9404416
15049472,5.528691
15087332,4.1682324
18568809,4.955081
13018021,5.280043
13912881,5.195792
18010139,5.144501
13359436,4.1226225
7490760,4.785613
14073163,4.810248
12952523,5.87645
8520911,4.7667985
17586014,4.159129
74073,5.7097673
16676515,4.854285
11691859,4.924385
14168034,5.102419
5592949,5.064492
5058299,5.1912007
16671355,5.6648974
8435582,4.735116
12207964,5.6321545
15464828,5.0188475
5940268,5.1541066
4813781,5.166361
14774354,4.448554
2243984,4.4552875
2298722,5.6986976
10075450,5.393528
13281571,5.4238596
18430267,4.3650446
13300660,4.3014817
3852843,5.1330366
17432038,5.066434
16458,5.5437093
16275037,4.3692713
14093943,5.12443
18893198,4.1744466
20169817,4.9322715
9331214,5.172373
7920250,4.3599744
17572311,4.891966
4734983,4.867161
5593601,4.89516
21062843,4.332684
2723180,5.8586845
13136376,4.6467276
7696980,3.7530499
977267,4.5586014
7125052,4.452898
8131285,5.4926167
16393500,5.01761
11689750,5.197963
13916358,4.643097
16757501,4.7764993
18347469,4.8292575
3952473,4.6982846
19829957,4.1076236
12855537,4.472215
19943797,5.8070464
12128527,5.9925294
13348600,4.7773705
16322139,4.0808544
9236790,4.2517724
12934496,4.8071694
7050316,4.205992
14589457,4.763491
20989806,4.560455
18396887,5.081932
10513135,4.859582
16670289,4.677632
2650125,4.628278
12566041,5.576946
7869796,4.549794
14569725,4.793666
14360509,4.869725
8106026,5.228849
10855523,4.0455694
20138853,5.8971257
12081222,5.048215
15480695,5.293577
10070413,4.285513
17072544,4.2469068
1276554,4.586916
12815096,4.1111236
20980627,4.987644
19197277,5.2276497
11315228,5.240275
12426775,4.4931455
2272872,3.5017836
14712735,4.66011
15133710,3.7704408
9882522,4.344789
16310963,4.6817093
12948486,4.4371653
789686,5.537938
12778606,5.0714903
27028,4.2564273
19362402,5.3582582
16509960,4.439149
9032751,4.20036
14339824,4.020872
19103076,5.6062546
488327,4.7587686
14895510,4.4980254
19721036,4.1036034
8571629,4.712667
20874820,5.29762
9331114,5.669881
7896539,4.701089
18214147,4.4251175
18127237,4.978302
16869085,3.9910998
6120333,5.051484
11274078,4.916149
7917008,5.7873845
15885992,5.6684394
9923037,5.2030177
15422181,5.0897527
93540,4.5795074
690960,4.838711
20664395,4.474995
6622120,4.8207755
13208951,4.8761373
11824105,5.092668
7076206,4.983889
6784999,4.651681
3529888,5.212089
16603769,4.026306
19504080,5.0108676
19980160,5.626209
8386889,4.091124
16828675,5.371227
20788578,5.3204827
4968798,4.819683
13785938,4.1502576
20817152,4.261517
20722844,4.267276
16086870,5.0558724
13451379,4.475925
18184623,5.2293816
9995753,4.324002
4614435,4.2856
16541884,5.5588255
9331036,5.038047
17625675,5.660418
1027463,4.225722
16230057,5.5761137
17729060,4.8733954
14949161,4.32661
19981092,4.9114213
13961073,4.232387
2274295,4.340404
15720837,4.268676
7366691,6.367098
19502320,4.6328883
15785785,4.625421
18288362,4.111623
10186684,5.8179007
18827071,5.4881115
17684359,5.1079245
16627548,4.520535
11604005,5.37931
20395608,5.3593273
20195683,5.0690746
8864716,4.6004567
3843997,5.3143783
17513277,5.4770823
9369328,4.91105
20205227,4.917702
15916485,5.4094343
256078,4.6047196
18755373,4.071309
7970927,4.87905
8505892,5.79368
9731479,4.7529387
4098656,4.7759
18473414,4.2645216
6748788,4.4581547
15257994,4.7910166
20746223,4.3091455
18483243,4.4813595
16765102,5.1638126
7281277,4.782383
9215155,5.283863
19038705,4.78245
2243462,4.196933
6516410,5.027613
16465058,2.7969608
478604,4.268792
16534602,5.232309
20605087,4.379654
14982907,5.721534
14951857,4.7569604
15884287,4.991847
12857693,4.8688507
6823882,5.192202
4357464,4.2217145
2513351,3.9635453
13962203,5.402891
1113125,5.2598596
8877733,4.8135724
15327841,5.711248
11010288,4.7006598
14438244,4.0678873
3603622,5.180512
16505003,4.96765
2666204,5.6161876
998925,4.341143
7945940,5.306039
9707426,4.918808
12351225,4.0558977
20085462,4.918011
3493840,5.3229604
4551090,4.029132
15997512,4.74536
571242,4.8919487
11701404,4.3882346
10614478,5.987898
10613200,4.305878
16240049,4.1582265
1839341,4.252669
11698006,4.608562
17026833,4.4659843
18986503,4.288951
8120490,4.8214545
14267010,5.2281966
13910530,4.2144547
11362569,5.758645
3577693,5.4324145
14962291,5.255141
13190642,4.6707187
19679007,4.251092
13151673,5.016721
4211379,5.578501
3544655,4.364934
12358882,5.368095
16113877,4.6622887
2998869,4.3066945
14627223,4.2035155
4582684,4.4699492
14383299,4.264624
419200,4.3042817
20775101,4.9457645
13020147,4.139027
17344078,4.369636
3344931,5.19234
19864595,4.4402366
7114665,4.528963
9999294,4.0835056
1785575,5.1402807
11146400,4.6570134
1950318,4.8158827
10223695,5.074074
5990023,5.121434
17996806,4.9652777
21110772,4.167052
7241980,4.28156
15344463,4.6188817
14965996,5.7356033
931579,4.6469803
9843998,4.9106736
14541986,4.196036
10835542,4.218861
17385380,4.2482715
4966041,5.1311774
12028733,5.8254824
10408566,4.3019843
14670390,5.5716133
13432253,4.495743
11928146,5.270774
10709860,3.9807475
18290597,4.2719774
2576971,6.017322
16648951,4.816383
6948970,5.640206
4694564,4.4223948
11695285,5.013219
18412293,4.019515
17721886,4.180849
18756348,4.23338
15611196,4.899747
16043329,4.6194453
884598,5.2033825
10010012,4.8672485
19488382,5.0742354
15949525,5.368161
14473872,4.447697
18024702,5.3487496
13006383,5.040842
6800916,4.3754544
2488837,4.0888085
843943,5.3137703
7274483,4.685534
8294525,4.4063654
14038503,5.016994
6232987,4.4194803
4685448,5.04088
10789998,5.1550803
2880944,4.3404317
6076745,4.086384
18523983,5.7023597
2228693,4.1974635
3278436,5.0536385
8324473,4.2371106
16311148,4.668218
1720664,4.9712768
456451,4.8754025
15083737,4.334522
18094117,4.399786
14210928,4.2864437
19914209,5.0362926
16644221,5.193352
956612,4.9176006
9318545,4.731794
5960798,4.7249484
18767961,4.9131303
19970315,4.2076807
10600572,4.175729
6813025,4.6086917
7761644,4.11894
20858051,5.3054185
8552338,4.82386
6912189,5.0490565
3040673,4.269948
17480547,5.6016135
3531684,5.209692
10038250,5.17727
9739621,4.763079
13476315,3.4212906
18558700,4.472094
20234416,5.8615646
15002273,4.5325694
19407153,5.7125673
9881685,4.744367
20285257,4.655486
14415992,5.0304275
12976191,5.0526853
14806859,5.505844
18176946,4.208369
16845408,5.0223823
13506956,4.2504745
14254802,5.3137894
19893509,4.9791193
10343542,5.1090817
11900,5.570776
13894976,3.3723745
1821859,6.2662716
9173233,5.492313
10599195,4.096726
17026578,4.6977506
9317916,3.8246195
11658239,5.051282
13486885,5.2896256
4263072,4.2050323
3939230,4.559956
1828443,5.1618886
4490396,4.807758
16378328,4.3503394
19288937,4.5263124
1354619,5.614349
9959067,4.2942142
18397081,5.323526
7488402,4.21682
646570,4.226292
3311690,4.341811
5989881,4.4913077
17509770,4.1753254
13866423,4.1808624
16221912,4.2867517
5031569,4.86597
13544874,3.939679
12546117,4.659037
15005202,5.365862
5262991,4.8549366
19971005,4.340632
19097358,4.808999
21156632,5.7379155
16100002,4.794343
14845075,5.10352
7958214,4.9129863
11411839,5.2791243
7702451,5.104496
15176641,4.3036895
15769147,4.065269
8870310,4.273145
14265515,5.2455516
4533298,4.9026446
12412896,5.094233
16443566,4.058516
8485571,5.794036
9901546,4.89622
12203001,4.7185297
7054585,4.145967
1644684,4.6156983
11326005,5.25802
5158249,5.429605
1354973,5.0550504
20175220,4.226915
15328533,4.959427
14317759,5.0031176
17450190,4.9152164
12601326,4.343825
5730176,4.4457884
18548629,5.680413
15952702,4.549838
21217774,5.4258065
6412848,4.3522
6222895,4.8750715
15420103,5.391483
16011877,3.8069353
4003231,4.7909575
17641624,4.1272182
8343,4.373638
15176931,4.823578
12307813,4.9727864
924658,3.906006
16888446,4.431629
5221064,3.8388379
15376447,5.011014
16975889,4.7091446
12592710,5.10617
5007164,4.7086663
17341267,4.1779413
3978823,4.232429
8390580,4.228409
19603624,4.406233
17924967,5.3386827
18129594,4.549317
482365,4.986274
18072810,5.0651736
20912583,5.2056093
18025058,5.0952973
17108142,5.5549517
4735505,4.39118
16205963,5.102515
859586,5.112511
818337,4.4057407
9734068,4.613189
13980280,4.0622153
13550120,4.2657228
5411135,4.9660397
11482924,4.282372
19449783,4.9597397
4075898,4.444151
1891017,3.478246
361023,5.9208446
20916679,4.4886346
8901436,4.7716722
10946042,4.8790746
16741935,5.2706337
6239043,5.2979016
2054032,4.8087864
10942409,5.184007
8550351,4.088779
8393713,3.0572455
19083121,4.9731555
4225569,4.957007
13114388,5.7300434
5707524,4.3718424
13033156,4.195099
14310860,5.2012935
19331762,5.2605557
17881850,5.224767
3112708,4.512112
16986063,4.5101376
6703380,4.4272323
20748268,5.361979
7656308,5.5591507
10882515,5.169152
5693799,4.710728
5126076,5.082037
6525271,4.30048
2054909,4.6873164
14222252,4.4043026
9333739,4.417162
18225813,5.154253
7714405,4.6983223
3194383,5.2854652
6223976,5.0582485
15692969,4.5466394
6684697,4.327518
671022,4.6502957
20213310,6.0152254
14742751,5.5218606
18360099,4.414805
2070192,5.794263
2404647,4.669097
7678792,4.8431273
13789960,4.787628
16428954,5.261737
3689473,4.0978756
16226031,5.632528
537271,4.7592435
11379052,3.984413
1093570,4.5629916
16289239,5.2142186
19064354,4.777069
19532164,4.203179
6053101,4.512083
10083881,5.3728023
20826953,5.6338058
7614312,5.182315
8630185,4.9101963
10705968,4.9777365
15954511,5.4111843
17965518,4.6991086
12796750,3.0789528
33399,5.1471386
15219128,4.388953
13066690,5.739147
11969704,4.3946605
19528396,5.6558275
2162330,4.9430156
14249694,5.289186
16422375,5.350903
15842471,5.309045
10635941,4.900427
3791176,4.1371493
17972013,5.528394
18473391,5.582085
15112825,4.2792807
3242606,5.9328604
17945950,4.2411985
11281523,5.1303754
17098274,4.276823
8042732,4.2868557
9614427,4.963631
11470818,4.422691
12624783,4.87803
7575345,4.373277
16859322,5.7486324
3931550,5.1582093
10546363,5.5253215
7431316,4.9741077
276491,5.456366
18128788,4.267127
6511675,4.254167
1750679,5.1621847
16709779,4.7255583
10436526,4.4277725
15874916,4.9771147
9814831,6.3935905
794535,5.0398064
19151760,5.248546
13280980,4.293347
1104042,4.5739264
13356566,4.3259315
6016647,4.8600206
5959882,4.805392
557213,4.501271
20499955,4.792958
8427940,4.3532667
8079564,4.34175
15204760,4.8683295
8189753,5.226822
16405268,4.8675327
16543304,5.6529107
8547335,4.528963
4902565,4.427168
20696327,5.0990653
14390217,4.2586746
4859407,4.955282
9196933,4.8330474
9755793,5.357378
12815199,4.9355454
345502,4.203013
13633405,4.7849402
3853680,4.5831428
10086885,4.9757476
13056210,5.8982253
9046242,4.5692344
15235199,4.795454
8614790,5.942537
5629953,4.915648
2586472,4.9586515
17368962,4.9293303
5125711,5.067904
12902372,4.1919227
7733964,4.3782616
10891265,4.6061034
10995743,4.2902083
20655641,4.2459087
14772401,4.33953
18624243,5.583361
17531080,5.4787865
556729,4.0722556
16000972,4.259629
6810307,4.4739857
6238463,4.0427127
18646653,4.3804836
11257722,4.7416644
990171,5.7599545
5051551,5.160247
14783613,5.336205
14747405,5.1788473
14981413,4.5025477
2876055,4.7347617
18857290,4.9961514
7115022,4.279768
20376438,4.528963
16532992,4.8363266
18686508,4.2658954
12776925,5.677513
20906852,5.61356
2131154,5.8788147
18564261,5.8931923
2948671,4.156423
5685076,4.7578626
2357443,5.1981936
3272552,4.2831774
1128894,4.8296585
11700306,4.2087393
465959,4.852668
3992691,4.9904103
8606256,5.094568
16997126,5.3030286
8905281,4.247455
7051813,4.811122
2746220,4.7170305
17559846,4.3249245
10070760,4.2434063
12829151,4.694692
16604785,3.9447894
20708493,4.448874
626136,4.2427645
5165050,5.002431
4597234,4.044389
13882984,5.248552
19356659,5.070095
11555265,4.951295
20605501,5.4162664
19459315,4.8523717
222913,4.1781282
3638792,4.313599
5518629,4.283582
15557960,5.33071
2267278,4.4189935
6129137,5.762578
19505195,4.8708134
17935960,4.0322304
16885779,4.8776584
513573,5.559183
17016070,4.2021956
3750550,5.7162366
13650050,5.1671834
13981376,4.0738854
13447151,4.111249
21042513,4.433742
13860284,4.4329324
3790118,6.2518535
17515757,5.0565634
13444902,4.0307584
16917550,4.395073
14897631,3.9877186
18450568,5.213686
16690221,4.2554154
422820,4.150439
845517,5.0753126
5046140,4.929177
12623635,5.458557
13902591,4.8259783
447304,4.7948885
15936971,5.571221
898737,5.216036
1937571,5.692348
10119327,5.4693313
9906855,4.9842954
13774019,4.4067163
17178213,5.671933
195229,4.2153397
1644146,4.923372
17781440,5.614084
2607700,4.9157076
16626584,4.510058
6545310,5.0046024
2057480,4.5370183
17701106,4.404867
1095376,4.2238
20353612,5.0589724
1721157,3.97265
2659183,5.885335
7616844,5.62562
16634378,4.7369137
12370520,5.070898
1954653,4.840051
12906879,4.876247
699284,5.0934124
7420598,4.719954
18852048,4.796484
3447361,4.018604
7309679,4.826271
5038299,5.0982437
19814846,4.6783586
16985413,4.8854456
11646493,5.287716
4917217,5.8666267
7435304,4.335513
8630001,4.168265
9048768,4.199642
9944808,4.4858594
3459112,5.0204153
19099875,6.179587
15628815,4.8879766
3236561,5.6074605
11096433,5.149851
9256276,5.231795
11103145,5.466626
4848364,4.627961
15465050,5.4798074
4424391,4.1455755
16814616,3.8319361
4690677,4.248791
17778277,5.371407
18232716,3.985664
16635384,5.074898
3936970,4.446972
1232365,4.2393656
18311634,4.2526655
20787119,4.097316
8980303,4.6089816
18813227,5.7458954
6750510,3.826323
16554836,3.8807392
20571968,4.307716
6823194,5.016324
21007370,4.975028
17513722,5.2880597
19491534,4.7535334
16241555,4.7032013
15154,4.1946454
5627530,4.9044385
10970583,5.065553
13530588,5.7277355
11023949,6.097446
18842537,4.270728
9341334,4.2402334
12467337,4.9724617
15028677,4.8518596
6822854,3.84709
8323464,4.854721
8189121,5.261127
16924932,3.2304127
10193457,5.634078
18074535,4.7435756
4902497,4.2113395
13452384,4.449795
19330743,5.42029
4386475,4.5741587
11218988,5.0930223
18509431,4.449217
13308276,5.076636
14430192,4.7734833
16795643,4.455603
19654640,4.476166
2559297,4.2309127
8829524,4.211327
9906415,4.178578
7161189,4.1420083
2341778,5.4191456
11240462,5.4328203
7246757,5.961056
16240325,4.2066226
6290441,4.073996
8736973,4.578721
15959135,4.295451
17111385,4.3822274
16304936,4.3552523
16725879,4.1581306
10594745,5.160307
11772032,5.066034
4965526,5.029659
20483551,4.7532454
8734707,3.9942622
9050129,4.6605477
10040872,4.483991
15072215,4.4849586
16917319,4.51379
18945706,4.187625
4225455,4.7609553
180792,4.578014
14215135,5.901839
5926953,4.564723
953314,5.132311
9476198,3.9228346
9153411,4.860135
900225,4.002002
15873231,5.446951
2636762,4.3177247
1589348,4.0043387
7092618,4.9529324
12054586,4.4897766
9864428,5.6750345
20641534,5.283273
755352,4.3882694
15660378,6.0769005
17860959,5.0548267
1438504,4.2585397
17718480,3.7645946
2947993,4.354242
6135360,4.2004404
8740876,4.195395
10755749,4.8510356
15069107,5.0496197
13532634,5.514988
15820088,5.1393743
25662,4.3059177
6712685,4.277151
20504313,4.837384
8043255,5.8981075
1407015,4.458045
13265419,4.0737095
16174929,4.83764
1970915,5.042486
45556,4.2973537
4502159,4.044873
6303827,4.4528027
12158713,4.1632247
319724,4.287378
13742824,5.324157
4621287,4.1525216
17459536,4.458939
11572296,4.172321
12884871,5.2516603
17495095,4.405562
1700471,5.278569
2957425,4.4169583
6524402,4.1584973
20379114,4.940568
11906184,4.3391156
15971308,4.8322434
16397410,4.32188
19701913,5.7260523
14058023,4.969728
19947116,5.256181
18689901,4.645419
7071689,4.965684
19764276,4.2958984
14933982,4.0595984
16872355,4.575485
16741578,4.2710514
2721883,5.1579084
13402594,4.3617096
18790512,5.541212
5558358,4.6419
16686651,4.684734
2157550,4.994918
4853287,4.824603
15096276,3.8040984
12835688,4.3022566
5066502,4.964268
4227161,5.652177
6601333,5.264814
18040970,4.1934776
17144905,4.483639
12549742,5.136992
15344384,4.67843
8967464,4.9548345
10538353,4.8873525
6784818,5.4808397
20545358,5.143056
9468121,4.7939878
19101654,5.9010158
11530845,4.6400404
9751826,4.7169027
57874,4.3215146
15407276,5.2372646
15673447,4.548962
16365022,4.7441416
14712562,4.803707
12171619,5.2068977
18077648,4.3701706
4240663,4.2554927
16934360,5.629913
14120431,4.3114653
20819304,4.1542974
1456006,4.923929
13684464,4.469499
4917508,5.112029
15647398,4.229483
13371699,3.5394955
5214613,5.459201
9824042,4.3474817
16475217,4.5857205
14822480,5.3774085
15160743,4.9108205
13866223,4.8209786
1354761,4.701637
9409422,4.217698
17904960,4.307997
18931999,5.2565107
8151072,4.1278405
9465691,6.325753
13362097,4.719717
12497715,4.2737145
13281894,5.956895
20123290,4.1635284
17937634,5.265069
12498361,5.5568542
428180,4.893508
741154,4.301115
14056226,5.5016627
19606319,4.3576565
13545656,4.7560334
9681391,5.8310957
1584362,5.1763253
8274123,4.6560335
19019541,4.730652
8303267,5.017147
21118935,4.5023046
837256,5.4098334
14387235,4.9665775
8743145,4.34427
7438892,4.979327
11125769,4.6575704
14802396,4.982137
20703941,4.210539
6044116,4.442628
14569955,4.0575695
6078393,4.0336976
4997688,4.2637954
20602769,4.596018
9967360,5.1214557
11730644,6.3636384
19927120,4.753686
5780038,4.3287716
12129245,4.1034455
4430808,4.624584
12884764,3.4082074
19136283,4.073546
11870060,5.4875193
19848467,4.58391
18157022,4.245919
5757509,5.049082
14928081,4.344297
2978994,4.5821857
7820423,4.443437
16119921,4.400334
794020,4.720639
18838320,5.5978
13863311,4.9526134
12024356,4.4363294
8485642,4.3995395
11357962,4.6139827
491529,4.3198605
13909352,4.348666
10812807,5.1643424
16218886,4.6731057
7075989,5.0859313
11315578,4.926968
20881491,4.13697
142177,5.002352
18960937,5.1428137
13194639,4.035648
13671826,4.543652
12737316,5.1517377
6167141,4.200442
4802903,5.0615244
9921925,5.443163
17015877,4.152867
20875414,4.64788
18020992,3.056122
18874079,5.661119
729811,4.8940835
11983792,4.933671
15122037,4.205397
1294678,5.0737405
18073796,5.2148776
16133543,4.785636
19853102,4.842019
7518412,6.9391284
17287604,3.3429148
5977676,5.1788616
19347330,4.6016026
19307532,4.626471
7634095,3.8743732
16689720,4.4386363
16395274,4.4149323
12567869,5.100638
11633801,4.1869082
13252064,4.918438
12193322,4.503578
16689548,4.6310534
17530177,5.1469665
1434010,4.3016224
820108,4.197496
15603933,3.8473597
9975089,4.673249
12466113,4.2291393
15285254,3.990396
9825146,4.453426
20439721,4.307149
17461303,4.0261593
269521,4.7725964
17693322,5.8787446
11702558,4.334563
16908007,4.883511
17180872,5.07062
13152477,4.4210124
10019508,4.2638
3870836,4.9100256
5402480,4.931011
17608647,4.984762
5969441,5.200909
2641500,4.0294356
6609871,5.591085
13083478,5.3610234
411757,5.3200264
11222221,4.588834
17179516,4.1793513
8548529,4.7224264
3241057,4.397831
18027003,4.8608594
6716133,4.2386246
616517,4.8435717
19636696,4.373735
21014394,4.394497
13564457,4.458696
13437584,4.709044
8838057,5.5035386
6939175,5.7593346
7939396,4.2290564
16702101,4.633433
13418981,4.9503546
279123,4.5139546
7604874,4.250208
6702670,4.122927
15521162,4.0904365
17126112,4.3963056
9901706,5.041382
9095082,5.2716603
14233622,4.2508774
6730873,5.1569686
10038633,4.0071015
13222957,4.886231
11911827,4.8680515
7367165,4.3579364
7094961,5.154027
8905219,4.036445
10054040,4.0666223
11971223,4.9687967
7575044,5.165586
16587034,4.6910634
18675061,5.3204603
6627354,3.4876668
20301415,5.3723183
15656529,4.665374
18475187,5.0188546
17545775,4.308875
19068598,3.9652147
3841048,4.496771
13866911,4.9914694
13714244,4.8404145
3504289,5.586433
18491306,4.3944044
16827423,4.237105
5972977,4.209596
497390,4.2637124
3861771,5.224868
11849017,5.2187805
9514832,5.089175
11522815,5.1916194
11656750,4.3334994
13618887,6.456512
17603822,4.981063
7239024,4.0217466
13630666,4.194823
16405871,4.803785
18078087,4.1455903
16811931,4.14892
17541468,5.492131
15771978,3.3385956
571561,4.924624
3319447,5.1601496
1467522,4.348576
4995993,4.8481975
10263331,5.040533
13301513,5.380534
15483422,5.809523
1594395,5.066423
18273125,6.0106454
15194855,5.2473903
10673957,4.5040126
7783059,4.5395155
7841833,4.6277833
15097942,4.4073915
645075,4.305335
19811442,5.514223
15253187,5.5473804
12568104,4.7177835
1243943,4.8546004
11981145,3.979746
20388115,5.2140994
3082327,5.217637
9128834,5.200438
16618464,3.90815
12155274,4.853363
7055126,5.2559533
5613279,5.309552
17808523,4.5420837
13732689,5.5105934
10553960,4.327254
536865,6.298754
11378048,4.313369
13297200,4.9799304
908640,4.7092743
13717077,6.1022587
4629321,5.069721
4416167,5.497753
6653315,5.258855
9525241,4.338504
14976743,5.602606
10075793,5.4863853
2127746,4.8895564
20192804,4.948891
9771237,4.8765564
1199115,4.385152
2528636,4.8336554
1540744,5.435879
17480071,4.1714106
9944415,4.899634
16488612,4.1111155
9789350,4.86133
19836161,4.751023
8442373,4.360916
15924108,4.760908
18383025,4.449898
18313045,4.9144206
140133,4.087428
17641299,5.132865
16720186,5.7412796
3048226,4.858766
876488,5.207562
3039888,4.294032
1819094,5.3653183
19315635,4.3763185
15659032,5.2564836
7053165,4.733735
3340979,4.7475147
18175070,4.661623
6338345,4.513326
15174001,4.68052
15768964,6.312917
16407582,4.763953
11929230,5.8895526
17517144,4.912189
7618790,4.6752367
1614622,3.9536784
11151224,4.427409
956342,4.7463627
3638852,4.7402086
17029043,5.474174
7834733,6.330968
15899736,5.5262604
6237175,4.9023037
3155385,4.159336
17282807,5.166013
4742068,5.4693255
11227725,4.9626036
20641793,4.5546727
13078025,4.176
2380815,5.77165
19865338,6.1461306
1450426,4.2373614
880851,4.9481688
17451062,5.3316565
7807454,4.816227
10460113,4.0560637
8356513,4.9192305
8053899,4.3529086
15404167,5.3928046
16432772,4.156043
5938249,4.2506843
14819274,5.2752776
13374096,4.286263
15788639,4.4619875
3037740,4.7929006
7857367,4.9804482
11498108,5.682088
11695338,4.70773
20741563,4.5668187
12674680,4.791676
18460988,5.4821005
15288521,4.516589
16976743,4.8042874
3355334,4.288154
13020509,4.9206195
12973134,4.726237
16002946,4.7588234
13953352,4.1563187
7727061,4.3244815
16435345,4.348611
16596505,4.1688867
17012372,5.0616145
13479621,4.918124
13776092,4.821624
11463766,4.933467
15433592,4.215444
15932054,5.480017
20468295,4.2271485
13658448,4.5600157
10879152,4.665772
13172832,4.29757
17177397,3.923303
940014,4.5195994
883480,4.5182204
20902120,5.306984
249914,4.300693
7744170,4.7186933
14932128,5.3031344
15045213,4.088525
6055004,6.0269446
6288338,4.194446
18874472,4.7906737
12551557,3.900747
4350779,4.681303
8133707,5.6215105
5144689,5.2963414
16480197,4.303183
2544519,4.1037984
16693523,4.9778543
19267834,4.82636
13895437,5.069088
17750513,4.100001
6674155,4.974198
10437411,4.810708
7507613,3.772062
9547920,4.223907
14840923,4.044574
18961687,4.1416063
13361254,5.618836
14652395,4.5710807
17112645,4.1608305
7230002,5.30874
7526789,4.690111
14590476,5.3021126
4996296,5.597862
20355009,5.462608
17462665,4.0016837
17318005,4.757854
3861766,4.1974177
11478617,4.893577
2953058,4.174047
8191897,4.026838
16829090,4.4726663
18518371,4.92276
3973944,6.3621135
16678990,4.729111
13416018,4.897161
21150610,4.4185314
18072133,5.0888066
17669561,4.6161227
19209752,4.1080976
18025977,5.2161875
13408222,6.0392156
15967807,5.669606
14303090,4.5678887
735752,4.8857784
15041577,4.749396
17155092,6.2003584
15565686,6.2934165
17250557,5.0326004
15068710,5.56481
1635088,4.350492
6661923,4.778859
314982,4.800417
12270982,4.9098663
221043,4.9348288
8828828,4.294622
13262678,6.018129
14733825,4.292876
13091817,4.3935184
16347088,4.1834526
7783204,4.909556
18026744,4.7559104
12972320,4.712994
16442120,4.5513096
1551816,4.4293356
4280053,4.965661
13091999,4.2871385
16814989,5.6904926
20850006,5.014036
2031532,4.9212155
16954330,4.6533527
16088335,4.0074253
15518009,5.5042253
12739738,4.9898653
6038470,4.345169
6913446,5.1036124
7699542,5.44603
20570245,5.5505624
6003758,4.3193545
7953568,5.5268183
11759291,4.9134254
18228031,4.3371773
12940401,5.713144
16338784,3.623602
19565685,5.0835433
20653931,4.4167027
19545851,4.229919
450011,4.948631
15522617,5.603862
10409218,4.8023424
16112118,5.8309956
4053905,5.4444313
6185114,5.07235
589372,4.3321056
13923165,4.893568
13997786,5.2100406
7197517,4.357936
9471413,5.175347
18042855,5.175877
7036,5.272729
8883877,4.830554
18019524,5.868373
4805121,3.9798193
7665005,4.6005173
16439961,3.9874022
19327413,4.097006
6832719,4.242503
5384671,4.7875566
20846133,4.018562
11950973,4.455378
13433314,4.2875695
13432549,4.8266144
17124479,4.419054
15314296,4.1074886
3992823,4.286215
16497949,5.126563
18396828,5.228446
18488856,3.9744656
9079710,4.8630643
7092292,5.96831
16428385,4.1617856
15085952,6.199424
4624167,5.6429305
13510949,4.1356945
16544492,5.2418394
11970709,4.3064775
18809842,4.21489
19717632,4.1490564
9789885,3.9321363
15192421,4.3017564
1363957,4.2289767
8580746,4.775699
19299031,5.0000596
3197682,4.8373413
17734063,4.1608615
3732219,4.9079847
6748891,5.261895
10767453,5.080845
16758804,4.8835645
18255181,4.7044206
5521034,5.2023873
8322485,5.5340056
13712952,4.754105
6453006,4.527793
11753465,4.8746753
13810779,4.5821033
8933294,5.23377
14163030,4.8312383
16879532,5.034904
11734795,4.259395
749455,4.4706616
10984873,5.102384
8161540,4.803226
20500854,4.828598
19176053,5.233975
11719158,4.2914805
9755479,4.8173337
14300751,5.1172633
13253745,5.5260463
20996673,4.1768365
7823272,5.2056217
4573728,4.947033
5423591,4.0229397
20802183,5.149357
9861808,4.1968656
271279,4.451591
15189549,4.852787
10789854,4.4763136
7855363,5.3981185
6224336,4.7381024
12998341,4.2492714
7399178,4.811058
6807421,4.010916
13637287,5.0437007
12521681,4.8314586
20798442,4.3782945
19346434,4.937792
13672624,4.1412907
1252565,5.5017605
1503618,5.1881404
10061326,4.690943
12334385,4.3400707
15113479,4.8831997
16807804,5.9897766
19122217,5.4703145
647303,4.2757707
10115466,4.647673
8702851,4.4468765
3966209,4.8423157
18263278,4.278315
16930596,4.8658032
13675249,5.0169454
3117463,5.0811243
12489892,3.9192064
19014787,4.5416756
2096756,4.6689134
17496511,4.713018
319760,5.6311994
5760370,4.4283485
4227441,5.4687934
12194958,4.872173
13623747,4.8708363
14782334,4.271118
4644669,5.3138866
15194432,4.0295086
11797375,4.7290277
6886298,4.0452065
9169630,4.350772
596042,4.308027
9577217,5.1782584
18013489,4.9727182
10049766,4.328366
18395940,4.7900043
14353820,4.6428504
19069427,6.000908
12105612,4.856259
17763234,5.447378
720341,4.7076626
18109405,4.663673
9367059,4.2584443
7531770,5.7937746
10919968,4.734351
5955634,4.398298
10038811,4.217768
533152,5.5567956
17794248,4.2509794
7599569,5.318052
438464,4.299541
9677584,4.6658435
11638838,4.293398
1654738,4.8041844
18199163,5.1822076
2164707,4.0983377
18174567,5.478177
12589159,5.1725354
66161,4.3941674
19505816,4.1350307
2227203,4.754547
5914810,4.7863574
12365752,6.131282
10112451,5.0513434
11861349,4.912904
20169188,4.4098277
16267895,5.416228
17699634,4.4687424
21023168,5.405028
16898261,4.99916
5489541,5.12832
1084130,4.595911
12813386,4.317588
14916549,5.2439747
15745662,5.245152
7004408,5.094911
20638551,5.2492824
20589739,5.235575
168084,4.9884806
17010314,5.2959204
21051823,5.1122026
13650968,4.382959
4000561,5.012696
18870621,4.990922
14254566,4.3639717
7581918,4.2920594
8420645,5.0237665
5704948,5.112254
12954148,4.853863
4294640,5.348018
14024708,4.697735
12734158,5.1125174
5537851,4.153963
1735489,5.0258894
17513483,5.099018
18448865,6.1792517
20352808,4.0941825
20432569,5.411036
4932139,3.5483134
20269147,4.1114697
10525911,5.0782347
14815997,5.0373497
1759462,5.6289864
1412311,4.392493
17939305,5.1342206
18193066,4.276079
10512812,5.1785054
16033356,4.611569
4491042,5.448178
3457939,4.336129
11436712,4.8940206
8319488,4.059572
6043733,4.938454
4994266,4.799872
16005973,6.34815
15758553,3.518359
9976986,4.614722
1235787,4.900045
7671080,4.3146615
6146238,3.9460456
15166328,4.8698573
6884851,4.832041
13201181,4.9855456
19673760,3.8199744
16943329,5.2597733
8842889,4.576346
9026474,5.043227
13223445,5.1432147
13150028,5.6863914
17027369,4.6157
5928632,4.9998865
7949668,5.262564
11046995,4.1518183
9760592,5.09513
19390402,4.3914065
13538157,4.8704987
415304,5.160259
17211543,5.3482957
5351,3.8588743
6885175,4.3111315
9547199,4.950444
16431343,5.0417976
13225764,5.040318
19004305,4.4099584
14902818,5.251361
2748064,5.0132933
5681745,5.0628185
8206060,5.344421
4119675,5.560383
47362,4.272568
660016,3.8172705
3430612,4.5560665
15676807,4.3270144
9972346,4.0540276
11681010,4.079686
18476047,4.9862165
6276574,5.886739
20801024,5.2235656
14206695,4.243761
14855816,4.5901504
9185425,4.638924
13641058,4.8445573
16281303,4.681817
9479123,4.724336
155859,4.206422
9824112,4.4982576
18253339,4.685371
16052779,4.755862
18433896,5.3705373
8731224,4.0530324
17608850,5.7585645
9575442,4.6188645
20862512,4.0192466
12493987,5.3430505
10074173,4.8872523
15116193,4.352712
12813503,5.1765327
9505047,5.6808968
14745479,3.9407518
236267,5.126777
17131113,4.704082
8426628,4.8965507
11986817,5.489264
16366668,4.8431115
17611930,4.929021
20173308,5.6507435
7278612,5.0292916
17331104,3.9938235
20556376,5.1894445
4782564,4.364936
20572354,4.23522
17945048,4.2895207
20460427,4.4959803
21113534,4.873937
3894472,4.6683407
15480030,4.6119533
13345572,4.84389
18486947,3.8337393
3991431,5.226334
6134199,4.551681
1074670,5.334156
6317776,4.098353
1647010,5.1684012
17072596,4.849233
15692543,4.0723
638875,4.7170672
12173904,5.3800063
20759914,3.8700829
506659,4.308937
7246272,5.047927
5409372,4.353242
16147102,5.8925443
215784,4.3262563
3917107,4.217884
20980209,4.6543126
15343612,4.363954
11874127,5.72671
9758041,4.3785415
3192470,5.0595407
18590492,5.089763
18580921,4.315227
4329515,4.7620726
15249018,5.4424243
5578843,4.5816755
9133739,5.8919964
13400409,5.340688
1836000,4.1224957
13152955,4.40495
18916998,4.749133
437352,5.8836
16179346,4.7279506
6255597,5.052734
17326116,5.2203407
15193464,4.605951
5709246,4.6896157
2754912,4.9401736
20478963,4.261525
17498871,5.0356846
3842716,5.0577865
10612067,5.17112
17239342,4.5915747
546383,3.0008767
16829087,4.9054794
14605670,6.2835536
9827386,4.5512238
18580548,4.695193
3129731,4.9692674
12475300,5.460199
6727661,5.4324207
6257715,4.8551135
20586622,5.4835653
708731,5.5143657
17046027,4.3838367
15289766,4.3611755
7801034,6.6113753
6357527,4.965058
7026258,4.286772
13734592,4.6056037
9394635,4.415056
12282434,5.506266
454929,4.4328003
13522173,4.509568
11041752,4.7548056
19339770,4.9975853
4423735,4.1980414
9339092,4.7526684
18331554,4.262018
9669321,4.1994314
13065228,5.2593584
15117107,4.2840304
7539610,4.481849
17445991,4.345535
6179073,5.2634606
18506613,4.213972
18344118,4.810745
10367884,5.090198
13631074,6.319088
18975009,5.423277
9900650,5.438852
16782127,4.379338
16331827,4.2689695
9686580,4.313025
13261006,3.815207
11213078,4.988018
13660081,4.3516355
17990157,4.575173
19931560,4.8501296
20389872,4.4275856
16995414,4.3834405
12473611,5.4919195
6051951,4.9606595
9064211,5.1724577
6038392,4.5967584
3341682,4.321051
8530589,5.577249
703971,3.9201112
9736600,5.7277627
11992689,5.0886045
9390274,4.4576955
14669901,4.7132726
1101403,4.657385
6180121,5.1219673
16945597,5.4069743
17669272,4.253827
1755806,4.315937
1088886,5.187461
10789497,5.152985
4325329,4.4609113
19585646,4.418087
5258459,4.416606
20202816,4.591542
19803775,4.951456
18434006,4.8277745
13998056,4.152805
14500012,5.118789
5433246,5.095422
8054815,4.957484
821625,4.678959
16168123,5.197949
8499619,4.3096566
6567114,4.0743523
15804990,5.0693655
62925,4.472227
2961876,5.973632
8442634,4.8104835
19871002,4.192194
10419147,4.8358493
17738855,5.70743
651475,4.7699943
14673134,4.245824
8917018,4.162236
466274,4.1515913
20137039,5.5469856
20300,5.441034
17632840,4.7459083
6018798,4.3636684
20959276,5.0389276
15673365,4.1616764
14058357,4.9146156
13266202,4.344412
8955133,5.125119
504938,5.158713
13045531,4.364929
15616815,4.3141003
14851292,4.780551
7413866,4.430957
14141318,6.0101957
7573430,5.1304083
7496203,4.2871513
5236234,4.6359906
10791348,4.4321985
19951032,4.1908207
8542487,4.5201845
9615976,5.5855794
13744322,4.994917
19244550,4.872983
5353612,5.0885468
9530845,5.600653
4368547,5.7225327
10514866,4.448288
9861323,5.261763
1970816,4.9172144
11020738,5.4556756
12202511,3.807553
17027582,4.882492
15272696,4.2860904
3720986,4.744942
7713808,4.8311453
12953757,4.22717
8501722,4.7094254
679800,4.6173077
3842804,5.2016926
19780937,5.106534
4603588,4.315208
20151455,5.599007
11511,4.3088093
9570618,5.673439
13425681,4.2952127
20408846,4.834492
17992269,3.363684
18785214,5.47122
20076485,3.7954264
456457,5.037353
7070947,5.0083246
16177970,4.824407
6672742,4.948279
4471138,4.796911
9219472,5.3329268
19904805,4.3418946
8273001,4.030175
205867,4.3766346
13490648,4.2895684
9763851,5.1371555
10339429,5.7120304
17153135,5.4687343
15174710,4.1579833
2088389,5.2435665
9825539,5.751832
84659,4.475887
10484019,4.9722743
14042849,4.0665083
14304657,4.9783225
6316005,4.2547193
17027867,4.3053946
361603,5.321669
9635981,4.372187
12918614,5.2314577
7518765,5.9206038
16701336,4.453275
14385830,4.9850254
11653481,4.7764797
8649257,4.51278
17500531,4.8039064
17468583,5.105488
17276529,5.818408
7764330,5.6374435
14429918,4.370013
7223802,5.128635
10344726,5.9016604
14916629,5.196251
14809312,4.2444344
16720354,4.2994885
1210748,4.188889
17117631,4.784431
5797401,4.218138
2494739,4.313012
2021458,4.9724717
18785037,4.7683177
1987949,4.489411
6973286,5.0683017
15973684,5.0242677
7333311,4.962915
762478,4.307237
4343011,4.774535
16056618,5.3094244
18737881,5.18756
16467367,4.888596
11658782,4.548182
17621139,4.7952085
12370347,5.415423
16497519,4.3604617
18215003,3.9676144
18293658,4.6216187
17792832,6.282856
15195286,5.0254593
16189105,4.9913015
6577874,4.2699156
14768657,5.115798
467839,4.5568423
5432597,4.859208
16088162,5.236373
16917225,5.4940567
18865511,4.550118
7440618,4.9742856
15080994,5.886503
16414567,5.1980867
8656806,4.8629255
18242005,4.962881
16230159,5.0099
10988496,5.365567
6014718,4.605472
7775454,4.4428463
4681486,5.1619163
6935299,5.006536
3920562,4.340134
18294675,4.206354
5656458,4.1005473
1150382,4.4353857
18735449,5.0352
15635287,4.2174444
1641060,4.376283
20693444,4.327229
14963779,4.046806
19014010,4.3596272
18007393,4.6554394
15240480,4.8173285
7690210,5.1957393
7762930,4.3583655
13853304,5.158782
9809709,4.5133123
12784862,4.5326877
763833,4.8538427
11228502,4.0468035
1614802,4.2752485
10036516,5.4472322
9696680,4.7174816
10522383,4.1624804
18159407,4.036062
16964101,5.972085
2007172,4.2684546
6481685,5.769407
17431199,4.2046123
12249865,4.499834
14294426,4.164335
16614276,4.4500113
17794278,4.190406
16498294,4.9085193
784169,4.359303
19079187,4.748884
11488475,4.8503366
13640476,4.8006787
11771422,5.8680353
7698070,4.7185745
5826700,3.9249082
2658295,5.3776197
253815,4.209272
9737794,4.4296975
20517481,4.3664794
16721587,4.169978
17387395,5.073045
11144862,5.0411406
18392510,4.2658563
4494258,4.1585603
3345223,5.0335793
826214,4.0941634
10673908,4.5854836
16230905,6.263175
9929790,4.697006
254844,4.9103985
18597408,4.4186773
13258244,4.021022
20354019,5.000033
12189969,4.1410375
11884931,5.098711
19950255,5.448604
6055964,4.14168
16300888,4.951551
17666562,4.196809
17652555,4.121201
10316923,6.0267673
182564,4.585153
17456123,4.9686356
13815045,5.097591
9150171,4.8770385
5667901,4.2052217
18576723,7.1913
19609264,3.3119082
9888066,4.3956413
987329,4.3107615
10527170,4.3648305
7603122,4.3216467
9080806,5.018072
14318739,4.3795586
18018454,4.0705695
17108224,4.1590066
2644321,5.0799394
11306044,4.3555093
1026034,5.5311136
15646603,4.108231
8863005,4.1956706
19407781,4.552911
17702663,3.7210653
8903235,5.6413774
6655786,4.447214
10811665,4.846389
10363988,4.866955
870862,5.0655546
7309371,5.4180975
18449942,4.763315
13689617,6.1248317
2686412,4.524809
12561615,4.4670653
9825505,4.2955904
642233,3.9932199
9138458,5.0671043
14152806,4.771036
18548813,4.42741
15144488,4.4871755
21139072,5.481508
19828845,3.982119
9208531,4.1773295
2540147,4.4251404
4348422,5.122616
20394799,4.3239765
8150095,4.3492312
6988793,4.282155
16569306,4.5454845
13642886,5.464986
2172285,5.2903476
7309811,5.676071
18095400,6.331516
18374985,5.283184
20480431,4.9982157
7917755,4.8186693
12091582,5.553256
12256719,4.460356
39586,3.7165313
9857,5.0443597
5447285,5.054802
4379417,4.818143
356290,4.317083
16382057,6.098832
13914237,4.1447334
3102197,5.8844934
7918355,5.8009534
8722973,4.7938185
16040802,5.1904955
4218067,5.22347
15695059,4.108151
13730284,5.616638
13218606,4.4669857
6460064,5.2958674
5939328,4.2039976
12420694,4.796481
16102130,4.3054824
419874,5.257147
12656474,4.4869447
5041693,5.184936
1724750,4.6714225
19220496,5.182612
14527923,4.862215
15179890,4.5491667
14893553,5.0555606
14104889,4.7137074
19717533,4.930874
18535259,4.248346
2279254,4.693561
516461,4.8911705
16980144,4.7792234
3292208,3.9374359
17547277,4.4245276
1560408,5.8503795
5643083,5.0856214
15655569,4.213413
8439661,4.6669207
7032896,4.350552
13450628,4.410501
12262468,4.3509007
16601969,4.5523443
16314979,4.426268
1305265,5.2240343
16766051,6.087978
16771414,3.9439669
13766525,3.5297475
15535554,4.163897
18283775,4.8810654
13525898,5.1044135
10068653,4.79402
4163331,4.474644
15903020,4.0550027
15452573,5.4551535
13466227,4.2391224
12287506,4.401408
13399386,5.217731
14350005,5.2800484
15718220,5.0169134
4169840,4.62798
16028674,5.0119505
16733496,4.817751
1713797,5.1801925
17621389,4.205342
16780469,4.181997
16493084,4.5130415
9183131,5.806529
16757351,5.903118
14322493,5.441684
7116968,5.34178
11498583,4.2508054
11874273,6.0117617
11314270,5.00669
15552357,4.9742618
11140404,5.224596
14245157,5.1294045
15808044,5.2767124
10790485,4.485001
13017330,4.3846574
12285659,4.6844745
16533903,5.324896
9041069,5.307486
17939136,4.4021025
12302170,4.0290885
18942156,4.7370872
13048684,4.157204
7034822,4.262023
5376278,4.437282
640128,4.206652
11459685,4.372309
13564704,4.748394
10058942,5.153151
12549829,5.15913
18008828,5.1264744
4504302,4.3795586
5467600,4.265402
17703374,4.4353294
15146439,4.2262836
15955710,4.4626484
379349,4.384886
4617139,4.584573
11120593,5.0689726
7003729,5.1790075
21111574,5.137954
15399502,5.127007
13560350,6.3793473
10165968,4.8257174
11652494,4.343787
16221341,4.858905
4302169,5.0443273
11402302,3.9936478
4868761,4.335304
15191369,5.8607154
4719647,5.085443
148568,4.116878
3176256,4.787656
17120052,4.5843687
14435027,4.7258015
17318955,4.2241893
20996586,4.204432
6149507,4.2424717
3750257,4.48239
15781896,4.876082
9029289,4.364362
12658726,4.080806
13261012,3.7108881
15373624,4.245108
12209714,5.471551
9428684,5.115546
15917355,4.2080774
9909242,4.495822
14126633,6.1649647
1336082,5.1151457
14320137,4.9201994
16534337,6.018429
13710558,5.502093
5059758,4.312962
21122475,4.9892254
4148586,4.091808
14026468,4.8578887
4565470,4.7495513
13688938,5.586275
16985730,4.5608926
14187700,5.652386
19606247,3.5544553
16098610,4.958844
13670376,5.127919
13063882,4.465282
555140,4.6871095
14754579,4.612336
16634857,5.4301915
8373233,5.347727
3585334,4.7276025
10000342,4.743015
15910839,5.6778474
15195878,4.6144705
12206323,4.823425
21015993,4.883561
14483469,4.044001
15271865,4.1823325
19891435,4.38458
5784470,4.267055
13411384,5.588034
17759908,5.411786
5557536,7.0521445
13031597,4.5920525
9258413,4.3373675
727707,5.226961
6558625,5.1608963
1036860,5.102205
12848383,4.375281
8792415,4.511044
17817203,4.898218
14505263,4.2185245
14297981,4.753255
20981267,5.00277
10707170,4.485919
4445540,5.4841776
7562819,5.8043666
1569233,4.436175
11513183,5.1499653
16587547,5.4855037
11823509,4.8575773
17008909,5.145737
6516087,4.3068748
801336,4.056557
16323073,3.7347934
18878260,4.571858
1130282,3.8495417
16578826,5.1358137
5136673,4.3012943
833927,4.5073524
16081764,5.30972
8327231,4.115399
2909973,5.9465876
4687730,4.6940665
16475570,5.8709235
16100625,5.057095
1404220,4.9066415
15352809,4.517257
3319841,5.1157246
17943415,4.2440066
7265896,3.9844856
9598259,3.868694
8041262,5.0333314
16146202,4.5967565
19907583,4.2136083
16693642,4.846534
11588575,4.785917
2171809,5.5824227
5813209,4.3851595
11973001,4.685333
11398815,5.0339675
1724774,5.3584495
14917435,4.841402
16276632,4.4240875
12133132,4.224892
15058914,6.0836515
9005771,4.4817357
8926150,3.8730896
16781954,6.470627
8052418,4.455616
17813717,5.2305565
10922752,4.7939014
14901070,5.2736874
9350316,4.542123
19638592,4.8303046
1944291,4.330415
17211702,4.543898
39282,5.0070815
17269822,4.349548
14964171,4.299717
4896839,4.3126025
16282648,4.3271046
2932141,4.7127934
5917209,4.6886387
1706351,5.126427
16102642,4.348097
9616729,4.6695127
17301780,4.951512
1271361,5.721523
16147164,5.349065
10185866,4.171492
18096465,4.0496693
10454154,5.028685
9715986,4.4515367
1573399,4.260273
14860775,5.178136
16722462,4.6875362
9181173,4.287794
16239091,4.1981444
15529123,4.6871505
8205212,6.269956
13683673,4.5315137
17979086,4.513981
18023482,5.1367493
11024879,4.4296002
15363304,5.005731
17172909,4.1067348
20932061,4.4350753
7089661,4.3390603
14107654,4.428656
12052116,4.872588
14154038,4.28403
4090694,5.2439756
6211014,4.7173824
4661662,4.252297
15699850,5.314241
4977756,4.103829
1596664,4.297384
18070109,5.2351594
15803070,5.2375026
11866651,4.6104345
8341890,4.868849
19295329,4.460384
7240830,5.235709
9436713,5.198643
3782877,4.5652547
18051842,5.125889
10801474,4.4502635
4063990,4.417445
3325584,4.8028817
11342953,4.359618
8951315,4.298599
1502674,4.7930512
1091534,4.8266153
17161053,4.7961435
15382111,4.082067
1488104,4.791719
12811229,4.164403
18379469,4.1257305
16155231,4.7397513
4271070,5.1711197
6784814,4.3659935
14426673,4.308766
17933196,4.2842927
5791540,5.0554447
19856802,4.837116
16348240,4.9855137
16208399,5.350169
17945808,4.7476735
16606957,4.081113
13397722,4.292777
8972957,4.4953637
9086794,3.6344259
18430785,4.8441563
20992831,5.5654454
6923485,4.127132
8506426,5.482102
10390902,4.3793263
18074556,5.404673
17625778,5.0302496
17464720,5.022691
12645961,4.491676
4530773,4.8805914
4349358,4.412025
4720558,5.506312
523833,5.8146343
3182176,4.7162848
18075302,5.066429
13508924,4.0787888
10453467,5.1627727
6233819,5.7024794
10279737,4.987691
3710503,4.0241346
14250349,4.1319056
7839293,5.9263554
6250971,4.3504353
18489417,5.830101
11423297,4.0820737
2386724,4.6602106
19054957,3.6091077
16312268,4.1309133
15528121,4.4782276
17943829,5.4189014
14483948,5.0563855
16600966,5.427878
13832771,5.5246606
20560763,5.1248646
20573322,4.3172455
5826468,4.8890333
14993819,4.855716
14247414,5.668988
14949879,5.2536945
10059699,4.308683
7160878,5.0070434
18008146,5.3014894
11013649,4.442389
11574742,5.313422
17938583,4.9454203
4340265,5.7944145
9761847,4.456441
7875521,4.87649
2122613,5.4562783
20482905,3.7442205
15220694,4.3137755
4530643,3.8424816
18331097,4.909836
18240957,5.382923
7709293,5.8425374
10864023,5.608879
7025693,4.481955
15624769,3.6591744
1839818,4.77505
13331062,4.9028974
4409074,4.0812674
475254,5.246433
5955894,3.7777636
16840727,5.4094806
18811240,5.2674756
12227090,5.581832
6941601,3.9953706
15971201,4.7072363
12747434,5.0988116
12583907,4.396263
20957065,4.2417355
18582792,4.109377
18734225,5.0346146
16338816,5.064944
16145879,4.752306
20335933,4.626146
6912558,4.1551394
10999527,4.4646554
4565076,4.870174
15672186,4.694341
18089318,6.0573635
8782392,4.0058494
14975916,5.5457892
20501094,4.400226
2772680,5.127439
25696,5.017737
15268842,4.221642
13063236,4.3951807
6215456,5.457457
2988663,4.904513
11778242,6.2327404
1710729,5.140217
12593830,5.225687
13859134,4.4163103
312429,4.135801
16543032,4.402382
19241899,5.7685227
8884181,5.3333397
1999294,4.3242726
4777745,3.6245792
6813715,5.0752873
6700172,4.4849977
14428256,4.108152
15661277,5.0459723
20635517,4.680117
10747642,4.762412
20134321,5.4134865
15236571,4.1527896
15551602,4.4749537
7011472,5.065161
1175278,5.0102105
9093038,4.296007
3913299,4.860061
6713438,5.1823926
11507776,5.037806
8433392,5.0381994
20606669,4.0297527
13379511,4.944977
17544023,4.3402295
20688422,4.4115305
2933105,3.7536447
12317499,6.06448
16054826,4.855965
6863540,5.2930417
17545878,4.7408123
13770530,4.372864
6452714,4.1052704
3479568,4.24859
9773236,4.214782
1407881,4.665967
16222160,5.6838636
18610543,4.9024043
15645414,4.996575
19737942,4.4950395
6851574,5.018283
16830993,4.005703
6812061,5.616146
13079560,4.0514665
7860155,4.099611
7397226,3.9302795
949725,4.284618
7092513,4.301705
21153625,5.4634686
14693801,4.0533767
9023148,5.178514
17653653,4.848981
8440809,4.821727
19841564,5.0479255
10100121,4.29729
17993101,4.385752
12763721,5.5805216
14296429,4.267576
16128674,5.330113
13533129,4.930079
1163969,4.767958
16423627,4.4107647
18190870,4.2626686
1615764,5.3410745
9885837,4.472562
16361799,5.7384586
11207223,5.4931054
15312627,4.076912
2783251,4.5138936
13531093,4.054659
13042866,3.9816158
9692090,4.4938602
19553193,5.517088
8357002,4.401227
9835950,5.2897687
4744781,5.534714
1519621,4.040532
6820048,4.977279
20856676,4.867326
18900380,5.4622426
10968314,3.7991889
19415751,4.9480376
10814003,3.71216
925417,4.7501054
16415971,4.8437767
15301748,4.803488
1499316,4.5788183
4936091,4.81556
16052296,5.657916
2898128,4.233152
16674135,4.191413
12365819,4.7662015
17610048,4.7968645
17818877,4.933916
17080066,4.0598025
1949446,4.0863156
16965972,5.580041
9954123,5.670147
20790347,5.653314
12364716,4.341691
5175576,5.3482046
2653186,5.9905305
19625919,4.3779497
83811,4.3138084
15590327,4.9085712
15274032,4.20217
10880916,4.528963
7851475,4.3550825
14297989,5.2875357
16834865,4.2063313
3343299,5.3163915
13431223,4.465337
4680238,5.5198026
17480253,4.347036
15955888,4.0497193
8504811,3.976265
10255514,4.283862
13745575,5.2884116
14128478,4.3196745
6952302,4.956562
1343385,5.6038027
19943381,4.2703786
19547384,5.1040025
658008,4.212314
11480835,4.7489676
10805373,4.413996
9532288,4.1521845
18157129,3.5382464
15127762,5.053603
11713627,4.3439636
14651306,4.5289917
16273868,4.8114595
13496363,4.5397468
7921940,4.9347644
2345981,5.187611
15181062,4.8439965
8969450,5.1452208
16256597,4.835184
21171599,4.9564962
3924206,5.205973
21031256,5.2839036
3693850,5.1740775
14465114,4.512557
10157977,4.141581
16143905,4.8805294
4333586,4.9760966
11223464,4.7145042
3099304,5.1347394
5208009,4.4156556
17748887,4.1537943
6528643,5.243218
14350918,4.651135
15565058,5.195811
19874778,4.987526
15206225,5.0045404
18095739,5.4130774
16579687,4.798671
1979744,5.299714
12039993,5.5254917
16479492,4.3072605
550288,5.1030927
17844431,5.112068
18074907,4.971859
4694480,4.5651464
18580576,4.955923
7115965,5.24958
14501824,4.9610386
16348579,4.4922724
18443208,4.384363
6647781,4.4543886
7500173,5.3771424
19823889,5.1348143
9978722,5.317606
1995991,4.9331613
11627479,4.335173
8810710,4.8470244
19622976,4.767869
7217028,5.0864286
16599263,5.2393374
18271509,4.62652
11887439,5.1897497
8650177,3.774852
18060759,5.153097
17731097,4.136223
17807299,5.814386
8342009,4.9116287
19746779,4.407183
16738143,5.4342623
17717799,4.0148697
9533489,5.118123
16208920,3.855232
10928454,4.4883966
17191578,5.026813
2419745,4.4768286
6055828,3.9916272
16148141,4.744766
18946091,4.83028
6934770,4.269266
43318,5.457006
2310791,4.3396626
16440383,4.086892
373618,4.9649205
16243985,5.1094346
14053493,4.06568
9813364,4.926041
1221430,4.2218637
13451989,4.2529016
449034,5.112024
18463425,4.249174
15954793,4.7621636
6885805,4.9685845
9282318,5.791257
4631508,4.532303
643877,5.0491114
15843543,5.153472
6804983,4.7347007
4456664,4.358488
16437795,5.029532
20675028,5.3238697
10627514,4.3487115
13275792,5.0150075
2661098,4.2255597
12114228,4.1879983
4699828,4.632593
15887759,4.7456155
16685410,5.0614347
15280994,4.387488
8942538,5.3728576
169283,5.049386
18945971,4.57009
10974870,6.206534
14108366,5.5949516
12917317,5.084726
16885058,4.5003567
12276436,4.6813993
12813036,4.9993267
16147720,5.098437
14383283,4.996119
3189765,4.5098615
7805540,3.8966842
9990448,5.151558
1691188,4.664746
16663778,4.3600845
14268409,4.3684773
12340989,4.489048
306465,4.098461
15733231,4.4625397
4655966,4.779611
9710538,5.5606055
9532771,4.1659436
10615883,4.2095
16503981,3.999271
13002901,4.16486
18149813,4.3593526
16351180,4.9100327
14992864,4.315174
10944845,4.172896
9886514,4.869456
8255329,5.2099166
19875258,5.289888
16134148,4.7310567
15125591,4.411756
5904305,4.8124785
7966195,4.2019844
15658197,5.291514
3256993,4.849748
20677017,4.982098
1129454,5.483155
7034879,4.9012423
20176191,5.5429482
13494898,6.2192516
11910278,4.3826356
5442313,4.6702576
4073641,4.315058
17846412,5.4094505
1297637,4.6882772
17365333,4.4440856
10927095,5.086528
3452835,5.087266
6032314,5.593478
17668486,5.0492983
400478,4.4928713
14239503,5.0443263
7600297,5.0076094
21005994,4.1772
17514644,5.486544
14044731,4.2786775
540057,5.189569
13767676,4.173135
4861557,4.9110646
16618045,4.174217
4694936,4.319986
1107976,4.421137
20799935,5.2356677
13513696,4.5853724
1132907,4.83106
4351904,4.4970064
19087238,5.4492226
16056018,4.361653
1451117,4.425328
14913538,4.334823
17256297,4.070183
69426,4.3664927
14981676,4.5853724
7368887,4.3422036
8192808,4.783327
17283213,5.4330254
11371535,4.8668737
12966467,4.2165685
11684682,5.1886373
14351490,4.030337
5606842,5.132834
14441707,5.0125613
1793091,4.537951
12812248,4.3723087
1292507,5.7425675
16086891,4.738326
17995437,5.388737
5393269,5.4786706
328744,4.6607704
17073389,4.2732215
20830032,3.923691
2277707,4.0031786
6598376,4.888126
56200,4.05357
14635196,4.213424
7259369,5.3490067
7600414,5.2952843
9970635,4.907964
47199,4.644281
18239876,4.982056
1492856,5.524264
14730649,5.188505
14517601,4.265933
9422573,4.8118043
1198874,5.039496
283090,5.1981015
1450446,4.8555627
18346141,4.126492
16652287,4.148906
13019816,4.250805
15983204,4.206949
12356309,5.12256
19177159,4.993723
3156457,4.885691
8052159,4.1998315
16257065,4.330889
15693063,5.7595963
15522852,3.8233614
10849166,4.9869633
6289857,5.258943
7844031,4.8076496
8238918,4.0194864
18505255,4.4155626
9512759,6.1122265
12344783,4.7961674
16740291,4.7676296
13044964,4.909232
12084861,5.260823
13899493,5.2414155
16721539,4.14892
3309522,4.7319493
17462133,3.9209948
12535960,4.38996
14572515,4.7590094
15483812,4.750807
12019920,5.6377745
813225,5.389352
19307921,4.809391
13299410,3.9044793
15998681,4.1049256
17030100,5.431747
20427376,4.7327766
16645542,4.4760456
6838116,4.951946
2842757,4.3907895
13256029,5.472763
13648645,3.9779391
5114328,4.601237
623373,4.0068173
16262990,4.983731
2498211,4.333797
12626405,4.9904556
8343332,4.2511797
11439058,4.8137
17478285,5.286905
15250682,5.754174
488211,5.4424243
10888291,4.1290417
6092977,5.1530066
9811076,5.837525
15804074,6.6199946
10997172,5.072804
13487361,5.0773344
16086843,4.7068
19998689,4.9455595
11459948,4.931499
13865256,4.3732734
15598282,4.339793
175102,4.340722
17234796,4.6302686
5816088,5.8327246
62452,4.4766116
9908177,5.5778685
18175604,4.488628
13473544,5.2297153
15220906,5.014503
3317978,4.862904
18358115,5.215491
2927781,4.3992867
19574000,4.4282055
699060,4.1749463
16424027,4.975755
6933326,4.161039
17625320,5.1318517
20745174,5.412207
20773647,5.1867733
12904533,4.4042053
10919160,4.682649
16085942,5.764099
983640,5.240167
8704666,4.592168
8116322,3.282069
13752294,4.9708652
19086890,5.1178718
18008644,3.9673674
19408774,4.100946
13460498,6.2483373
15374221,4.5470643
18450769,6.821009
7420849,5.087671
4359433,5.597035
4105704,5.5336385
12738790,4.5598683
751913,6.3157363
3663729,4.585237
1652301,5.4586363
2551532,4.178985
15963447,3.7149806
4284144,4.311358
3445138,4.319812
7741661,4.5349746
17135,4.6331697
15777126,4.5165925
3827785,4.4403615
13938713,4.388238
3827715,4.823922
16393655,4.605912
13344803,4.693138
16900088,4.3589582
681842,4.4303827
6784207,6.4493027
15006029,4.2133737
9416007,4.7336636
1245838,4.284972
7033732,4.357212
11444360,5.149584
13317939,5.014715
16903645,4.595171
7996425,4.2830935
17239384,5.299026
854396,4.5444603
13963790,4.61667
10023157,4.350832
748211,5.492048
12274909,4.3791003
21150390,4.72185
20363107,4.6914554
4572920,6.0776663
4785938,4.2963624
13978700,5.431282
15300916,4.6483827
7003060,3.6212611
8814009,4.9989624
13644136,5.084561
16362441,6.2062826
15035565,4.912472
13982910,4.514102
19452828,5.180956
16230556,4.7445335
364187,4.249796
3775725,5.979906
3803459,3.9952047
3767156,4.684736
13999070,3.7529135
12682227,6.1863236
10066160,4.911775
16403882,4.0170116
13478445,4.2235184
12704656,5.0602794
5154242,4.858124
1910171,4.236076
15785384,4.554692
4774924,4.403258
6645011,4.16136
14958477,4.9126806
10729015,5.2107167
16000178,4.2732735
4423408,5.0802155
4977432,5.197733
1929186,4.374477
6764316,4.8549967
146189,5.2038517
5089725,4.226161
18471072,4.0163116
8696262,4.9529424
15658998,4.975456
640691,4.8451347
10648971,5.097941
6853259,4.947337
17073997,3.8713572
15740602,4.571709
18631024,5.0711985
4007653,4.2519803
8846233,4.3721495
13548263,5.3142943
19736798,4.7379875
7804391,4.5200024
11610903,5.2766557
16196311,4.86695
14336804,4.5796213
17880113,4.2809095
8000223,5.290974
16930987,4.8703938
14965913,5.436981
19453549,4.347654
13296311,5.336696
16837914,5.3912597
1898486,4.446157
1876163,4.458207
7205210,4.6324596
16825557,4.407331
10574110,3.821591
17652145,4.309075
3895335,4.6557274
12361563,4.9584913
17424167,4.67627
20650467,4.4186134
13004961,5.7506804
15233770,4.6090975
14240003,4.885719
13863225,4.4150653
4025721,5.04837
7865263,4.289069
18599313,4.0697627
13471329,4.169025
10682143,4.578412
9423426,4.878946
6337024,3.8345718
17642542,4.1973104
16351193,5.1395497
12981814,6.323517
3289695,5.064562
17301440,5.2016196
16336428,4.196531
15521717,5.0747337
10209403,4.3861313
12201757,5.032622
2295924,6.220015
17248597,5.693315
18327630,5.6488457
8933606,4.7812366
13204315,5.360292
16423010,4.86686
18196999,4.6053023
18527437,4.290793
16040342,4.467341
14424847,4.3471427
20674635,5.631493
13415952,5.00915
15990320,4.252281
11239637,6.1466446
2735749,5.307446
11257927,4.299856
4121266,4.1387577
4576274,4.398407
21125056,4.404403
6185638,4.727053
6305553,4.435778
18042306,4.9440656
1472481,4.8669596
16108348,5.799813
4295025,4.3382926
6119932,3.9987888
19362079,5.008979
9105853,4.308232
17236477,4.969942
7018497,4.9910126
4523435,4.2066736
6389932,5.3943176
7896925,5.45831
11971727,4.291687
9282899,5.1814833
7079123,4.0772376
14444170,5.1586523
8227921,4.4370985
15142409,3.82974
18584742,4.3410435
7043981,4.340848
16916633,4.2528033
12192,3.955894
17437106,5.1306624
16391487,4.3534946
9304883,5.2088337
18612680,4.3111315
18488504,4.4617457
17045100,4.718912
16805921,4.162255
6491190,3.241911
20363283,4.334569
10085368,4.9861975
15086663,4.543199
20623901,4.486953
14275887,4.75313
12520066,4.3292327
4849429,4.963309
17257463,5.402541
20393120,4.0177326
16144596,4.573803
9079721,5.2499967
17573619,5.1058455
20085460,5.395235
14902763,5.640323
708712,4.715029
17814037,5.616045
19188084,5.1318336
17500718,4.1625676
18077869,4.6171207
6336682,4.857576
17500953,5.2795286
16012510,5.7868586
20591540,4.742041
9334185,4.4071736
13157813,4.396747
8218782,4.37746
13098276,5.3890586
7982082,4.481397
20614354,4.6774526
6233401,5.049377
13186416,4.2584157
12256658,4.7889643
16544141,4.639569
17906340,5.634508
7619767,4.057849
3511756,4.4903193
15888448,4.584953
1462428,4.4479036
8865020,5.963525
15098312,4.672596
3546403,4.7763014
18227457,4.920829
15787985,5.580785
6609509,5.568998
6091385,4.471515
5106756,4.955318
3010785,5.468114
9138432,4.325399
6464070,4.965599
3789633,4.0193734
21120942,4.5283523
19011068,4.7343597
16429866,5.0777144
9380474,5.2635303
18413955,4.125174
2062696,4.3039804
20710363,5.1983857
383798,5.2280693
13801296,4.305169
18477009,5.836115
18728107,4.4458833
14793008,4.4474406
20884630,5.4891143
3181719,4.7685895
13507677,5.0579634
5286047,4.712827
19019020,5.374213
5750426,4.8543706
14967879,5.360109
4333284,5.0696564
12564603,4.0251393
4787386,4.464407
19101375,4.0540957
11240463,4.469811
13415511,4.7994046
18476565,4.139951
20430902,4.1781173
11423050,6.3675776
15951107,4.2430577
1255826,4.2235327
2277178,4.5048213
4047597,5.1356354
1037283,4.594332
2112344,4.521199
9370896,4.1963863
18271316,5.7524567
15435397,5.836079
16566654,5.156686
9436800,4.103573
10336332,5.3477273
6390159,4.4880133
18505519,4.8000517
4784867,4.5386605
19339754,4.937605
20530001,4.7810025
15781640,5.0133743
13100726,4.5456023
10156102,5.2348127
13746300,4.4339204
9591645,4.309248
5636395,5.317444
7452230,4.6803436
6655012,5.1533833
13900058,4.9115825
16966630,4.5528073
16736316,5.5952497
20762692,5.391791
8880524,5.1406813
12421102,5.5145564
2729249,4.4563637
15867248,4.3253336
2747721,4.8325677
1582862,4.155793
1751814,4.760396
13800152,5.0173826
5707888,5.424468
20451865,5.3983283
9758735,5.078093
18793151,4.4435062
14430876,5.056733
10879246,4.3233776
13884628,4.9863324
13508757,4.349377
7639730,3.7105522
19436968,4.8912573
9612676,4.3272777
18210301,4.2649746
20168550,4.789465
14474899,3.927517
11019905,4.1499557
351978,6.328234
13361366,5.228794
1672977,4.024935
20116289,3.9444425
13007925,4.9605107
4405256,4.927093
4996027,5.2657285
6654202,5.0445976
18194482,4.325802
14042437,4.8337436
4252539,4.5809307
5319302,5.169789
13858713,4.515658
15327553,4.409644
15206282,4.2775455
11844082,4.180286
1673346,4.472329
5135865,4.8856306
13884452,5.073403
2686002,4.4567175
17346114,3.648686
10368589,4.3181715
13862109,4.357598
4074201,4.972939
20279115,5.1420736
1930962,4.338879
18024623,4.4702554
1167242,4.1706614
5792783,4.236015
5592383,4.1463203
35802,4.739423
14725781,4.6610208
13876681,5.4663386
4796389,5.2912107
2425057,5.0317655
6836928,4.6922536
3466675,4.4148955
7776028,5.4165206
1126660,5.4842753
5260740,5.5564113
6004567,5.1246753
9530425,4.169464
13003754,4.83892
12205541,4.8514223
18655752,5.4365115
14390037,5.0029707
17499684,4.71444
10240092,5.001208
992891,4.364284
3963345,4.041539
6546016,4.0206842
20242206,4.3171587
13512071,5.6508574
8033268,4.252242
7095571,4.2991605
6043671,4.6635947
933084,4.214953
15191882,4.3385243
14899484,5.3097696
9240782,4.89138
5436110,4.0289936
11529142,6.3561935
20639600,4.9730825
3821676,5.1116605
10297292,3.8680456
13380647,4.0652614
14506284,5.0584216
19949138,5.0887313
15630065,4.389755
11798095,5.4133043
847872,4.3852644
11675341,5.443963
20883830,4.874608
7389278,5.452427
987616,5.0775814
18938927,4.102876
7645359,3.8888357
6702672,5.342031
15917906,5.6043086
13479149,4.407132
8866344,4.3145
1950750,4.587789
13531151,4.7342973
18716439,4.3044057
9479244,6.1882024
6239039,5.0561256
15036548,5.0439487
15448604,6.9922414
15521648,4.2916107
16454703,4.0159087
14835670,4.35173
6869486,4.2130094
1681745,4.35545
71010,5.66793
15585263,4.426554
17637703,4.121083
19031289,4.424295
16930115,5.223546
3897363,4.5746183
16418765,4.433362
344,4.7162223
12256387,5.893147
6572344,4.809884
13878076,3.8198094
13314442,4.2678304
11850946,4.6323047
19461714,5.319427
15868993,4.8003592
76073,3.5351987
16320863,5.1761656
18124132,4.341874
15024783,4.304217
17477731,4.399291
7661020,5.2339687
2309866,4.6478047
7840797,4.960675
9880029,4.050379
14592253,4.695306
4092914,4.9843035
20555952,4.273073
18251835,4.0362396
18047469,5.054215
15900866,4.45086
7635616,4.383203
5363361,5.9182715
19768282,4.6475215
4649871,4.900002
2496869,5.346868
15694469,4.442327
12116877,2.947299
17990894,6.294362
13941973,4.185626
13250030,4.2763805
19952490,4.7140684
9365176,4.2894697
14873025,4.2751827
11122394,4.220927
9549342,4.1317005
6743908,4.349282
10385321,4.613255
16702892,4.7529707
16683598,4.528963
8284633,4.436077
953951,5.1471386
14255431,3.8720152
15944450,4.5467963
10709592,6.0419793
2182851,4.81963
19116449,3.9153492
16451915,4.2047715
21025596,4.248749
7615496,4.972785
17382991,4.8642793
10184162,4.4463816
8470384,4.0842857
19317085,5.1326656
14983645,4.369465
14730708,4.5677066
17880395,4.165974
18283846,5.013278
18507411,4.1087513
2659856,4.1957026
19294958,4.8653703
17842144,4.9395547
8455753,3.8187866
10539779,4.774143
17774240,4.356759
10237184,4.283811
15008073,4.5361433
6848188,4.6913185
2694019,4.7018847
19498162,4.34854
20565375,4.2115054
11027337,4.933942
5484728,5.050181
7854509,4.947393
8066925,3.9912486
13653635,4.2710257
10686287,4.989003
6812690,4.3069954
20663816,4.328271
3343620,5.3395367
9489073,5.169672
19015741,4.298814
7222507,5.243323
3898306,5.139475
12221723,4.1589723
283072,5.21493
12465958,4.176883
15511121,4.1458135
20307546,5.860149
12563121,4.2032375
9174612,4.273323
12148086,4.0343924
5697062,4.6886783
1813681,5.2243066
16404786,5.5648518
6704875,3.6337245
1245977,4.4690547
4128915,5.2518673
7240002,4.0864
6104431,4.1019974
1352560,5.0068207
14029094,5.4730277
16729460,4.3085294
14824735,5.7436357
20000290,4.2419324
1087433,6.285179
13191929,5.081266
6600417,4.414542
19072323,5.505163
9473218,5.129028
18213101,4.776642
20208354,5.3001266
10341284,5.1233974
9542326,4.1785808
12343588,4.996265
4887587,4.719268
10801460,5.2994947
18475167,5.2774935
19083945,4.813373
9506882,4.4532514
3368427,4.933122
17610404,5.2925243
15324935,4.8825655
13797272,5.0853186
13415375,4.2274723
7363109,4.416468
17952482,4.8300138
16751827,4.976194
7227019,4.783931
12798602,5.1497474
15837464,5.131259
16929933,5.447128
10274815,5.3572483
9515835,4.875209
11755010,4.503075
11734812,5.1291614
4519835,4.241079
602533,5.8154125
18868575,4.2523265
13830892,5.617666
20176193,3.836537
6890068,5.554862
849567,4.644508
13612587,4.338581
18173239,5.7879663
17894344,4.8339596
226517,5.5687194
14373898,5.1173406
20761099,3.6585712
663889,4.3885875
5718935,4.800583
254887,4.5301156
3129309,4.8784328
14770496,4.738319
125594,4.898702
15112347,4.1551466
15205342,4.679376
9534327,4.911072
19913070,4.897148
17759694,4.3388076
14077443,5.2462487
13747861,5.287011
20431492,4.2863536
6439302,4.949993
5136550,5.6525745
905902,5.457844
19603348,4.5416265
13971185,3.9989192
19017814,4.651702
14400730,4.671641
19884639,5.095066
20958738,5.182972
16204265,4.3870416
815045,5.159529
11634797,4.3617105
10562106,5.070017
12891099,5.4945774
909096,5.9350586
12990502,5.6842217
18007140,4.342242
18347905,4.7304964
14231606,4.17205
13772386,4.9660606
2913960,4.898285
17012558,4.963665
13769949,4.8242173
4583546,4.330808
12386876,5.15996
6371191,4.8953853
17639332,5.3637137
2896977,4.550184
16268983,5.232084
20431153,5.0573077
11411593,5.55953
4137414,4.247294
7516992,5.6875353
1985445,5.095482
10500033,5.1022468
4606017,4.7617793
11181016,5.2380157
8614125,5.006053
20207945,5.03023
2154736,4.47118
18202496,5.349633
13355012,4.9570494
264184,5.14237
14108460,4.1603184
19949310,4.7635355
1807080,4.180103
11063804,5.0714164
3303301,5.7425513
9188636,5.417347
19520974,4.4290743
6448745,5.630383
16718539,4.661076
3934561,5.3791986
775094,5.0540223
14470701,5.1508183
4862375,4.14506
12738604,4.2205577
2046597,5.361114
16556321,5.607726
16632981,4.582568
1961288,5.190965
15519606,4.5818996
18551196,4.047143
16429715,4.896202
13606449,4.3208413
6807281,4.939934
3542774,4.287456
11042319,4.58912
17558152,5.081737
17610016,5.156992
1839549,5.0224314
525120,4.123941
12811751,5.071058
14431865,4.422204
6087827,5.727473
16813970,4.1589227
15479125,4.381331
11529020,4.9400587
13766179,4.567063
13018811,4.483765
19408844,4.1065035
4743172,4.8005314
10139386,5.204073
10233196,4.535053
17079811,4.3377213
13564911,4.37939
8091720,4.7109103
839539,5.674523
11983165,5.40735
14012687,4.1521416
17993604,4.3987
6890069,5.5178375
1725435,4.3775506
11136521,4.780359
12139417,5.0991855
8302844,4.305539
4764646,4.132211
16389883,5.088384
19765340,4.850153
15832903,4.949288
896656,4.2786145
9943793,4.89405
18456995,4.881998
12294659,4.4337215
8089722,4.8452873
10474225,4.619423
1545090,4.200627
17666319,5.600932
312107,4.903642
280046,4.311808
8012041,4.5754933
17444930,4.9123144
14467047,6.164682
12917220,4.5941744
302280,3.8589098
66246,5.11365
205643,5.3733654
17075436,4.3441877
19239854,4.8678737
8626854,4.406416
8823238,4.721703
13786155,6.606815
19098568,4.3945246
19327752,4.919263
16611525,4.400482
12764286,4.4623423
20816800,4.566718
13607904,4.9592495
21062611,4.7408667
15464851,5.520208
16427016,3.9166217
13707388,5.2193565
14385736,4.7519507
13770232,4.4720836
2723558,4.278179
10156535,5.121632
15409293,5.0436163
14427160,5.0341716
6304948,4.8777895
10656206,5.1832457
855300,5.1356816
8169513,4.704639
16796717,4.271381
15742224,4.701859
17850725,4.3793864
6377109,4.816409
619348,3.757508
17016162,4.4751153
9099012,5.493749
13671560,4.426382
11157167,4.301582
20624340,5.207437
17315196,4.175765
15860528,5.692011
211070,4.193928
6313534,3.8186836
9540968,5.2345285
1677887,3.9245906
19280212,4.518001
9631175,4.292298
10270416,4.341956
18362678,4.3725867
13896404,4.8876085
9749285,5.3709955
5707711,4.169401
968046,5.3047714
20727192,4.986312
18006153,5.1216598
10997435,3.8391721
18457273,4.9070234
7365783,4.3700805
8654052,4.325052
13609207,4.959322
18359367,4.3788247
16753368,5.135734
20172451,4.008519
13564762,4.835577
16295898,4.301518
7097529,5.2610526
15807935,3.8531542
7432064,3.9935951
12851324,4.4797387
6779136,3.9311008
11910247,3.914287
4488560,5.6949806
12342463,4.887964
20123720,5.195077
15974046,5.451478
2216641,5.385099
2844034,4.8061895
10575202,4.103037
3946877,4.6907735
16124740,4.615506
9411999,4.750125
13613052,4.1704187
19544192,4.999808
6202232,4.25932
14067559,4.673992
13860092,4.1862397
1471146,4.1703143
3551866,5.215154
10020977,4.6203346
8615906,4.1418495
15052056,4.3874784
6887081,4.7269588
2539701,4.975469
17591452,4.372549
11477302,4.2616196
13583633,5.619224
9632336,5.5875177
15767504,4.434953
12835527,4.3923597
11209651,5.4444675
33449,4.7977867
8326823,5.231797
12090466,4.5374804
1925843,4.0462904
17168950,4.3179617
14058880,5.319455
1025786,4.8399787
18979160,4.3051577
18160061,5.6622787
81739,5.607391
20552614,4.8327813
20028198,4.5555954
1187725,3.9833996
11674586,5.757708
19119276,5.205007
8052046,5.234647
8356380,4.505381
13625247,4.0048404
18501166,5.188208
15552932,4.93524
123282,4.88198
3704589,5.3650727
7118521,6.03454
12953717,5.6843762
9975863,5.320963
1471952,4.4177804
21153699,6.0282035
5252017,6.04377
14466452,4.7500463
18518353,4.5296702
7105913,5.176242
12453539,5.3254304
15677063,5.3263326
13845479,4.4686394
2634963,4.6092525
1174346,5.4467416
13107648,5.497689
8485812,4.94457
15985033,5.020111
995469,5.095527
7928917,4.4226665
10809012,4.489663
19757415,4.846457
10888956,5.1874485
13185471,5.4620786
14731469,3.8431547
927987,5.3107758
4577188,4.433892
15581948,4.150054
14747191,4.3301888
14313905,4.3930864
7527864,4.908338
10011642,4.3999844
9652170,4.7329407
7413888,4.448093
18487354,3.9871902
5888002,5.1865983
21138191,4.1306324
4516558,5.6863914
5592505,5.0188875
7789606,4.354021
13859265,5.372863
13547703,5.6898804
7651698,5.2944293
10811198,5.2221456
16371215,4.908975
16358734,4.3732986
16039736,5.0233827
12024571,4.9201255
20781202,4.0369525
1335740,4.3290524
3029743,4.3241386
20305451,4.283226
1328238,4.2752547
17548075,4.1590858
20393505,4.027822
11396198,4.6116257
20387176,5.965243
13427873,4.918695
20171412,4.712555
16600523,4.088288
2844501,4.8201375
20094476,4.9196744
17776104,4.9369793
15431570,4.441632
2508995,4.247773
10233244,4.232247
14155520,4.1365104
4909080,5.2521243
15565549,4.255072
18710945,4.9372954
6778747,4.280437
10312486,4.1690183
11041869,4.4578166
10167860,4.4199123
14843553,4.816263
12709221,5.41928
16478482,4.882353
18824433,4.8065443
15308143,6.020792
7896552,4.4278507
16738250,5.0745516
18443902,4.334477
20010178,4.5331106
4128603,4.9556327
20679388,4.3868465
16558923,5.838563
15942586,4.24593
12892861,4.608304
1672896,5.2929196
18911893,4.6400485
2105163,4.2962065
655905,4.5535297
15599369,4.381285
12291996,4.5610237
13140389,5.4515915
19244237,5.1056986
5410897,5.4013767
7688088,4.2322416
11721727,4.884881
38638,4.8291783
17210698,4.3952885
9374155,5.956693
12887341,5.429247
2361020,4.2899346
11129238,4.837705
4849228,4.422242
11216918,4.5796485
18106231,5.200835
9318198,5.43395
4317916,4.8727145
9425314,4.23766
12446494,4.333514
15159542,4.0646615
1762852,4.2906027
17595072,3.2955983
19382104,4.1317987
13741194,4.451107
13174926,4.3306236
2320277,4.1551604
6948441,5.2891703
10853631,5.2448688
12854069,4.571517
6937871,4.3613415
13185525,4.2270207
13673735,4.8335013
8993985,5.036012
16105053,5.314667
20887482,5.998089
5308901,4.1991506
8464117,4.263922
18125408,5.5027294
15790434,4.4832025
19763657,5.620381
9230523,4.879926
8532928,4.1252036
14826263,4.112604
9998977,4.325016
2037605,4.499525
1001415,4.9065595
16650330,4.6721473
9107357,4.6383615
4215595,4.8205924
7663412,4.838422
9797971,4.0508857
2429961,4.15494
18683699,4.541762
3684375,4.871137
15874111,4.474358
14803101,4.430256
19821768,4.9923725
8905176,4.360277
21024550,4.5997734
9260889,4.8712773
6748152,5.1926155
19012658,4.3584304
6071500,5.274565
207116,5.513451
59431,4.7356224
15508487,5.223025
562254,4.387783
19385683,4.2854123
16438645,4.895696
19374034,4.3709683
11434848,4.4655
6994200,4.914353
11893938,5.2907643
18042760,4.9327884
13297191,5.8884277
7181819,3.7673264
17964556,5.3936872
4479625,3.8588636
654641,4.9456534
17499034,4.342038
11605689,4.854001
5167688,4.995831
14738282,5.3023067
7350931,5.034079
14032264,4.8763733
2842830,4.382428
18706821,4.200734
5295491,4.8791194
5848422,6.0029945
850106,5.576158
11799747,4.4147096
10098920,5.2330165
11435584,4.6114645
5229212,4.265877
15363940,3.8633237
1300810,5.2647176
2142197,5.1120634
10834294,5.2672195
16439544,5.656635
11587997,5.0135903
17527191,5.17466
18729173,5.088306
18006164,4.571703
9992743,5.72002
18111679,4.9875016
4794353,4.468698
19848778,5.009108
16696933,3.970209
9050464,4.7385674
3790570,4.269479
15684875,4.041724
14541203,5.158085
2586923,4.3452196
15468790,4.6848087
3380585,5.201331
16666814,5.4325194
15513507,4.22319
20999237,4.520335
1199863,5.6985526
7292891,4.131944
4860430,4.324666
6600205,4.90825
12285424,3.9866252
5969675,4.2900987
18196970,4.0305424
6602421,4.4291987
13001060,4.8555512
15222972,4.8780675
14907062,4.8712873
8889664,4.363741
1861281,4.9469714
14929726,5.9294696
2969489,4.4009366
9810656,5.986206
18472258,4.163698
16975941,5.149594
14536556,4.269545
14178882,4.8226776
18347335,4.031902
16246986,4.573176
20993772,5.0776925
1183005,4.2395406
11687031,4.836435
13912003,5.354928
16982523,4.435154
7106677,4.769009
8905011,4.6641273
6505633,4.9077244
13751426,5.2284155
5569363,4.996733
4762799,5.0273967
5850148,5.1342063
10011850,4.6737943
16577170,5.305875
11774815,5.089714
18243435,4.531256
17831929,4.3347874
2083749,4.9424524
11944718,4.751872
1483688,5.1653686
9956748,5.0941577
3464316,5.096872
13041230,4.5702314
20884920,4.1604853
18309074,4.4326663
15987969,5.3445582
19012555,4.511167
6925326,4.154512
272800,4.5018773
18375776,4.94863
14302400,5.3920445
18909775,5.511016
18276826,4.748624
5395797,4.579392
16175470,4.8386407
21001160,5.0075703
9094251,4.536086
3841414,4.1807485
1791891,5.4686227
14954335,6.2158384
20232925,5.913015
18197981,4.493997
788005,5.4250593
6702912,4.3851757
20289511,4.8868704
11918887,5.7578225
17499863,4.882553
7203943,6.432576
13799412,4.4730864
18485306,4.2250443
3799579,4.013174
593000,5.3877983
19879059,5.2078223
14558217,3.4997075
8453546,4.291361
9907491,5.105759
8594915,4.604212
14460344,4.374334
14855558,4.8962193
20482262,4.5005817
17031354,3.668895
15747712,3.8147297
13270724,4.868165
56720,5.222198
12905941,5.6342263
84059,5.467392
11168757,5.196045
14167703,5.646832
506465,4.9511943
1209955,5.6961317
2274224,5.242749
2207521,4.0709066
19356927,3.8929272
3553700,4.486876
20269012,5.0436378
13516275,4.9672737
15454775,4.885899
18491439,5.4173355
1972504,4.6244693
16739589,4.8205056
20995012,4.474323
10356144,4.276274
18564955,4.5989203
20015139,5.0649543
15408543,5.6117
17651554,4.090333
1663953,3.8150516
6764999,5.07552
497370,4.9403186
725414,4.777439
16016651,4.924357
19162180,4.476863
296196,5.479796
4526520,4.9978404
13082409,5.874653
17637043,5.138164
8577678,4.8814907
6370889,4.7299423
15240891,4.363599
17515535,5.249384
17108083,5.6172147
13744365,5.415194
9861747,4.2664495
2590590,4.2866564
19243199,4.779474
7054797,4.28941
1650928,4.4815474
8048653,4.9624543
20518276,5.3034563
18180905,4.1803527
15806786,5.4034367
7086813,4.420837
3851911,4.97187
16660379,4.8268037
3423516,4.327616
13176817,5.1006746
8241545,4.8788004
2241618,3.9813347
21025488,4.2117047
16380837,4.903901
13224318,4.4981594
5706985,5.2690024
9236566,3.7865024
2107372,3.9522796
11439224,5.0087323
19455149,5.0115285
1030768,4.926822
756924,4.38682
8634774,5.649741
16427655,5.536496
3177630,4.158659
3133055,6.1690893
6896723,4.953958
18893583,4.28833
638822,3.9316523
15669026,6.4730115
1187425,4.514206
14789464,5.4605503
12053701,5.8221684
2540292,3.9344318
15497753,5.3335624
2105283,5.5003
2413370,5.200922
10139861,4.308848
16515048,4.5686073
9435297,5.313109
16602342,4.3861675
5060118,4.409482
12831376,4.328031
16532152,5.654972
11070049,5.1659184
1782667,4.205604
18465139,4.4099584
14595903,5.14982
14935527,4.3920197
5749889,4.7850184
1011412,4.9633765
16393396,4.041776
640910,4.277221
4632133,3.9930995
18159981,4.094381
13957842,4.323149
7459476,5.4958863
15801194,4.317041
15483168,5.098243
9460353,4.9822173
13914781,4.664925
15664513,4.39734
17989511,4.932112
10990593,5.662882
8519546,4.7063146
9451784,4.643685
19602663,5.3599806
1036437,4.577518
3776421,4.8054852
16159324,3.864837
20393348,3.905715
16455624,5.4706154
13467340,5.1119614
12057225,4.4625864
13561752,4.922174
14534676,4.423711
15552907,4.0677505
15902775,4.344189
298364,5.1440115
11402432,4.27114
15938061,4.809272
16571393,4.5090938
13944821,4.7518516
16543515,4.305578
13615355,4.5644026
13360068,4.9552255
17647309,4.2895255
1305989,5.282894
1800431,4.4351563
10105477,4.0489044
13434944,5.249942
21093897,4.1262136
19017784,4.2963624
17424539,4.5827394
5509001,4.1517982
18565097,4.841492
17545306,4.304965
3006034,3.3482344
11302215,4.130958
10908324,5.473394
15131806,4.7092514
15495782,4.430079
20946872,4.7832665
17618277,4.2398763
19825152,5.269277
16985679,5.0012903
4643788,4.3951545
20556622,5.6211634
13973316,3.7945755
472901,5.154038
13431552,4.418052
4526399,4.382925
19622700,5.267423
19403098,4.007374
20663729,4.2622504
4733998,5.0179167
7065419,5.793354
2165624,4.3926864
12601807,4.3287716
4840794,5.6154838
12272580,5.148688
17573681,5.370655
2016834,4.224131
16296800,5.153076
9151677,4.9642086
256153,4.867171
3907765,4.014035
13359647,4.8340244
16114472,4.104296
17555600,4.4495506
15275381,5.2215652
8869934,4.897262
9488285,4.652054
4568116,5.369154
11549838,4.842242
20482231,4.824843
9993665,4.61155
7584349,4.5738525
21118650,4.228006
17023686,6.452335
3175218,4.9790406
4210936,5.1668386
3793161,4.117842
14570979,5.088211
17155799,5.0641394
1474980,4.9328175
7359188,4.5651855
19411885,4.172189
16429967,4.8940253
17249568,4.604061
11498416,4.590734
15322642,4.7136607
14472856,4.6615863
17622948,4.5949187
448049,4.400517
18207393,5.1686635
11691699,4.331681
20270718,4.310706
5612596,4.1060967
14475808,5.4778767
12824418,4.736873
16353473,5.214983
7914401,4.087879
2640764,5.0048413
17780572,4.2356167
8192531,5.3887143
2115503,5.2853327
20590938,4.784355
8302218,5.413774
13162502,4.8063874
4661135,5.029876
2684835,5.3259716
3660983,4.48651
6822519,4.9625444
12600938,5.5405602
882720,5.530748
9946262,5.2095413
819419,5.2325993
16649915,4.992044
2223628,4.764899
1147424,4.7649217
3369929,4.232412
10227067,4.4764285
11436095,4.5080976
13127700,5.8778777
13514940,4.2382956
662754,4.635588
15390942,4.4983196
15041525,4.0535536
18005730,4.0608115
18934917,4.765806
14277280,4.0846486
6692354,4.408977
5679938,4.607413
15029803,4.276564
8973873,4.373797
9824613,6.1990657
6384374,5.3559275
3737979,4.5640407
1009472,4.6117225
8131663,5.5903773
20918850,4.3266163
11626751,3.884504
6389598,5.136726
13111869,4.279584
13535372,4.8058496
16453303,4.671404
8099614,5.0522947
20714824,4.460565
12882625,5.905493
9241825,4.8950887
18413624,3.974752
10446926,5.134429
5288127,4.9612217
13396285,4.9297614
17764355,5.2315383
12454594,5.2441635
12698881,5.1714635
13017303,4.424757
20378158,4.275661
19206618,4.43351
11573412,4.820263
450856,4.5932326
8387718,5.8402343
15041934,4.21322
15462037,4.3137755
18837416,5.3734155
10909137,5.7984853
17876469,4.1800065
5824790,4.258949
3616173,4.3271337
10403922,4.258299
4731162,5.31925
15173557,5.2773337
3223080,4.355582
6005365,4.8943167
16011441,4.315453
8211513,4.2564683
13724284,5.1823926
13095330,5.164044
16136817,4.2048864
15560722,6.062827
20686134,5.1547785
6279326,4.7441993
11325662,5.155712
20018128,4.194393
11829011,4.3427334
11658923,5.1592236
3441930,5.8463006
13760302,5.241973
12949605,4.3368526
16192642,4.6005335
17995252,4.3626585
410236,6.395192
16215665,4.3050203
1171674,4.252603
18655117,4.3205285
8155586,4.05058
10090432,6.165451
9813220,5.0958343
4848752,4.9663205
20230778,4.797822
1251560,4.1570063
7825273,5.405382
15497327,4.4186926
17515870,4.530875
15581783,4.8151293
19681256,5.619428
7692933,4.817763
16630483,4.4361997
7827222,5.131123
16561167,4.4104934
736377,4.461292
3304473,4.1178536
20646347,4.268185
592744,5.182639
18432328,5.075799
16365302,4.5164695
16393191,4.8159685
4994878,3.9745202
16740218,4.9639297
18462333,4.3431106
18959301,4.7379365
16726671,4.9189696
13410478,5.2288227
20256957,5.7430305
16016876,4.0479207
14399991,5.6463394
15911997,4.799863
18225903,4.482749
14561947,5.241668
11187971,4.4238214
16456543,4.9732237
8160295,4.849212
18891659,4.6878715
602966,3.9840088
65024,4.6797585
4539576,3.9802876
3249078,4.2581086
9278242,5.1121345
1190997,4.337866
3721363,5.6863914
13378044,4.868327
4143510,4.68862
16619513,5.8941875
18753198,5.921132
15359314,4.7692394
12983949,6.072213
13327669,4.1398077
13097600,4.1225934
18585629,5.4266267
16741796,4.262219
298854,4.8696213
3531190,4.8475885
3943630,5.4494185
891728,5.193306
9113852,4.3427525
7826966,4.8568726
9514663,4.4121985
13492353,4.329765
575551,4.956508
11273360,4.957328
8115423,4.905897
9374263,5.161973
3655367,4.743689
1373658,4.3186054
847808,4.4163704
9819437,3.985649
11238066,4.617765
3538983,3.8868895
13192944,4.5233197
13357698,5.28102
13761856,5.4390225
11529144,4.094819
5196859,4.0885515
1354415,5.3831496
18386037,4.66689
4882695,4.0153127
1584060,5.5277014
18227952,5.073363
17405950,5.3352566
7115191,4.9471326
15784603,4.809672
13955211,3.9583979
16136636,5.6863914
12113253,6.0164547
18119058,4.5155506
16025976,5.020622
13360327,4.5873556
13508285,3.9641647
9052250,4.1903234
6077354,5.179407
495651,4.8440194
577969,4.5883603
9049606,6.419496
9464046,5.4522424
15805871,4.4971714
9709178,4.2977147
20268379,5.7726398
11364988,4.4713283
15241956,5.2515736
17808917,5.918286
15552424,4.1705914
21102647,4.644323
19702498,4.380609
9804299,4.9098663
641113,4.572195
16423417,4.3730383
17079430,4.446506
734774,6.1208353
20360034,4.9345226
1943597,4.5522246
8578912,4.423729
6391263,5.366882
16613864,4.644195
12155916,4.6284914
17240376,4.972382
17746557,5.9999127
11093759,4.6128044
4129487,5.105118
12006770,4.3635345
14347364,4.232183
7071432,4.061158
4767007,4.130079
7103,5.2382727
18072550,5.211973
18275409,4.342695
8777936,4.5038176
20165947,3.9662507
7696260,4.472591
4767157,5.2096634
15758640,4.7769723
12264408,4.4800553
3881993,5.1736803
2349816,4.5146976
4587349,4.856177
2136092,4.669097
17404061,5.7531486
15073524,5.3552084
8504147,5.1042986
17077660,3.9599493
12979100,4.952078
12986728,5.0792046
18637270,4.0473
19212650,4.6241984
20454676,4.862061
15624697,4.425814
2739832,4.2863693
13899190,6.309571
10803781,4.328153
16896593,4.6142483
16708336,4.3094573
7486212,4.3561015
4025897,5.3450713
15054295,5.194794
13783338,5.04077
3069018,5.2210402
9215307,4.8499055
858695,4.492233
9561251,4.3605943
15143380,5.5047226
14261131,4.468773
17541599,4.4324565
10471547,4.3975816
13283104,4.8286147
16269464,3.8327544
10709761,5.1136765
9919519,5.871484
13995614,4.6853337
17568586,4.323013
7697503,4.188081
17779945,5.1926475
16268951,4.4459796
2791654,4.9244213
18008382,4.891264
15037251,6.553675
14169205,4.3662353
13574810,4.0199766
16578092,4.3626165
8688811,4.2431235
9609956,4.6126533
8035557,4.4096136
12204936,4.8501134
17359485,5.3746576
9004948,5.663704
15001424,4.803293
15707194,4.847543
13064382,5.0358605
11363559,5.4945936
13476185,4.816864
5956543,5.5983176
215172,4.014311
15266254,4.250973
3715824,5.843127
4261691,3.8543043
2785986,5.7068777
19594475,6.11794
6438059,4.8484535
18287857,4.27788
20651281,5.6040716
3162817,3.9501846
13508455,5.5587263
4763455,4.3274302
1844489,4.7051187
6758857,4.378867
12011193,4.239188
6575965,5.752557
13614173,5.018397
4379659,4.2961497
11238861,4.976585
16000249,5.02726
129975,4.398123
15555406,5.250933
18040285,6.3397036
11150008,4.2709627
12123810,4.5152054
15585040,4.116915
15969379,4.4464774
2273117,6.05191
14141704,4.556535
13600955,4.314668
9180198,4.4973016
9885654,4.9533415
15771629,4.7494946
5696895,5.249629
9775266,3.9731653
7132740,5.0343504
16429859,3.8600566
15481730,3.6283655
4112101,4.248936
18159386,5.6657557
16165978,4.490923
20825329,4.9884996
5237930,4.500053
20620372,5.74538
20895982,5.6900234
14724495,5.4155593
6760893,4.269293
23636,4.508107
208148,5.0602283
18957774,5.5990176
2927487,5.4065733
5883069,6.1377177
16364810,3.8858974
9982951,4.494957
18961122,4.133413
13409793,4.5819483
11798590,5.1957645
16960374,4.8950577
14466540,4.9875703
11422779,5.2279024
2594633,4.1831484
7228563,4.2305555
20453588,4.4709854
6019352,4.8092227
16337161,5.5613413
1658983,5.5441737
18476135,4.505979
10613287,5.1171427
14076995,4.3252344
3783678,4.8452153
18186972,4.7596884
15897780,5.9532943
2289912,6.580703
4181265,4.3542905
2640459,5.4767537
10783008,4.6974783
14111092,4.5656576
9874710,5.0361943
18565588,6.269858
17404477,4.5076346
16730247,4.908691
15334433,5.011628
13675544,5.571613
13266833,4.555791
468490,5.018386
5816112,4.923644
9207914,4.866269
14267322,5.204931
16685971,4.477426
15756046,5.039455
21100541,5.006992
15741005,3.6828318
4350688,4.821735
19695276,6.419353
7657879,5.053236
13843286,4.6315594
4849703,4.4569044
2304761,4.2987466
8953222,4.4272194
18912111,4.1845884
9734789,5.109903
12025202,4.786446
13430939,5.9423347
6491257,5.0718317
10515823,4.3900123
16986489,4.849878
16300110,4.8362403
6792415,5.143687
5919529,4.608954
18496159,5.95561
12098222,4.48877
309342,4.0745854
9343025,5.5000205
4837318,4.4448624
3898336,5.1976943
17714306,4.647012
9733280,5.1585684
5904304,5.0214047
10267081,4.6455092
8568841,4.392811
2215719,4.349564
6569453,4.4716387
21119368,4.872376
7780335,4.516669
8268506,5.157342
1352657,5.0216994
15998469,5.2383323
13436742,4.2484875
10728179,4.4999385
14330038,4.067262
10931258,4.8710756
7875369,4.291152
5918634,5.130551
8606320,5.293527
15753721,5.10306
4664077,4.960652
8104674,5.130109
13616847,4.2116814
6080799,4.8235703
531460,5.93095
14809335,4.1603384
18177767,4.616875
13524794,4.4101253
19135425,4.913322
2437965,4.4010673
3554287,4.4262147
12037618,4.628678
7827908,4.5509143
3443043,4.41154
7482531,5.2659907
15660674,6.004662
3448037,5.0734463
20426173,4.0859637
16440192,4.403257
5075412,5.181411
12343098,4.3271403
16755267,5.0184937
20479521,5.3711977
10634942,4.9966526
10576212,4.3159213
306169,5.3711467
167013,4.2891536
5785758,4.3042316
20651451,4.4210896
216015,4.9630957
16053905,5.2579875
15640249,4.336108
15770923,4.824665
2439661,4.5932174
5141379,4.481105
3504635,4.5417614
16224523,4.528472
1001147,4.5796905
9445789,4.835207
21113012,4.7683625
6143706,4.466011
1294973,4.2767696
9918557,4.736961
3686,5.1512895
13882298,4.753043
273256,4.3456397
3241929,4.273984
2262698,4.44632
9812815,5.0442686
1914371,4.601419
20271820,5.9165306
16403092,4.01557
9735635,6.220411
17865652,5.973432
17609053,5.674748
9788435,4.5097604
14918848,4.0291824
15275407,4.7733655
4632510,5.140789
17961571,4.937625
10733783,5.102685
9955143,4.866395
14253620,5.1254497
13798113,4.740323
13211360,5.2983723
6627823,4.4949136
16416696,4.8311687
8000043,4.3436947
16134698,4.2974
17576584,5.123311
20860448,4.471147
14633389,4.3225994
241235,5.3016825
16587220,4.359663
3616527,4.4061904
16445600,3.0564992
13926054,6.3703156
11436319,5.0249553
19735722,4.8361926
17881553,4.0264306
18131388,5.532636
19803134,4.019825
12568634,5.1610613
3440920,6.3751316
16056948,5.110723
15765542,4.367878
15162822,5.051474
277370,4.220547
3411815,4.25505
17637300,4.4872293
5697772,4.9143224
14188045,4.3232837
9794825,4.2739763
3925502,4.0951552
7092539,3.3691804
16326224,4.170628
17450199,4.4359765
8195335,5.933227
5117200,4.1642423
11524437,4.9137397
14823632,5.0556417
9929040,4.2752213
12363944,3.4819534
16675311,4.280792
9903132,5.943132
21227196,4.81791
19531066,4.7245164
19236730,4.3559585
13477359,5.313109
7930461,5.695116
23710,4.944554
18117334,5.417405
13666998,4.6889024
18345547,4.4324527
15377946,4.2524953
10898138,4.8121977
4745281,4.780162
8481074,4.152035
16635477,4.337309
6903562,5.1461124
4284031,4.4692283
16648338,5.5020137
3808715,4.3494744
953746,4.307487
5762374,5.3071322
1001353,4.9675436
13191519,5.3003097
6447136,4.34502
3737684,5.238994
244472,4.1093974
20252916,4.696155
13248508,5.180862
10041762,4.7177052
18595872,4.5068727
4067861,5.4216595
21162038,5.1779275
7715344,4.9104385
16016634,4.911148
7694027,4.155919
232624,4.1228623
8951480,4.970536
9879627,3.930399
19905527,4.8647323
12056105,4.8065243
11007719,4.8480673
8591969,4.8221827
2332115,4.8582864
14368951,5.215016
3833207,4.0583344
14538321,4.52549
3271052,4.0555506
7844976,4.853997
11970214,4.6443887
12267584,5.9538474
4339202,4.1505218
13530166,5.070627
596481,4.125574
15804925,4.3990407
10711848,6.1249733
14239608,4.7059956
20979453,4.730092
18359701,4.2610083
14933682,5.3354487
4411814,4.8627353
12248206,4.7754064
11224550,5.033885
20187328,4.4557652
18251315,4.878211
1252837,4.9065423
10059484,5.615563
15410923,4.8753495
4555470,3.6458764
10681956,5.3313317
9869415,4.861439
19953581,5.9274397
15617166,4.637689
18802889,4.0224476
13802723,5.1568213
14728936,5.2313514
16506531,4.8433113
15468038,4.7090373
18036484,4.3527346
20017769,5.2023215
19238810,3.5081782
9011552,5.6135683
15439249,6.0979733
4508923,4.661377
9550553,5.8007
1881180,4.4217644
15487349,4.974715
14650655,5.1126924
13025960,4.1486654
12089404,4.993502
16577855,5.253573
10179865,4.8686223
13156760,4.9651628
12623562,5.161326
20439519,4.4428124
985813,5.693997
2124526,5.92411
13618453,6.581235
15857120,4.9180984
14697382,4.498608
1856599,6.153084
16377873,5.039732
19126369,5.0035605
7563705,4.979283
3344322,5.0870147
17189130,4.6357074
13278625,5.6589212
18877129,3.9673717
3518682,5.774669
17524695,4.280303
16394169,5.3150387
19197064,5.1583385
18959420,4.465922
16810826,4.4615955
16488275,5.2108707
19682017,5.5214586
15644836,4.55807
3971900,4.6116323
10968706,3.96207
18543045,5.105804
10120596,5.2112164
9067399,6.4017453
669590,4.0423765
1979848,4.2912154
7873771,5.0199695
479357,4.387774
2925689,5.052599
17167011,5.7399426
7714664,4.6221666
1256115,4.6644573
1324086,4.227881
5762866,4.386456
19177794,4.5852876
19806903,5.6107273
11904920,4.825736
5672704,3.8028862
8207372,5.0521827
16353124,4.6795783
12358080,5.22669
15411360,4.209084
13592465,4.198844
915040,5.3702846
620181,5.1192975
20718077,4.336415
1097673,4.4404306
16687716,4.954123
1521508,4.093992
8924372,5.0121913
5135121,5.488488
17892835,4.9632487
4154674,4.336607
1531183,4.329951
15456889,4.9388742
16405674,5.4004884
17861038,3.8935795
8736846,4.523813
14852420,5.9424257
17141159,4.28741
15806285,4.8277636
4738113,5.147877
20071986,4.339825
13603972,4.6553884
441775,4.377527
11047057,5.3682117
9713045,4.3139772
9883513,4.6814723
7263126,5.454973
4728136,6.55705
11755002,4.1313505
6598624,4.922541
18745141,4.238715
15664673,4.8738656
11623306,4.93361
10100512,4.0132036
9489459,5.712585
7851877,4.826248
13412717,4.2443857
20438800,4.8829274
4949779,5.8521237
7439092,4.218116
16612515,4.8135
16321275,4.300882
16751768,4.0552874
9136814,4.164314
18239527,4.622235
1043282,5.0143895
20484367,4.3545237
16664332,4.5491652
7090111,5.0971456
12430573,3.9818504
4287765,4.4064536
7391230,4.7614694
3614008,5.2649975
15956851,4.5624657
510092,5.299657
10476626,4.862565
19035683,4.1035357
17693601,4.0545816
15917011,4.9237895
7699710,5.2826357
6128050,5.100266
3386035,4.751749
484658,4.0887074
622642,4.8829274
8325667,4.3308845
20269328,5.7485614
20176653,4.755142
17943328,4.334095
3479896,4.343923
9035181,4.9990153
167057,4.0686245
7243355,4.2950873
20329720,4.58252
10241876,4.9331317
4031933,4.9610434
20990053,5.438084
8503433,4.781303
14361406,4.2527647
4325737,4.5715446
20599362,4.4347854
753983,4.585257
16364937,4.276683
16769181,4.891254
17541287,4.368079
18961444,4.357086
13769006,3.4874315
7002438,3.907824
8045552,5.246449
9550075,5.4645653
14859779,4.373877
9039453,4.669097
17933555,5.4990683
17457239,4.78906
1155885,4.8440576
8398120,4.1175714
16489963,4.8998218
7732854,4.675685
3411912,4.518123
3687150,4.419227
8597907,5.816936
14649383,4.435626
233500,4.1297684
18548609,5.3953357
12892469,4.979954
581180,4.503317
1931912,5.6386595
13728412,4.9827414
13293823,5.279216
15564179,4.2405453
15255254,4.5916367
6529597,5.040399
17418615,4.7584
13565467,5.1365256
14530033,5.4686613
20771964,5.953904
4053612,4.312106
10105592,4.7379475
18508818,4.43724
16763089,4.938297
18291521,4.4220552
10475942,5.443528
11438045,5.1292853
16231812,4.5389743
9999878,4.7322392
7501154,4.0570827
11791996,5.414692
4709252,5.477349
17602292,4.530576
187986,5.678298
15836473,4.5178084
10281987,4.225699
6882615,5.13394
16677581,6.0465965
19910725,4.8011346
10405891,4.862226
21058573,4.4931116
7105709,5.420034
12592632,4.8449926
14569296,5.2873926
11103400,4.931646
1206261,5.0490146
18390043,4.7072973
17361133,4.9686203
9750094,5.27623
13076788,4.275634
4129424,4.853463
6574353,5.8222165
17882596,4.4567933
14842366,4.0793056
4446116,4.5643473
5905501,3.5134861
8072662,4.95062
8423818,5.86174
9136945,5.291143
15844931,4.189588
8598197,5.157745
17790418,4.1781173
18803219,4.261995
7800053,5.734994
3931037,4.911368
7850696,4.3655906
3554500,5.246241
4303825,4.1940565
4467841,5.2790813
9682849,5.0047417
3464727,4.8182416
20151795,4.896501
9881173,5.1527543
11338011,4.0581813
15888389,4.967099
19517508,5.015038
17306372,5.018515
9533017,5.6519966
21022394,4.8102775
6627397,5.7851186
11655248,4.0197215
16146834,5.1827445
18508085,5.241955
18151380,5.548156
10568320,3.9936793
11716103,5.3872986
254863,5.3408527
11617250,4.2461267
15165917,4.0082426
6001758,6.6221457
10126869,5.1854386
8488370,4.2608924
75423,4.372854
13765056,4.6765776
14437325,5.8140764
1992676,5.884726
14912302,5.310853
8014773,4.6216626
20552217,4.5388117
12854951,4.957269
15864590,4.160471
3288765,4.113664
10255048,5.265587
8843681,4.0987935
20607819,5.1386957
10076444,4.42925
15523549,4.9078293
1387802,4.1194453
16004684,5.026645
16621902,4.9311504
13101094,4.661145
1661292,5.182814
326908,4.290315
14153230,4.867035
1109548,4.9816866
5068702,4.307585
14763705,4.844419
6778716,4.216158
2272461,4.640878
9945496,4.236933
6106343,5.4462047
10386341,5.7676578
16394456,5.2548394
14202260,6.7830815
21153286,4.192746
7289478,4.395575
422776,5.4953117
14104045,4.7351837
15179226,4.740238
19890588,5.042957
13970468,4.4455733
2461439,5.902986
5195874,4.8331137
16031845,4.8119483
19877901,5.029585
14055665,4.99965
19911921,5.8413415
15655772,4.169754
10116102,4.7386165
14125913,4.3940797
14949545,3.9626367
14204162,5.3142147
4784618,4.2212515
20521696,5.328911
15968094,4.6772814
13884778,4.3012185
4251764,4.143603
2372273,5.83112
17585947,4.8774085
19404943,4.229113
459767,5.128102
18651642,6.0904837
14826358,4.8984523
15783719,4.273519
808720,4.351949
17657510,4.217974
13282293,4.2017007
2108237,5.1827426
10616275,4.574138
3531681,5.8494563
18191455,4.254576
18616234,4.452518
4587321,4.1987224
5720623,4.411421
5173018,4.327503
276193,5.4913697
4257929,4.523637
15613238,4.8928323
16066852,4.459814
7127297,4.7999654
7798935,3.9479864
7129441,4.219727
12969060,5.0692196
18163756,4.4111733
8681709,4.3370476
7263305,4.3341055
20800994,5.930996
13240322,4.3470244
3970345,5.006343
14341534,3.4498217
16762695,4.346566
13140793,3.9672954
15326364,4.429204
20990590,5.05701
1989997,4.016718
20417878,4.5854445
17110553,5.008305
1661684,4.0486684
14483819,4.5134363
18810580,5.0512605
17830430,5.4920177
2001022,4.2023726
17143103,4.9177217
18808260,4.598993
4396275,5.0972214
947767,6.007125
13936824,5.121607
20001671,4.8911686
12796784,4.860651
6103261,4.475091
18059812,4.416865
10138870,4.450035
11911783,4.7338533
11653359,5.0068355
15956435,4.993717
20425419,5.580187
17279803,4.0887346
20726959,5.4984775
17699602,5.044585
17138041,4.949853
644008,4.7080603
15176427,3.8405414
20053362,6.117479
7279344,5.396876
19404818,5.8453503
10169117,4.719582
115407,4.1230383
7854999,4.1683693
12317903,4.094694
2477787,4.890959
8957189,5.181785
18897102,3.5553062
3603134,3.8582938
1036734,5.037633
7942513,4.2101483
19092235,4.2401648
4206061,4.5208244
9225346,4.9078245
19844255,4.5176272
115748,5.135974
14416321,4.6579766
13451786,4.1403227
20616239,4.227003
16710475,4.9393926
9057418,5.402354
5054072,5.180641
20697463,4.1671114
7666157,4.204113
12395984,4.746672
4782799,4.545763
17188797,4.033945
13398837,4.656567
1881968,4.14632
1337001,4.72729
7913224,5.364233
7351575,5.4533653
7781847,4.2383537
15501322,4.849712
14281865,3.7687302
19401219,4.649816
16797848,4.3662195
20964409,5.1705766
20151756,4.7695894
1183620,4.8119287
20235208,4.0603895
20745195,4.5121274
7021343,5.071331
8221207,4.8129654
1045752,5.275811
2247190,4.436351
847755,5.083703
3959094,4.9736047
4021805,5.0589294
16599599,4.760118
5615061,4.2226653
9689359,5.0072503
16000473,4.970383
1132728,4.048152
15483662,5.101841
14472209,4.134433
7790482,4.816119
3130390,4.0764046
13814383,4.400583
16814704,4.247417
4331691,4.1750045
797642,4.985205
14117696,4.0700727
20283846,4.5198054
19050274,5.2248588
2256268,4.8978553
7236990,5.674648
17747839,4.310437
12988054,5.244507
14297224,4.224841
20591291,4.921681
16758040,5.154628
20601598,5.036831
19846176,4.120789
334869,4.7872505
18037936,4.197419
13959886,4.1498146
14651089,4.1522155
15043283,4.9721136
1781457,4.2465563
16071295,5.6581073
8023867,4.5260825
16242753,5.1000543
7801483,6.336361
14218449,4.24032
15129003,4.2470927
1885941,4.924585
13633620,5.7459755
8653449,5.826305
729831,4.876156
10563581,4.3534465
15982605,4.7827344
20030040,4.889821
14570947,4.2642016
4699898,4.542765
16999954,4.180727
13379973,4.273188
12652765,4.899774
13600887,4.279994
17224372,4.0323067
13788740,4.4001393
10516322,5.504842
14010200,5.0779724
15174230,4.2435837
4353236,4.6504326
13361785,4.5957503
18557662,4.4538918
18591407,5.419304
6143531,4.8690057
7308593,4.071425
15369078,4.995901
4092655,4.5207396
6505426,5.029255
16603172,5.3287625
4636323,4.9726567
71384,4.341576
14931652,5.1391363
14030285,4.2731986
2115611,5.0091524
15411634,5.2515287
6781973,3.8851979
13861389,6.03816
14690672,4.1807957
10903303,4.9234004
13098805,4.55533
16171595,4.3910346
4190793,5.660599
2140313,4.24607
18036366,4.742342
6964813,4.171849
15991843,5.476103
12812504,4.134231
20185035,4.2149477
18194673,4.130437
15989363,4.291122
18435027,3.9344673
15327220,4.8825355
6088589,5.1741977
2303583,4.553294
9882012,4.0251884
1059531,4.4716387
8764617,4.5735407
16814536,4.711538
5558709,4.476727
2653259,5.805825
12884619,5.321669
14885129,4.1960773
15692593,5.249999
8567028,5.7552476
13713765,4.653934
6959841,4.473397
19309604,4.8247104
5847182,5.0291233
14187751,4.483688
2918732,4.853831
20652639,5.1736865
10930079,5.7817755
7422221,5.6970053
13219681,5.1912327
15718664,5.360566
4526384,4.2552915
2777719,5.8712354
13135927,3.9727294
13252299,4.4503064
5640839,4.475766
12732420,5.4723473
20999976,4.6929045
1764449,4.1237774
18546735,4.8518763
4785675,3.9467008
9462488,4.340544
1140826,4.4252505
4444304,4.528963
15374777,4.1488395
7245977,4.142163
7475708,4.2205324
20817164,4.8220468
12457319,5.0865555
17960970,4.2770023
16382031,4.9146934
19664150,4.738865
4168812,5.218611
5646613,4.337144
60666,3.7989123
8089062,4.3274927
21171163,5.3683233
12544463,4.8670397
8110,5.4016104
8226982,4.1871123
14372069,4.2225256
452824,4.2766404
20726227,4.258549
17589815,4.568152
1048797,4.48415
13417164,4.215369
14836424,5.615526
7898757,5.088372
20229074,4.5796714
5989687,5.2543173
5297660,4.610547
12600300,4.350706
361703,5.524477
9102963,5.171729
13510044,4.268032
7201553,4.52183
12554945,5.95149
20074223,4.5250344
8272350,5.140519
13168753,5.0911684
17528760,5.317101
152259,4.984042
7262619,4.3931875
2308802,4.264842
15752081,5.0157795
9595698,3.2571723
228496,4.168218
15635350,4.1062202
14041332,4.3779616
15822019,4.944464
8257211,4.4892006
14491023,4.157608
5160363,5.0316544
13373300,5.100897
13578140,4.7831273
9734420,4.334037
16243667,4.655086
3076579,4.4253
15343336,4.34732
17685350,4.998003
11528086,4.8756185
17905052,4.8087597
645922,4.6518955
20310094,5.4525566
842961,4.1734476
7470123,4.340149
4006407,3.8309624
19691986,5.1912327
17975366,5.2082276
8683783,5.005773
13333623,5.2610397
3230643,4.876177
46843,4.8526154
10768917,5.1690755
12493755,4.6114535
9561365,4.88506
19346150,4.8438206
5902822,4.0118103
4343772,3.1601582
16043186,5.2409706
15537228,4.938458
11147843,4.790111
6991310,4.464509
10680228,5.7628326
18688039,4.9239864
11656362,4.5696282
3468486,4.5611267
936001,4.6327353
1627259,4.1933327
16192646,4.8595
3426233,4.8227205
9958322,6.362336
9024737,5.203587
2387068,4.93205
12904071,4.374306
54112,4.2358456
14086132,6.1012363
14600625,5.699006
19303801,4.2699065
18960294,4.380928
9694758,4.3287907
4540955,4.6487284
17368958,5.268147
16082532,4.2477174
11775483,4.9006405
15131308,5.0486655
5925550,6.3994617
15581154,5.1134677
15060925,4.313046
6748921,4.3054576
9976124,4.3405437
19729961,4.468727
17943186,4.1934695
8382660,4.9243965
20361588,4.697296
10380872,5.256903
6975129,4.596065
3489778,5.034211
17794295,5.0049043
15027101,4.277601
13636422,4.9636397
1067027,5.678422
6640642,3.1615186
18428230,4.1719694
16268490,5.5741096
18345727,5.2671523
15360216,4.544644
16412848,4.527846
14646704,4.3436713
17788159,4.553079
2180648,5.6542673
17438195,5.2077327
11378054,4.2738795
12915587,5.349681
3829261,4.702079
9664099,4.504498
1597830,4.814719
12990558,5.130612
17611685,3.5098243
15975018,4.6332636
145690,3.7611017
10823007,4.151883
106647,4.457278
7255568,4.375653
10492295,4.24043
20253592,4.3491325
20999267,5.449035
16239948,5.083128
2372987,5.994713
6094066,4.1703143
8988451,4.3234553
10056541,4.5063496
249414,5.1473913
14321263,5.445428
16005479,4.2982516
17268038,4.256162
586994,4.6224747
17476990,4.789562
12320880,4.1595936
18209082,4.6074977
15142918,5.4372535
953928,4.39295
6159481,6.3493705
18175455,4.803399
20726715,5.0966077
17027290,5.6877317
18326771,3.1314623
12846033,5.953359
11676566,3.9226983
17845112,4.6276517
1466534,5.6445365
13726326,4.234806
16081829,5.3931403
5756520,4.8237367
3237842,4.1785536
14555886,4.088356
15055277,4.162611
13175429,5.6188946
1768964,5.876996
18637680,5.3575187
14423004,5.269072
15084404,4.593882
6778322,4.48442
6843145,4.693385
16172035,4.042783
5013816,4.3729515
12911110,4.2083426
18212722,5.193197
14881939,3.9503052
9110135,5.092668
4484805,4.0520487
5078638,5.882446
15610760,4.554652
9543557,4.8635793
19458240,5.704055
8336609,4.7873106
16959968,4.3230143
5947472,4.882226
20033063,5.413361
20299266,2.9086895
5931952,4.5100865
16691826,3.6775186
2131675,5.1096926
479298,5.2147264
17973795,4.8328857
2941297,5.2528653
1206413,5.392527
17553719,5.4767795
15925104,4.6133246
13749348,4.2461348
16465059,4.393491
15602456,4.8423753
12539013,4.112537
725270,5.06241
5761901,3.9264963
17332503,5.568165
12175681,4.6393104
12430132,5.2262383
7702325,4.4874
20070087,4.780528
12344949,6.045777
6968306,5.362951
16725615,5.0364394
3433930,4.8750877
2268084,4.2436347
9907100,4.820361
20529760,5.075979
12741695,4.3318233
9937434,3.7774856
1020928,4.227676
47859,4.951808
20840469,4.81559
5143959,5.066995
5870098,5.1637707
18462461,4.2033734
4604357,4.1762066
14449167,5.818434
15150657,3.951298
6184149,4.238215
7459002,4.206105
17269656,4.8500123
1204141,4.921745
337960,4.347186
14013264,4.810091
18488781,4.588001
15853994,4.581653
3898292,4.673644
4432761,4.4077244
20652678,4.046975
9464045,4.957515
10059635,5.1369953
4645142,4.9723682
17340546,4.6472945
11187332,4.4584956
17591802,4.96127
9063213,5.069585
17356672,4.2743115
15929814,4.9515615
1607994,4.820682
9148791,4.1999965
18002434,5.668588
16417011,4.682211
16443106,5.8994694
16101136,5.2560306
10720370,5.1867027
4854561,4.2894506
17024774,4.898196
691026,4.574449
17406430,5.946305
6924208,4.3908553
4583081,5.9428797
12388347,5.3528576
18329532,4.677396
7009328,4.226154
12255334,4.5435534
280549,4.2587037
10609103,5.4969025
6278405,5.3473487
16029273,5.3335023
14593326,4.26765
21075877,5.053216
5747240,4.942041
18763198,4.6724925
9333167,5.327479
16252226,5.4232006
4705670,5.074378
8782984,5.486603
769482,5.090179
13006928,5.0845847
9705777,5.2258954
12795842,4.730243
8385930,4.379497
7244861,5.208593
9349742,5.01771
2509617,5.07703
17585139,4.0546637
15874419,5.1227
4662158,4.72154
20083581,4.900471
19044895,5.0397515
19196273,5.8528457
10307009,4.096157
19080921,4.4618897
1964878,3.9174404
7159343,5.0720754
16751957,4.5363703
9728203,4.6075716
16545263,4.3685756
19525927,5.1243377
4082635,4.4311924
1720583,4.5457826
9079871,4.0786114
7575194,4.781991
18735542,4.9330482
14469019,3.845439
13374115,5.670455
4639451,5.3731084
12774987,4.933415
15340297,5.293468
7637901,5.1003976
18120644,4.811647
3217196,4.1594787
15711,5.1382637
19181603,4.2963934
10088588,4.560272
16496199,4.717013
1847622,4.974612
2864776,5.023257
14504452,4.4158583
16722856,4.3609905
14572100,4.8917847
13824118,4.8893733
376740,4.5215435
5192066,4.2548485
8850711,4.793172
12955281,4.791993
18704413,4.7005386
11843770,4.483789
9350653,5.5920205
14577455,5.6995735
3696178,4.3389707
256148,4.975342
16241951,4.3701825
6155877,5.285424
1186300,4.3336654
16063596,4.265464
16427431,4.86084
6077513,6.3199844
18778024,4.4418674
4718898,4.165543
15860091,5.282772
14585496,4.272463
14855614,5.0746565
16363923,4.2267847
20284322,3.972861
9635607,4.3313346
20910718,4.633887
2164917,4.3127995
13311019,6.7485747
17930505,5.943994
1934804,3.8194814
12004089,3.8988338
8144049,4.6966066
9972046,4.8806877
17007737,3.652686
18291265,4.1548114
12589327,4.249748
6452764,4.9806557
4930026,5.174855
13650969,5.6614
13293403,4.296204
12191750,6.243656
14285920,5.238813
10494980,5.053597
13300084,4.7579107
1045978,4.8509603
3793678,4.3082747
8029446,4.8992286
3939304,5.3995314
10280979,6.060283
14841308,4.864136
20244583,4.3438845
16578515,4.424514
15865775,4.3193192
16120296,4.8905387
17540365,4.4759912
18209005,4.228595
269756,4.9060774
16297989,4.968352
1819994,6.202204
17652643,4.2154164
2686639,5.1772723
20609661,4.1013455
15521674,3.9539118
17420832,4.2119637
18081738,5.0932293
812695,4.4408865
16392539,5.5393724
6965048,4.4312344
1623463,4.1566124
2086828,4.945867
13721436,5.781701
707736,4.2714753
16737148,4.1100583
21098719,4.2563
1975069,4.0835123
9973170,5.498153
704727,4.6325006
20066576,4.7465205
1428154,4.823788
7513953,4.4049687
10364522,5.2142706
1891175,4.1215725
15811719,4.84419
4902799,5.0246167
6854404,4.824358
18074110,4.477922
13575023,5.485988
17712277,4.3504667
9543678,4.973806
4777723,5.225698
8404684,4.5239153
4778591,5.5254903
5461125,5.670653
66974,4.700209
10054070,4.1688046
14174460,4.095833
8111321,6.1705647
15841981,4.0117397
13713588,4.8239174
8521792,4.373289
9527309,5.4865623
8342635,4.3594055
8838932,4.270908
385651,4.6144457
14844098,4.2832894
16822394,4.873418
16497691,4.2704635
6289760,4.292593
2494793,4.2324624
6599196,5.754906
19878514,4.885073
13928461,5.315941
16162187,4.699163
17591996,4.686528
4059549,4.896736
9643630,4.98807
17829289,4.078322
19083490,5.2030444
7437623,5.0885024
19221317,4.01055
17284135,5.3321805
12904840,4.371703
15930837,5.0659122
19199564,5.0351977
17682109,5.319206
16928,4.622845
13065655,4.017841
1229594,4.896583
20410370,5.6086907
7900437,4.099963
18704249,5.1397395
18222930,4.2624745
7415905,5.7020607
15374796,5.547758
4606368,5.882523
13802356,4.3985662
2049830,4.132728
13856810,5.6139464
20411117,4.744213
18163050,5.6359625
229799,5.5966873
15024889,6.315055
17078134,4.4144697
16571090,5.054099
595777,5.043183
20599193,4.669097
14825914,4.6547384
573612,4.8230515
7158759,5.43541
5813113,4.0736427
7676145,4.406624
13379560,3.984248
16376497,4.6906323
3012871,4.70077
9898894,4.1047287
15985008,4.4552875
8343915,4.7724032
16651731,5.25788
17793007,4.264754
20013531,4.1277394
6675383,4.4667068
1324087,4.9104385
19634067,4.0844297
11010367,4.47019
11588550,4.176674
9750131,4.996534
799829,4.828041
14222469,4.2314887
19906195,5.198662
19654252,4.4584417
4994462,5.0611978
8090753,5.9689865
5135755,5.077457
14632658,4.920369
7020039,3.7801757
153780,4.2866755
9253505,4.8791056
19884146,5.068435
7543156,4.261512
18053548,3.8737175
18178468,5.344209
4601390,4.314198
5997689,4.3545074
9929972,4.220132
1283815,4.882065
19575925,5.152356
681402,4.6842766
4828543,4.8728123
7084130,4.5780168
18095941,5.711899
7456568,4.4920387
1195173,4.377002
1125117,5.063859
17264334,4.401625
1137921,4.7964163
8989863,4.2307467
1388523,5.7418056
10769637,4.9586716
15601678,5.0838
424767,4.8684335
180233,4.175152
17640339,4.596795
13451778,5.0118227
4936629,5.152881
20634170,5.394961
19524232,5.241261
17210984,3.9209144
3881808,5.390514
7071504,4.3618054
4134377,4.9412107
16578229,4.8249264
4796070,5.0428
7884102,4.8841004
3164650,4.886762
18286171,4.4356503
10428642,4.1991324
12402601,5.159353
3385880,4.428278
5652147,4.4303555
7131026,5.005648
7826158,5.0913205
18323602,5.2156267
8303354,5.1858335
18250302,4.352337
17419463,4.8621483
17624124,6.348728
17111165,4.2198544
3570817,4.955132
13713304,5.3603396
20172973,4.53261
9233883,4.498676
13238217,4.265131
7298966,4.1177845
9040792,5.384072
80924,4.0884085
1966735,4.018356
13261922,4.2221837
505708,4.6190414
8628309,4.6742253
12810452,4.242555
1373456,4.98394
95544,6.078331
18672921,4.317424
8067466,4.347899
7489397,4.644737
16519220,5.333867
15885689,5.5237346
2039945,3.8107822
14415799,4.303868
14358402,4.7423296
14854249,5.3664484
15588310,4.7918873
13764068,4.582597
12968092,4.286274
6729886,4.80003
799701,4.1411715
8994220,5.9303646
18008801,4.7859187
10628359,4.3340893
627949,4.905991
11086445,5.04093
13853404,4.8111496
16381884,5.356608
7151690,5.257895
13390535,5.1292076
11827451,5.9970284
11037074,4.295457
3544380,4.8870363
8000795,4.354198
20227210,5.318314
18985328,4.3051453
20191076,4.6870584
5767589,4.536061
19851136,5.430937
11660192,4.817467
13992990,4.881323
9522516,5.680325
13547859,4.3534403
9216950,4.269647
7601870,4.8216505
801281,4.321286
14486237,4.9868536
14807078,4.7389064
9032209,4.6891794
10613946,4.4779334
16517187,5.1645184
8013498,5.2125793
10629177,4.7227874
9604011,4.12232
17285785,4.9954047
19291646,6.5580573
10775044,5.4166164
8984018,5.0408664
13530165,4.239501
6229085,4.3473396
15618501,4.7951527
2498701,5.0208497
12705492,4.1355515
18222359,4.537421
16238779,5.051459
15632542,5.372475
457829,5.072218
12590077,4.411838
15735294,5.750559
6327528,5.8891997
11067772,4.531185
19247447,4.3626766
8935756,4.8410387
12309524,4.2066717
645757,5.3508797
7264659,4.15811
13637547,5.456508
9391913,5.0645175
3913092,5.86494
10018549,4.974183
4068682,5.469428
6374890,5.5314755
12854022,3.235839
16187566,4.167006
13785631,4.3388047
20757674,4.7855487
18519523,4.386288
16164934,4.8040557
13679918,4.789612
11366042,6.0316052
21054216,6.105176
13571941,5.0578885
11912034,5.1208396
1018529,4.4902625
13204288,4.8995705
14615379,5.77661
11553360,3.4876723
348714,5.0713744
427843,4.679595
4579903,5.069506
15546520,4.495839
4089102,3.9775777
13766690,5.6361427
14935001,4.814426
12346537,4.926881
14488058,5.079152
14897449,4.1437197
19767452,4.267363
20883973,4.9687057
20379061,4.463288
1866050,5.158639
16471851,4.1091137
18762226,4.8808446
7637618,5.8461328
6133111,6.143916
6484512,4.3383255
12472125,4.9986954
756767,5.289314
598396,4.19413
2097795,4.443526
11375514,4.343117
14929647,3.8325157
18828846,4.0162163
4786197,5.165058
7861177,4.721038
12005923,5.591574
13136521,6.4188824
15905814,4.3189993
18737220,4.8165226
15420723,4.8228216
9766966,5.2606473
12407974,4.378679
2364469,4.864908
20912843,5.0866327
16973826,4.8047915
13711904,4.436449
4201905,4.993305
17847425,4.3783765
5320395,4.346841
19567510,4.3813877
9269572,4.8709974
5586306,4.3310122
9555648,4.285196
535743,4.892994
17270330,4.34138
7981579,4.4389606
6975905,4.2791686
19544387,4.125537
7677038,5.960591
4840072,4.2811875
59344,4.775163
729365,4.461202
16134193,4.374492
6044238,4.5469527
13941509,4.40048
7327968,4.5796237
9296523,4.9355736
10141109,4.341901
15720224,5.1440587
13574372,4.9278197
18101186,4.8530874
7400306,4.7158966
4988556,3.9763808
14238251,4.343547
8166186,4.5575395
20905799,5.1072006
16616303,4.152398
11377330,4.3092504
1839373,4.567865
9513511,4.454282
12849655,3.2855108
1894105,5.0165477
11046034,6.2747254
17667310,6.667721
8568916,5.0985603
19945680,4.704208
203551,5.4970555
16506754,5.634017
7898386,4.3057723
12088417,4.3926625
13187307,5.115689
1692224,5.0264997
10998071,5.311861
32965,4.350573
18312612,5.000124
9169278,5.518737
18458881,4.2720795
17509152,4.932354
12567868,4.0719337
16737962,5.244049
15042071,4.9611945
13960878,4.046741
13922790,5.246317
18767273,4.2524753
13941210,4.600763
8575163,4.878349
19503709,4.5605874
12915038,5.252809
6168629,5.014291
7151287,4.6171584
14595640,4.552919
16577728,5.2205005
16813543,5.009017
1221962,4.313548
6646456,4.9543734
3247998,4.593438
12870913,5.377148
6228019,5.0196347
17944404,5.039183
4589416,5.078502
481440,4.335241
5930112,4.1364603
16016183,4.669097
10158601,4.18948
7348008,4.6966853
9028780,4.4588375
12206564,5.0080256
15148838,4.4376884
12991348,4.9458237
16869608,4.885219
15866324,4.3089547
8311762,4.40053
13938420,4.9323287
8754560,5.1985297
87640,4.463539
4285537,4.27573
7161718,4.9307837
19432119,4.2422614
1971777,4.575821
663870,5.337893
16690759,4.2911553
6652353,4.028642
15566083,4.2987623
5559765,4.875234
17129825,4.7240014
20135026,4.456193
4581479,4.136687
16159641,4.1399345
37214,4.486434
12055084,4.301574
19332415,4.5312047
15126325,4.9286733
9824547,5.4881115
1170468,4.288124
21154109,4.6156764
13343610,4.222821
16175138,4.2462516
12223759,4.762318
7201169,3.4281824
12669490,3.9649725
17860932,5.9445715
16561849,5.3432465
18066269,5.293869
13992742,5.4933085
16412250,4.727834
17640798,4.599059
6169065,3.6628623
12487909,4.1756015
1268060,4.3444676
4044840,4.6348767
3503627,3.9929857
10996816,4.2364345
7645757,3.935296
5691763,5.2635674
15310220,4.187468
783149,4.324774
2181389,4.308663
15855837,4.1792994
18605336,4.220508
851772,4.43401
20216170,4.448661
17188095,6.3217115
9051442,5.913122
15150943,4.4180756
19251255,4.140697
5936796,6.890298
15009005,4.189668
14024257,5.8151946
1660971,5.314413
845251,5.2798905
20590333,4.515469
609376,4.230257
7657947,4.6375165
15789680,4.3548484
10341932,5.60365
4629367,4.8532605
16961883,5.157926
3809530,3.9487567
9176233,5.454836
16179825,4.9801145
16302359,5.1171613
14962189,4.4061375
11433539,5.3668737
15729762,4.7395835
15918718,5.080628
2550984,4.2805033
18636101,5.4790483
14826900,4.283628
9133069,4.690384
8281967,4.4733763
14488189,5.334254
6986958,3.837216
13465546,5.397153
15747577,4.9312134
21091109,4.7616963
3301321,4.134992
18359380,3.992728
16174653,4.8786607
8811480,4.5841756
536328,4.600562
20623206,4.9011264
10356880,4.158868
19120385,4.197556
14023496,5.424433
18213319,4.48041
15274999,5.1721344
10905470,5.147555
5208021,4.9441714
15149497,4.3855634
5747241,5.184632
15193693,5.178112
8735399,4.952783
757864,5.6889696
13111321,5.689679
16083525,4.601103
13698789,5.254296
7784365,5.0785933
444411,4.025052
14803913,4.2499857
294250,4.2398825
15510930,4.2724953
12022599,5.322431
12972059,4.6156607
13527291,4.932202
1940496,4.3890996
2547198,4.306603
8255464,5.8022714
7579573,5.186368
15496712,4.850992
17510469,3.8035648
8012976,4.554389
16812970,5.1229906
2339174,4.7506127
16518559,3.8037274
8685725,3.9371226
11306463,4.8354645
4680299,4.209641
13641142,4.8403873
4894656,4.2184453
20349970,5.4887037
12875860,4.5292497
6883897,4.654888
6863827,5.1912327
15720498,4.53902
15394484,4.550436
14773074,4.9908767
2210615,6.0186176
8063277,4.4014826
14521091,4.849418
9736227,5.8466682
13376457,4.370886
19730572,5.114647
17387785,4.463358
14466193,5.564418
16383326,3.6134496
832810,4.4048147
18963431,4.171483
6384275,4.6504555
5672288,4.7566333
9825415,4.513684
14214315,5.633294
19120544,5.3112617
4717440,5.2651634
14429976,4.312923
13978036,4.4518065
20761266,4.4925065
15873510,4.359523
11998353,4.0915
965917,4.0431104
6587400,5.4134026
13929036,4.535611
18123011,4.6317263
17893098,4.0867224
19531313,4.946467
12106946,5.06561
4469769,4.0444393
16589844,4.482607
15223117,4.6868973
18069030,4.9099593
3251014,4.143569
16310244,4.6256237
5945820,4.4970694
15002969,4.336966
10037605,4.4054284
6030132,4.2434855
19227562,5.635532
15967879,4.367668
10269737,4.3549924
20195496,4.1056914
11709675,4.286126
7637047,5.6961994
1053666,4.7554855
7956634,4.447574
19737484,5.387667
11046680,4.9776073
11513818,4.7010207
11853509,4.462973
4524029,4.330714
8827744,4.268547
828685,5.0660033
4040475,4.2423196
16910440,4.254523
2015586,5.2824497
8151519,5.4144382
13491744,6.2987137
131403,5.271009
15006441,5.289543
13244917,4.643311
19945083,4.8542128
12991211,4.401001
4202197,5.119552
13361654,3.6740687
7294210,5.696461
14145977,4.279037
14469737,3.6503115
15973858,4.716934
9063376,4.759612
9393163,3.963658
13016082,4.2306175
16140977,4.9271894
16795253,5.5972495
11553445,5.2881637
8427638,5.0571275
3414172,4.200207
10525616,4.546816
12897314,5.456521
9750676,5.6256795
14590978,4.9264894
15327552,6.3845987
2432622,4.2645264
17803757,4.4597635
8792379,4.6937037
18547510,4.243724
14748297,4.4461756
17281381,4.9643083
19138071,4.5275273
1881298,4.855603
949428,5.867192
16440066,5.112252
8256750,4.351185
15147515,4.329235
7116810,5.2011786
205485,4.4425077
16618090,4.799187
14579510,5.0556684
19142334,5.554853
8674268,5.664666
18022487,5.21895
16547724,4.975301
9302678,4.7363176
17556957,4.816073
21175554,4.962062
8090426,4.339621
2212823,4.889944
13202799,4.1205263
3264684,4.2340894
9824326,6.4771705
820946,4.5276613
20530309,4.381911
8384292,5.2958145
7276511,4.8940306
18739123,4.688899
18411627,4.4721193
18637096,4.975362
14468131,5.3971925
15914785,4.3895106
15339315,5.231351
132695,5.468097
19410331,5.0893226
4943458,4.096955
15866095,4.0148497
15843220,4.978904
77681,3.2683022
18059389,4.261199
13334382,4.800773
9944860,5.0459657
15721197,4.3894963
13001874,4.8491626
9257541,5.663092
19517513,4.5250645
10439970,4.4484043
16793429,5.014039
1556821,5.5884414
12953567,4.1633844
1240598,4.4226933
11338057,4.9677706
11229663,3.7907286
7844294,4.4085174
13118084,4.6057444
4758676,4.3914475
13588175,5.457122
31939,4.3563027
10949478,5.1679573
4225721,4.214243
269053,4.701045
848174,5.147411
9547394,4.3437786
7614937,4.1244817
17593868,4.553732
7245876,5.3892274
4456724,4.9252954
16338045,4.694774
787058,5.0790725
14548280,5.3441315
9651070,5.0751734
10789433,4.124774
20385467,5.8912396
10596297,4.9266453
14965867,4.935081
4494448,4.1288915
7023661,5.487263
14899686,4.1024976
15511161,4.842253
15663653,4.6848717
8481021,3.8904176
13355543,3.5438309
9709405,4.842539
17617712,5.6908083
12183939,5.4869065
16488197,4.2287803
16674313,4.9346066
10043227,4.5787735
19556888,4.396215
20396489,4.644937
19292775,4.460692
12656310,4.7078705
12173895,5.352922
20067610,4.917984
12482870,4.0943804
6927027,4.4500666
16962435,4.3182583
12086985,4.2493753
13900712,4.4652543
15258414,4.0454535
4766516,4.5833507
8304058,4.5496125
9865344,4.6445236
11226811,4.7569065
521038,4.2884703
1140691,4.092892
14124508,4.755605
15633514,5.573849
3698738,5.0953803
12251244,4.6437182
3970529,4.9920874
18042820,4.213463
18568031,4.488507
19642128,5.6273756
1722358,4.4794874
5506,5.002263
7850400,4.360908
19243476,4.1774955
3465396,5.5985637
13153398,4.1350107
18463505,5.6526647
8722573,5.1234355
10964917,5.599992
18507951,4.2863407
1438244,4.947965
481413,3.3579404
16476510,4.357851
16381992,4.719068
6117724,5.593492
2153435,4.3808403
11926941,4.225742
16029517,4.2950892
8913611,4.3261476
2723005,4.834538
292800,4.673018
6886494,3.6448011
6716261,5.530017
696862,3.6235008
20548717,4.806919
7511919,5.369029
8352032,4.44557
13101006,4.7797437
20575645,4.2682843
8608296,5.397002
20727199,3.8850157
17156635,4.843892
10191601,4.5357456
6718257,5.703863
17855345,4.37499
20608463,4.7155147
17030890,4.5486116
12605732,5.322852
16707902,4.873596
7097,4.8647966
7984285,5.3477407
16260439,4.5528054
20846687,4.781087
10651132,4.0581813
9533144,4.9569054
14524015,4.844586
12127470,5.2791896
7750282,4.177265
4784571,5.0802226
9300586,4.2968426
13174207,4.7697206
4127436,3.822598
16725749,4.409919
167222,4.7051606
7709661,4.400865
1853946,5.486314
15195673,4.57266
11166462,4.7075496
15831317,5.32688
15780460,6.61287
403647,4.9598475
15513230,5.519778
16977723,4.5571322
10124974,4.1205034
925730,5.0723124
8985646,5.0805755
11043803,3.7014585
16013285,4.3834434
20774980,4.065119
6589907,4.543185
16725672,4.2002487
7601496,4.086105
846549,4.7729893
4967968,6.24144
15653796,5.171202
644009,4.028493
6370773,4.7127566
19143984,5.0590296
18208811,4.6621423
10906891,4.1608367
20970089,4.9955397
15435963,4.916127
13450862,4.955256
2189514,5.260951
13564490,4.4198165
19141812,5.027808
17098602,4.4578705
948034,4.9282646
8473134,4.264101
17434335,5.760275
9530381,4.935696
20889280,4.344078
9682877,5.093345
9149104,3.9462104
3771,4.3316746
8609940,4.7520165
2995611,5.1297503
12873723,4.4995313
10336325,4.381969
2723515,5.283339
9865338,4.349286
20166644,4.3745823
3625232,3.7743826
587758,4.866496
11126402,5.0970006
7483049,5.1366034
2863696,4.4236393
19872361,5.007628
8628190,4.9162617
15216138,4.841486
10604048,4.0025415
9413527,4.654732
18465857,4.3150992
16333991,4.204153
12775799,5.2533674
18139702,4.9827347
716949,4.2052326
16796321,5.1569586
11024763,4.8567224
17847644,4.362857
5055704,4.342639
1155965,5.055032
7733484,5.334242
16345943,6.139236
6134156,5.4069743
664047,4.0844564
11649232,4.3664055
12987198,4.63307
16393249,5.318954
1217096,5.144378
15601612,5.310025
14571697,4.9757905
7678383,4.7914586
12049787,4.905732
813680,4.569856
13767238,5.015997
19363671,5.207688
16854681,5.421941
77765,5.2413735
7639479,4.3359385
12209944,5.5948005
19903082,5.2868953
11021928,5.1438766
187979,4.4488416
1107092,5.104253
12324757,4.459005
11690836,4.919537
5523352,4.9527054
12467421,4.142163
10926937,5.0482116
13896200,4.801185
5656740,4.9594874
9788388,4.7304525
13979401,5.588944
18071246,5.2236977
20597675,4.78368
18181620,4.9219966
16194687,4.3065243
1713409,5.515356
3959835,5.5934925
3457770,4.391944
21011427,5.7407403
3656284,4.208972
6781783,3.9218254
21184795,3.8880947
16428239,6.007274
14139187,4.845269
7904509,4.6271553
15080549,4.4365253
24041,4.9891715
17128344,5.5791774
8542648,4.826269
14075285,4.184265
13771885,4.546472
19953592,4.4033484
10987167,5.092669
273933,3.9962308
16180470,5.0797424
13573812,3.8644829
11442504,4.0184975
19907178,4.8210635
14449514,4.3024383
7450236,4.6154
17607789,4.234137
4708477,5.010772
13578041,4.033901
9003930,4.7406735
17655720,4.40383
5169411,3.9321256
4192849,4.837629
6851460,5.2112837
5440621,4.2190957
19846643,4.70472
13298087,5.1802106
14570483,4.753589
4263123,4.944435
6224858,4.0062933
15287794,4.369424
867020,4.800185
7762800,5.220295
15342023,4.298799
18214100,4.853196
3242138,4.4214177
15857033,4.972897
20028209,4.5794406
17277132,4.635309
8845982,4.5083027
1819132,5.200845
18197853,4.1307735
8150283,5.0906677
3311872,5.7195077
868874,4.8158536
16393666,5.395927
10710405,4.40811
10311003,4.778134
6776848,5.1186304
13342037,5.156574
21058546,4.4855723
18034786,5.2993364
15038991,5.6863914
4768700,4.8693123
4709276,3.658183
8521368,4.372583
2874486,4.3531766
19698509,4.9411573
4747068,4.2448807
6692488,5.0138855
7834712,5.03581
219438,4.0468016
7678743,4.2480826
14053775,4.286216
14552847,4.813603
18795556,4.289388
18179852,4.346028
14854868,5.3807964
6065674,5.0593824
1141298,5.034562
13186688,5.28705
17424914,4.924987
10251,5.47197
20650276,4.618129
723507,4.8385086
12053854,4.50751
16206383,4.2894535
18088634,4.6445546
2927618,4.453508
16195103,4.28359
3692675,4.402377
17791461,4.4698057
9840115,4.6307817
16398086,5.6694393
4274595,5.282894
11453029,5.1078286
2700596,4.121486
8641908,4.438417
790682,4.6984286
18475905,4.9471726
14169715,4.462296
13334531,5.2240243
12794343,4.796297
4717366,4.3809705
2042764,6.473872
14989382,5.123203
14577930,5.391477
19016912,5.054699
17160458,5.4899197
16756494,5.134976
17751140,3.8545344
6119683,4.452489
3264261,4.919871
1955030,4.446296
359963,4.678036
2524451,4.543738
12814934,5.1264997
11611809,4.0891304
14729967,3.126737
18189659,4.068111
459929,4.5942373
15926120,5.443709
7559867,4.155403
6181230,4.4326143
8221677,5.5383105
17162200,5.968444
14966831,4.3550777
14323059,5.01213
12955304,6.3165708
19827064,4.133065
15399700,5.071947
18963479,4.473676
18503789,5.3832626
2568000,4.267832
671387,4.182527
6316937,4.507753
9615735,4.681105
3554230,4.3565483
214474,5.4316015
13330240,4.212766
13417712,5.636755
1175376,5.5992603
12009555,4.842826
4746199,5.377196
5736059,5.06826
8207453,4.4298744
6713821,4.1928954
9548422,4.189458
9010890,4.649536
11678410,4.202486
12644989,5.4150743
16243041,4.344001
17170225,4.256086
18290441,4.0564528
1873531,4.878527
6211620,5.326619
15286171,4.4534364
16148691,4.68016
17461256,5.02393
11459084,4.202832
7629563,4.5121417
15326810,4.6524806
17620105,4.399322
4616783,5.1942534
15513202,5.0602055
12212406,5.141139
3434211,4.2284
16945556,4.2012544
10522671,4.215511
18394404,5.139783
1721115,3.8849
11439208,4.819833
6698326,4.226729
9710999,4.84561
18041906,4.999389
4295108,4.663422
18860648,5.200927
4015029,4.9958243
16429262,4.296063
17405796,4.6631775
13559403,4.304792
13149975,4.86934
16182780,4.2257333
3595890,5.1020274
3718865,4.6864734
19154276,5.2411585
1127140,4.1902966
7731258,4.8203
21160933,4.0224714
4019174,4.6685724
20730891,4.8920016
13731539,3.9804802
16782117,5.3040056
2715985,5.6369104
19485928,4.414344
10706850,4.517389
6879874,4.0773964
17142595,4.353075
404795,4.1727147
10355311,4.1972585
7330494,5.3417344
5453195,4.691823
13040727,4.2587285
10974609,4.347131
5347899,4.1511574
3181376,5.1581583
13468684,5.6454844
3316587,5.0961895
16437091,4.9231925
17121485,5.676089
18194203,5.125023
18052423,4.2934575
6641661,5.2883787
17267695,4.5121703
9958326,5.1932693
2881692,5.470134
16839394,4.7958565
8733480,5.241509
13173391,4.198597
4811214,5.4401083
9136094,4.0810614
5126391,5.648521
3976521,4.9194098
19327378,5.7885456
2400432,4.3839216
18192123,4.2797084
11711509,4.348879
15833352,4.2680326
1235717,3.993038
4469479,4.433383
9332711,4.826232
12070965,4.03945
11885995,4.974404
10371574,4.381746
16797122,5.096622
2873621,4.8853345
11225001,4.3600597
16556463,6.1717863
14854501,4.2867346
19460752,4.3471437
16315222,4.404298
19530176,4.247568
622974,5.019867
15828423,4.548674
3802635,4.689169
444430,5.8577986
15761285,4.1309857
993040,4.9819694
13083463,5.025117
18055685,4.60682
8470411,4.409839
2333141,4.757206
18550758,4.668832
13900416,5.2015014
18359206,4.7426624
2303082,6.3810883
17531073,4.203565
10273397,5.344355
20017121,5.374773
6169335,4.8380513
11043459,4.273076
10910639,4.3677354
6584448,4.1993103
2274268,4.2874393
19690747,4.793974
14263115,4.6671734
10098921,4.504909
19940410,4.171082
7968283,5.6579194
20227654,4.2645874
12657854,4.430489
13573790,5.538689
18343977,5.6696973
20493345,4.3379116
9046203,4.518351
2974433,5.010925
7275122,5.2358484
13066842,4.8057647
4325777,5.8162017
2661400,4.458811
20620320,5.3350816
4379866,5.4487495
1428648,4.4722323
960062,4.310797
5509980,4.975607
18272663,5.454145
11138618,6.1355157
16514576,4.781077
11984762,4.306443
5471822,5.5869055
15421045,5.616863
16569308,4.8127594
19342731,4.7706575
16073938,4.1183486
1526309,4.9827375
15338031,5.6747513
10810167,6.198853
20011033,4.9825907
15509058,5.027728
21083374,4.9383016
9234192,4.4437046
6047219,4.8263373
7150986,4.545313
17691390,5.065368
15391935,4.467903
11126453,4.4816194
21011911,5.4132
9735937,5.2492023
12310495,4.133205
16271513,4.354571
4631075,3.9848115
20333831,4.525836
8507201,4.129368
14146539,4.8451414
15581667,5.0108104
15787037,4.3714976
10339640,4.4650264
12039322,4.8902283
12210323,4.347538
21121438,4.17548
17859080,4.400261
13436143,5.169746
19591538,4.2829137
5864004,5.4864717
9922119,4.0373116
3414629,4.2623997
13109021,4.895727
4492260,6.2083197
18071076,4.3384175
16617362,6.0670285
20901074,4.29408
798429,5.054485
20695909,4.1995444
19864417,5.213151
13319386,5.835533
2811061,5.3236446
420329,4.2523427
4824052,4.4863386
9187865,4.557235
13604124,5.740667
18583546,4.001022
371373,5.6757827
8327375,4.672771
15800461,4.275481
16352907,4.330171
9007351,4.9508424
4593939,5.4628105
16255284,3.9932268
12221851,4.3929334
16829324,4.441269
14368568,4.541452
11396688,4.9970856
6492144,4.6333447
17023591,5.266404
3931599,5.0112433
500845,4.324496
9968402,5.3221474
3852314,5.5086427
19403353,4.969791
14015685,4.249992
18210259,5.1644454
19086942,4.9056683
8900062,4.3961334
11417739,5.5569334
6589338,4.830799
1472752,4.016105
241906,4.0521364
2791797,5.004428
20705995,5.2771335
20710022,5.539989
17186834,6.108047
13156698,4.0946984
781946,4.2335854
17824129,4.9673243
2082683,5.137707
11062438,5.013884
9646370,5.837022
17407271,4.558335
16678888,4.3331304
4376861,4.046054
6467264,4.5957537
501057,4.3818617
77803,4.740056
14655441,4.528963
19871726,4.1630883
7997058,4.5146565
9410527,3.8161883
9426300,5.185655
15255864,4.3599567
17192645,4.7499685
15336266,4.048866
725417,4.4815483
10154294,4.2318797
12851433,5.0835
5801793,5.4395823
1315753,5.8257327
16206077,5.163487
7841744,6.4493575
15037015,4.351587
3994638,4.5255175
4841982,4.178785
4882405,4.9731045
1209759,5.503829
19333327,4.047004
1752112,5.4045887
18342661,4.759268
7454853,5.0978336
12904489,5.1271358
11635955,5.372346
7969781,4.3505335
17611092,5.3167276
201116,5.6389894
20505271,4.8228
11221821,5.7177305
1301227,4.2896643
2001534,4.8784485
16752659,6.1322007
2053406,5.2387676
12333075,4.4428916
7418050,4.3856196
18125546,4.854047
531546,5.334232
6585852,4.8437524
224510,5.1823926
828540,5.8527784
9335247,4.180701
9510532,4.2406707
20236017,4.8750715
13356748,4.812525
20552570,5.5058246
10660651,4.339145
10034077,4.0129485
19718993,4.3054695
14429957,4.7542715
18582618,4.861145
10120021,4.3914065
9793676,5.494984
16439000,6.2168794
13497593,5.7816596
13558030,5.143025
8301651,4.553763
16571280,4.8899484
6310981,4.8514423
16235283,4.8681707
15344647,4.916227
13446580,5.2350583
5671103,4.814919
20265764,4.773565
15559762,5.2402153
19335733,6.0529
473632,4.1966567
4531990,4.099942
17462686,6.2006006
3415102,4.830165
9095321,4.235286
13575147,4.7590823
199681,4.935822
8536270,4.8895645
6991485,5.3135204
6763587,4.2596183
20712346,4.448643
603948,4.340904
44096,5.388563
12223866,4.457967
9347829,4.7744946
18418228,5.130202
16163931,4.6884418
4699963,5.2853637
11068187,5.6519732
15451327,6.326207
3706305,6.241237
20844935,4.956325
6924376,4.272522
12256603,5.4528384
3229488,4.684334
20786992,4.278901
15646654,4.6248884
716258,5.1125016
1030703,4.343278
19501242,4.510665
11547379,5.323511
16190902,5.34543
880864,4.349856
9032582,4.3219
9798152,4.3928375
15719557,5.8871417
12224443,5.260779
2441095,5.2768707
16726958,4.155328
10864600,5.4671645
20583037,4.957866
15722030,5.152685
17804485,4.2790046
15841177,5.6159353
5476381,4.981028
14100416,6.0986147
8369401,4.553436
270139,4.3205833
10888070,4.2065907
9479647,5.3054943
14206639,5.1983814
3268791,4.9221478
8555559,4.728678
17980989,5.164572
16754081,5.6304502
19141210,6.1556706
696395,4.2979164
15446481,4.271797
5707622,6.052531
19841625,4.7484574
15999129,5.3400273
18794606,5.2939587
3595554,4.8719664
10719657,4.3346243
7986666,4.2809596
681521,5.107125
15285614,5.146328
16703806,4.297033
1655390,4.181622
18612722,5.0956774
10577886,4.2278647
13390068,4.69105
6644083,5.1293583
15989128,4.342224
13731797,3.9744608
8645700,5.6174517
3799171,4.924239
13208974,4.9660435
6818265,4.4380603
15681476,4.602352
7419517,4.5404315
7676750,4.8288183
16723461,4.2606535
11419158,4.9421434
16310919,4.655201
16797566,4.10692
4163020,6.3255596
5345330,4.8930264
7975360,6.3812103
7789346,4.781454
8131371,4.9240947
10821517,4.4258223
15238308,4.1078243
8873479,4.721484
12954602,4.2319694
1930855,5.3942065
16614328,4.9791756
12852979,5.327174
765315,3.7933853
17858441,4.583748
17305634,4.337873
14402416,4.977151
10881844,4.3233657
4574189,4.164524
927702,5.3085117
16315705,4.669595
2396867,5.1541867
10576404,5.072527
9545601,5.5041385
15665469,5.7504377
20678858,4.4560943
14936758,4.791753
18810960,5.1930814
18736484,5.0296087
11146518,5.154463
14870402,4.973829
19719862,4.4784217
5386402,5.0210905
16767390,4.758898
239117,5.075078
17569715,4.938451
4597963,4.779825
21104797,5.211799
1901357,5.2553434
5405248,5.0105753
10932146,5.783781
14884457,4.9160395
17283527,4.3365664
10888161,5.1012707
13649140,4.3475327
13788942,4.4186068
19343326,5.0199847
9233636,5.441192
13785444,5.036414
10069720,5.6972218
4282998,4.3855295
18667257,4.348589
20493318,4.7167797
15663761,4.108759
1850738,4.002699
18669935,5.256116
16230588,4.924272
16322778,4.225327
2281142,4.7788873
15726990,4.2969937
8243351,4.51149
9016650,4.8444386
14264267,4.7787423
12678952,5.1157513
19490302,4.0868096
970715,5.1041217
13186796,5.093679
1750142,5.082508
14550935,4.2652426
3904810,4.887629
3698974,4.3336053
5210723,4.2606072
14180414,4.1425943
2301258,4.397766
17965033,4.0481634
9544870,4.774165
18492302,4.9376817
10749587,4.6242237
17045621,4.075632
12917085,5.265454
9813233,4.329173
10451690,4.060542
1870185,4.9355736
9883703,4.081907
14708459,5.378376
832596,5.203409
1990067,4.245722
14389512,5.214979
15379574,5.286367
13153557,4.7924085
18408157,5.6045895
17346342,4.5567765
13451943,5.004888
2087898,4.1993937
15410943,5.0344644
7206140,4.1248116
1271116,3.9038858
6938602,4.2602673
13802282,5.067941
4796592,4.2065263
4047969,4.7772503
18615054,4.764555
6132757,4.5200386
16375657,5.47464
13787179,4.847263
4068058,4.2650332
5602585,4.3804183
3264137,4.669097
19932919,4.406947
17697741,5.0868506
17944757,5.885587
11964117,4.4524717
19074782,4.3763065
8633670,4.4221425
21044628,4.922408
16741278,5.403737
10086029,3.9165013
7199258,4.2207794
18690797,5.4356847
250259,4.7636914
218567,4.666945
11062992,4.1965804
16751831,4.336775
17240727,5.2379565
15486168,4.2544737
3175088,4.8211923
3720961,4.901876
16751044,4.247828
14283363,3.9775567
18221723,4.3711967
6371001,5.035287
15437413,3.8904476
19805911,5.223649
7037700,5.1594133
7281346,4.128898
804861,5.3548703
20395536,4.5520544
17029266,5.162308
15655525,5.1742005
2198265,4.875844
4886334,4.976496
4518654,3.9354486
12836650,4.7003827
11607331,4.8719416
625655,4.4127812
20284889,4.9368725
16360122,5.03228
4330251,4.63573
18269613,4.9416094
20482595,4.778567
12902975,4.3057265
17910573,4.0354705
21174445,3.7656546
14450854,4.6352596
14347194,5.1037197
887516,4.8518343
13101855,3.8063574
2502543,4.688202
1197478,5.0743823
13633400,5.080284
11983296,5.567063
11639683,5.064073
908836,5.4443593
15731767,4.866065
9440164,5.637822
13097855,5.5420423
16111399,4.7383056
7225130,4.2729244
9229486,4.234031
15128553,4.4367065
15460904,4.4011593
10388215,4.862855
14341602,4.38735
16227461,4.6480684
204833,5.2812214
5491088,4.503804
806016,4.3543615
15755858,5.9204564
3032040,4.7683926
5804791,5.155623
7149266,4.552172
6887755,4.0174356
15263461,4.6013446
16676818,4.515535
7867805,4.3047895
12912442,3.9403927
16703391,4.611365
18714943,3.7610898
12889854,4.9124002
11571063,5.6115847
5839833,4.761441
15206272,4.1937037
15072528,5.9297028
7759829,5.14027
8274248,4.144097
4709507,4.3302765
12240365,3.6793056
9334365,4.4772973
13298437,4.47874
18719762,5.2301326
11865950,4.479688
14178226,4.1138644
17478701,3.7959707
19586663,4.085052
16050054,4.587075
14144295,4.3516016
10066662,4.7818537
16466095,4.5030856
13777166,4.720381
10878514,4.7619476
9261381,4.9568706
2451920,5.6332345
9198181,6.0134797
2671432,5.8256083
17465199,4.795377
13163532,4.2934523
15384807,4.7257633
16791691,5.6575484
1688377,4.4344335
17823547,4.2122626
8506867,4.885946
4849148,4.940739
5231312,4.3594027
11227337,4.792809
13279943,5.494512
13794590,6.2023897
7350310,4.809566
7871576,4.9356627
17253106,5.015894
18348331,4.3954864
4364266,5.1964836
20887565,5.2009234
57676,6.662411
14090489,4.998464
5414508,4.376702
16618230,3.9614205
77175,4.711366
10207639,5.2186737
17959924,4.8435574
15130955,4.1999493
1112226,5.176998
12189652,4.3323784
14855159,4.509596
428226,5.237149
16532102,5.115319
16584586,5.5130916
3012625,6.280804
6371890,3.612402
18411925,4.0033474
688583,4.6837764
4076829,5.2763114
6627469,3.9746952
18821462,4.325431
15187369,4.7417784
5970323,4.202522
19111734,5.0122356
519310,4.925465
3944627,4.4987993
9793665,4.83845
20632255,4.422962
7508865,5.5447655
1560567,5.471546
18916029,6.1512966
5572393,5.035586
3201115,6.0425262
11627265,5.21934
20309401,5.11581
20279527,4.813554
12168087,3.9055414
18134537,4.9252687
1773525,4.936019
14184878,5.390169
8745,5.45334
5036261,5.3829203
15346892,4.222601
17607909,5.00201
7603350,5.555374
7089750,4.3118515
13061396,4.301333
3031768,4.9130073
7481132,6.528964
8666528,4.51682
15564251,6.094043
16839975,5.550912
7542840,5.0803366
9157408,4.3104954
6451892,4.7808995
16633682,4.929311
14995107,4.886653
7971320,5.4318614
18644668,5.03992
12275528,4.862706
20331717,5.1228557
5604704,4.673527
13116481,6.416731
748299,4.277462
16299489,4.140938
15187727,4.972408
12230229,6.058689
6467452,4.2870574
18161481,5.4420605
14252951,4.9658465
15091241,4.741002
6833911,5.0123506
5490956,5.6863914
15757858,4.876972
11321484,5.404032
3429149,4.818645
16826664,4.848311
16347171,5.103579
2302031,5.2708845
15598548,4.588952
14506047,4.4293156
17812570,5.564565
2032731,5.215278
16202378,4.8703504
10565708,5.1937613
14854816,4.3257475
5737678,4.9367576
9150562,4.8630314
17316098,4.6920047
13730495,4.086959
16926939,4.9918575
21113628,4.27446
4804055,4.165127
1718584,4.5450783
19296358,5.6219206
16239838,4.1486344
10711412,4.8489485
12189797,5.229722
20904527,6.092622
13410074,5.5235953
16207761,4.037854
2509093,4.5894585
7630422,5.2290745
9792315,4.393303
1651611,4.605848
13361613,3.4717844
4040394,4.115629
7933407,4.9951744
20555130,4.2902036
14014067,4.5669985
15159208,4.4150634
2349483,5.468958
20598592,5.2850313
13660644,4.4663506
11680697,5.0443726
14260905,5.041308
6705844,4.786816
6515561,5.9814014
6883406,5.5387444
1709874,4.9459434
6169700,4.322287
8595304,4.8039174
12247494,4.9576073
12853337,4.756149
3984821,4.8959756
5021230,5.040022
9884154,4.3829827
12549441,4.1622295
8117310,4.432137
15499600,5.1206827
6031449,4.685534
13896371,4.922611
20459324,4.615594
840667,5.873537
6571730,4.062072
10432610,4.425913
6155904,4.4124527
4129355,4.628032
14402837,4.254392
2857350,4.632978
6405183,4.0530534
11302422,4.1090755
5144831,5.007917
4296506,4.6709523
2336948,4.6575103
9806475,4.2977543
20817162,4.9526005
655783,5.5036435
4926610,5.2973647
9267641,6.0214396
6263879,4.2511435
16858393,4.4542403
15785088,5.31403
15256715,4.3639164
14093277,5.6995296
10252115,4.6770644
1791105,5.084516
3540722,4.167195
20860897,4.484711
18015287,4.0876884
6494022,5.3115015
9769331,3.9774024
9184668,5.184526
17956230,5.579164
19094358,4.813768
20351854,4.616838
11776221,4.3726645
13057920,4.6957207
9490080,4.4563665
3861272,5.121245
16243414,4.360192
14755853,4.242215
16897590,5.2516475
15434512,4.0687466
16157164,4.2593827
3783351,5.692461
17849606,5.2240124
794567,4.3463354
17875439,4.9742846
20968976,4.0173483
8193880,4.2221107
3282714,4.571187
12026247,5.4132104
18506016,5.088212
19800250,4.1945887
20034264,4.4906044
15622216,4.424007
16408143,4.570507
1763956,5.010597
14954244,5.7826905
6348742,4.1124163
16514039,4.730768
8105022,4.5410395
9589030,5.235333
6743603,4.1319566
19466836,5.837245
10684058,4.798043
16043886,4.0598917
387735,5.103995
10614400,5.477178
14138644,5.06331
4396939,6.169503
13897862,4.795311
16426353,4.396432
7725273,5.4115443
9635880,4.3339415
15423725,4.073135
16489079,6.1983776
3768758,4.409273
13108080,4.217386
3826514,5.584811
17881941,5.5735707
12876883,6.576249
5716097,6.1263733
13341955,4.2556906
7438121,5.259447
16442999,4.3405194
4637145,4.320405
16322853,5.067239
236671,5.2128043
16069925,4.254169
8440163,5.076675
8669412,4.7901297
20035483,4.245014
8354615,4.8477073
4365328,5.2191215
3860762,4.1036034
528357,4.448271
14141494,4.299559
3453750,4.6424394
15343159,4.7001276
13580027,4.7939034
3466246,4.981631
18509847,4.8642116
19040129,5.258428
354281,5.839191
4469335,4.273647
17509501,5.4210377
20783554,4.921449
1656439,4.670212
20590180,4.3344545
10276934,4.89163
20243879,4.8942413
5364337,4.3602962
7348768,4.6647277
1185644,5.043816
16407580,5.199065
13996915,5.993605
16055890,4.1781173
9826719,5.33665
16338012,4.3861046
16998122,5.1381197
18223120,4.3905773
18495224,5.17356
9877717,6.3667197
8116914,5.271653
6278457,3.977804
16394601,4.2098346
15902977,5.0834126
20761776,4.0994816
18435544,3.9744182
2933772,4.386047
4567372,5.3333163
18315388,5.2428493
9202118,4.497296
9475494,3.8401494
19387554,5.5371075
12189925,5.0867124
4089434,5.261053
16240547,4.916976
10296948,5.26887
16351650,5.657126
14728630,5.409457
10250155,5.3523645
20309567,4.874877
2925726,4.7864985
18638982,4.7409105
9195534,4.1438713
1583985,5.07928
14497555,6.043999
13617449,4.1611466
10830224,4.64398
19239928,5.455451
13604573,4.367344
1579471,4.365938
17262811,4.9493833
13026453,4.377119
9315567,5.0521703
2601402,4.425602
8188570,4.218259
18686501,4.5726004
1492286,4.495107
4324129,4.8584404
2419635,4.3281565
16929053,5.1924706
16738532,5.41657
1754527,4.7102056
17834235,5.429766
6750683,5.4049344
7760721,4.593027
533168,5.642178
13824020,4.902726
12230178,4.8107405
837430,4.438282
20698375,4.507312
15857805,4.874846
10283574,5.9015565
6093649,4.167966
1937717,5.1087523
8973222,5.1782374
13063439,3.998519
6610929,4.5435963
15412018,3.5702822
11594842,5.152814
61578,4.172528
15114512,6.440311
12897946,5.2138624
15128745,5.8177366
2671737,4.4068766
1432733,3.7017224
16673329,4.3254876
10995899,4.3354974
11431526,4.465546
9570922,4.1064267
10101135,5.113956
14052040,4.815538
16295034,4.2247057
4243561,4.7547774
4436652,4.0784154
8107557,5.3085303
9834532,4.8725677
16379719,4.3639555
9952674,4.4522724
14199146,5.658168
13788970,4.567039
16064358,5.239639
13559286,4.19053
10730086,3.9112306
15981246,4.932507
11584340,4.4587007
5436240,4.7777395
1471992,4.187867
16056892,4.068998
19328341,5.5112033
473777,3.9436526
15806018,4.5004616
2310542,5.633817
467731,4.6911407
19933727,4.790352
15469356,5.5789456
9219049,5.257189
6785367,5.0846667
8312602,4.427194
3783087,4.2761607
9713589,4.8378778
15889048,5.087655
17930161,4.3047457
15219892,4.332675
16674737,4.1530004
15759078,4.627411
11319105,4.583642
16283389,4.2862687
14373031,4.300985
10494257,5.0668755
10707679,4.620222
15563850,4.1147313
1998513,4.446202
5030785,4.1640844
2217342,4.2301245
16617882,4.187395
19857281,5.223897
3877009,4.204429
9134912,4.469632
15789030,4.9913573
9541753,4.848107
14357176,4.903213
15343566,4.6207423
10166639,5.088752
11032588,4.6876535
8860225,5.0438085
602514,5.1592298
912991,5.8247337
12450389,4.781779
20755609,5.73723
15036552,4.508494
4074011,4.0619884
4813832,5.6902413
1740311,4.351247
16158235,4.264111
20780354,4.4083366
6371504,4.17102
4408568,5.15498
671230,4.1877017
11869278,4.894511
17371769,5.1436944
14504229,4.3865805
20090756,4.1105046
1290336,4.210216
2362306,5.5683374
18039612,4.5287447
4759640,3.9499462
5562710,4.107522
12222012,4.416076
805961,4.1299386
10902078,5.155104
16154725,4.923811
10923708,5.7491813
11568947,4.0430202
3050544,4.67672
19052801,6.2017145
20653090,3.8464038
468690,4.570891
16740993,4.732376
1344387,4.336772
16089082,3.9342163
16454692,4.716715
16243806,4.2203264
18824684,4.587576
15854065,4.8831925
14769785,4.5887165
19298050,5.597304
15863784,4.8226433
16465624,4.296631
19343368,3.8427455
12256768,4.8986783
19873374,4.7211747
8339036,5.508202
4190259,4.550755
17250485,5.0162253
6910072,4.951804
8034375,4.330229
9505762,4.9594603
10051697,5.0287247
13768479,5.9043884
5763300,4.081112
5749798,4.82804
20013033,4.21417
6758600,4.830147
3671653,4.26281
11739852,4.8418474
16828578,5.3616796
6562478,6.1341896
14713936,4.387867
13101775,3.9529514
16753822,4.2113056
4070169,4.108013
16393331,4.895444
16343195,4.224209
15782722,4.2794943
14153538,5.65043
16766338,5.208233
6335429,4.0821614
19121086,4.7124853
20187597,5.8391323
21051935,4.3708825
17791068,4.3058968
16568812,5.6897125
11928713,4.4829626
2692006,5.529086
3395697,4.4373918
14397533,5.442139
14651226,4.3347898
17864659,4.2463613
9788114,5.9394193
9887276,4.9916744
17812327,5.213952
1368674,5.1917496
8818464,4.3442254
1712338,5.047577
17437568,5.443298
2607712,4.8305244
9864155,4.6953936
60659,3.6430569
16088881,4.2436905
16488083,4.8655357
17980975,5.50314
4102208,5.053881
16449480,5.284527
424298,4.996874
16155711,5.100063
12262453,4.715434
13094690,4.9823813
1918903,4.125074
5960738,4.01392
6958227,4.532374
16310171,4.9831815
582432,4.2056026
10685496,4.2017136
16194751,4.051736
21010744,4.366355
4046133,5.4033475
17992312,4.8559184
15314772,5.2937636
6186243,4.5330887
15015134,4.312933
3019237,4.6687207
9371337,4.9504604
14219258,4.3821425
9253750,4.680824
17977906,4.4450493
13863748,5.61255
6764323,4.5015955
4699413,4.967237
9254709,5.8329206
9534260,5.06461
6870703,5.524639
788035,4.738223
17211646,5.5131884
943851,4.4307075
598254,4.423141
21025191,4.752226
12548749,5.20508
18585454,4.3961625
6020579,4.9887466
13989432,3.5738845
1300454,4.8926096
2426471,4.6949673
18397844,5.5878525
3511883,5.187415
17516290,4.6079383
13674229,4.248592
18795525,5.231692
17364675,4.430399
9478727,5.8353224
11470210,4.382127
322604,4.339182
6106142,4.180515
852483,5.618554
9435665,5.5235643
15206471,5.42628
18414885,4.3934016
13135771,5.1823926
394111,6.272569
3605568,4.011166
12455412,5.073152
1163512,4.1763916
12917057,5.0063376
9905759,5.18896
577436,5.8701878
20076143,4.2323713
20459907,4.44062
6645263,3.8987892
2044392,4.467181
21139805,4.3840446
8670114,4.412221
13914961,5.0542717
4730033,5.3176055
9550807,4.704209
2498576,4.7493052
16204655,4.301253
20783275,4.5839896
20745921,4.2122164
16637734,3.740112
3808193,4.211646
16411784,4.533662
9588828,4.6175184
10929646,4.944772
15038639,5.706156
14880633,4.2449546
20762482,5.022638
2661465,4.451777
9556028,5.433542
16464424,5.080264
5607244,4.230424
11775601,3.8746767
3970626,4.352
19575376,4.2530894
16758053,4.2924623
20009916,4.3325763
8274199,4.7699575
4492303,4.906467
17212425,5.6496363
19763298,5.492789
13000689,4.027611
20845735,4.8425846
13396467,5.7352004
14552591,4.3038516
11510584,4.8908405
16757416,5.101476
18958110,4.042586
7584389,4.385256
8551866,5.2977753
18419614,4.959835
2126194,4.2648115
13185305,5.55165
16085817,4.063297
15153665,4.3769126
17829762,4.910734
10041376,5.383854
7369156,4.8876667
17877786,4.4841957
7478570,4.964232
5697857,4.303334
7901865,4.8983707
11573695,5.3824863
4948442,4.0724483
16690152,5.3360696
3705550,5.148692
1138379,4.903215
15602953,4.969663
5925583,4.9138203
7149601,5.1637826
4559908,5.1195874
18675215,4.909665
14234065,5.124764
13221788,5.033254
13171337,6.322036
18442998,5.232737
3754870,5.1682353
4719762,4.922648
6395425,4.356218
13712451,4.9073305
232618,4.809296
7387391,4.392542
2066046,5.46455
2206311,5.1610026
18305547,4.8827105
16407735,4.375659
1093088,4.273058
15911270,4.7918167
16144550,4.16988
19856915,5.2597594
3925426,4.3067503
10573225,4.825624
19997586,4.520311
12309399,5.2693987
13261616,4.47314
1083874,4.1522894
2297147,5.2196116
3093104,5.802941
12021394,4.265764
1557220,4.325047
8147771,4.4503
2837932,5.2242355
18722535,4.2031937
17602379,5.511605
10015340,5.1832886
15042195,4.4414196
234060,5.1837616
14809310,5.0345473
12772993,5.0963225
8890016,5.065863
18868202,4.868947
20583830,3.8251662
4491343,4.52758
17401983,5.305112
6692570,4.1245403
4880404,3.9364264
10732651,4.807935
12628735,3.4727616
14176286,5.6870008
4206246,4.517147
14153081,4.339985
16029867,5.100007
15507632,5.8442826
16491212,4.7445273
1903232,5.0048532
16711461,4.6420007
19521060,3.932547
8460173,4.8899136
11914679,5.1228495
18287666,5.057718
3951363,5.263966
10881592,3.9977844
14423024,5.613346
15902909,4.124988
4462099,5.278359
6464014,5.185184
16572173,5.0841846
3467959,4.409207
2197259,6.1456203
15507375,4.966087
11508891,4.2907877
19847372,6.2547164
11116110,5.84205
13283633,5.036887
9825788,5.4847994
16028672,5.8118787
2105792,5.751111
4209503,4.0570927
19997604,6.8894324
5277830,4.650185
16904077,4.4513516
4217821,5.3421288
7808823,5.0793247
6854216,4.3811145
15455457,4.547915
2380536,4.440408
8761013,4.069787
20632389,5.0219655
4138831,4.3877244
4660838,5.0007033
14506098,4.805316
9845284,4.433321
12196298,4.5242457
20677818,5.3278313
5424801,5.1015487
3139109,4.72136
20269549,4.262804
13789408,5.1938725
36121,4.2664337
5911444,4.2480326
12507960,4.057009
14551535,5.621872
14031680,4.2446694
14449607,4.3488436
7198703,4.709062
3765095,5.1366444
8537894,3.7663236
14717366,4.8298774
9811997,3.7891374
3760712,5.4985
486288,4.438917
17384675,4.1897492
17301947,4.6857653
15686728,4.252922
4831227,5.048974
11091309,5.6374664
983625,4.7400994
16544899,5.0037084
26590,5.1391916
6746977,4.2659
14857529,4.781114
4190907,4.0601406
19342606,4.2966237
20523876,4.467122
7173841,4.343525
6391714,5.2692027
5590567,6.2955804
16766855,5.6391907
4512093,5.422664
10752305,5.2009587
7758808,4.0774446
5917776,4.762619
17046119,3.9818702
8608841,4.9875517
540483,4.1815076
16378750,3.4711351
18736455,5.0549536
15926041,4.669097
5359665,4.135809
18313133,4.990603
16561524,5.4557915
3563032,4.155484
6994017,4.2639565
18059656,5.247094
16350897,3.9942803
1339337,5.7190933
5559559,5.9987574
17438389,4.1960874
11080173,5.6824794
6749996,5.8485327
1843641,4.2775745
7279583,3.7665083
17607413,5.370051
14110112,5.4931483
1547287,4.9536657
14029881,4.198161
11757804,4.2733126
2108340,4.1600137
14855817,5.2230854
12749156,4.3898525
8597265,5.0741425
20961894,4.777592
9715891,4.8198705
16406054,4.156839
8992390,5.149474
7808745,5.1883373
16598653,5.096828
7989393,5.3553624
20192860,4.131723
6626581,5.0430775
8506683,4.8487706
6070530,4.8306503
17418433,6.7388067
7389503,4.359051
19743272,5.1092906
9365581,4.8934355
9058111,4.738324
8781378,4.7536826
12756507,4.1320515
17839498,4.3533483
2326263,3.69304
7491626,4.619951
15188208,5.625038
12071108,5.436918
13294325,5.0361457
15413120,5.325351
13450434,5.2967496
1263815,4.961784
9825967,4.021282
14234711,4.2554874
6416056,5.2299466
13829549,5.3792953
17178617,4.0644407
9551164,4.941578
10377016,6.3619666
16659474,4.941142
4475708,4.2991986
8373375,4.742697
17147334,5.3359623
162493,4.0164957
17806485,4.173264
12473736,5.874268
13039849,4.544744
18511051,3.9976768
16837937,4.551857
18525006,4.1771717
13930418,4.40245
8240368,5.03798
4417352,4.6461635
14691598,4.5693555
12495971,4.855321
15797728,4.677133
14613576,4.618397
11837681,4.080764
9028236,4.6333404
13751766,4.1813054
3476105,5.327925
8918081,4.966369
5140121,5.2568154
13235951,3.6564867
13344774,4.0746794
72965,5.0123334
13414082,4.6319532
1040399,4.717505
1016539,5.6415133
7414600,5.147168
16354262,4.2052064
12166897,4.557995
8858228,4.936114
4951608,5.358452
17877895,4.875422
1687458,4.789808
12949166,4.776523
16296814,4.375424
5959988,4.8276644
14852353,4.44926
4718577,5.5077167
15823434,4.9831114
16148051,4.687677
20715101,5.4714117
2295228,5.934462
6677297,5.1424
4403972,4.0775523
12609875,5.2549877
11963123,4.3741145
16004740,4.5383058
1308155,4.648573
20897589,5.1274614
13057103,4.6386266
14056526,4.075304
19658286,4.3505626
16893877,4.593456
6837147,4.890652
3457513,4.1232386
13810751,5.482976
3404140,4.2053957
1722429,4.331047
2203519,4.671978
17193777,5.2161856
12906085,4.54245
16295895,4.9185658
15858868,5.4619293
17489509,5.9316306
9315067,4.9442754
15334368,4.2586517
17997216,4.3480854
3311834,5.3620934
855386,4.9810615
15302267,4.3088217
13498392,4.592951
14801551,5.5199265
18059546,5.1928086
3651492,4.2236867
2583104,3.8996897
19324099,4.070015
6715918,4.9783297
19584489,4.2383904
80640,4.681747
17935081,5.9693
16970921,4.3329296
6854265,4.30217
1340755,5.0949006
4366049,3.9730828
18023021,4.3654923
15255250,4.82371
18625919,4.392828
545651,4.306817
20541036,4.4499764
11442567,4.195435
18410370,4.9227443
15940849,4.170326
6462513,4.9937167
4512053,5.2977037
2890413,5.4636483
7832890,4.1687884
3094833,4.7165117
661814,4.071035
3563297,4.526247
3968522,4.0993433
12051607,5.453704
18211259,5.2805853
9388808,5.774118
112304,4.2169356
9441532,4.871165
5840820,5.057487
14801382,4.1670327
2940007,4.142391
11035889,4.3919153
9238515,4.336534
6538226,6.0928516
14341301,4.9923496
624198,5.6530995
2523629,4.62652
15071519,5.2730856
8903254,5.207485
7002884,4.445045
3867632,4.6655216
18629649,4.1781745
17267883,4.697847
13184001,5.9325657
19036471,4.5006595
20971298,4.311098
17681263,5.174097
9281539,4.9514475
21334,4.8976755
17665283,5.2334433
16394440,4.646232
10788444,5.5275545
4136735,4.541203
3643894,4.387083
17679124,4.943514
36943,5.7344756
11163409,4.894892
17026443,6.005998
6560525,5.6865244
16403399,5.165136
6337168,5.9392724
16269873,4.2513595
3945096,4.1715493
8721937,4.695208
7135706,4.123879
14852190,5.2126718
5262333,5.1572475
15816765,4.534168
12448003,4.7895384
12872822,4.868683
2397858,5.979757
4307465,4.9318056
7017768,5.550136
6550702,4.211192
15465897,4.476485
18549893,4.9376254
13768631,4.274738
9518,5.377419
20772126,4.2007413
9646822,5.017147
9593505,4.3544583
21136516,4.677063
6499058,4.970357
7709435,5.681396
16788905,4.7542267
16155648,4.207622
17023359,5.301158
18181186,4.892496
3850493,4.0752735
3425831,6.018237
20818360,5.269574
7002915,5.198525
18389435,3.7755373
15845457,4.463861
12513361,5.3480525
53843,6.068308
11626382,4.994365
15127179,5.1141815
6900600,4.711678
6199075,5.4567266
14431335,4.2209764
13940766,5.322276
18141733,6.057925
17220943,4.460298
17703831,4.9219675
21126044,4.338225
16758169,4.276684
19385941,5.2448854
56027,4.9328704
17544000,4.671386
11636157,5.67545
11418715,4.734258
296379,4.431888
16163487,5.6596975
15301611,3.6632905
6296656,5.318615
9490249,4.9028425
17979732,5.2666726
14474320,3.7726822
3974087,5.144694
19388000,4.4299645
13763165,5.0924153
5806817,5.3300714
24240,4.2813196
10046083,4.096202
13751223,4.576856
11515649,5.0109982
4263736,4.212633
1206568,5.680044
171239,5.4390116
16311528,4.3115144
5015032,5.8974233
13913994,5.057915
16507367,4.8265476
9943427,4.27222
5750676,4.323204
15828071,4.247979
15858106,4.5085216
159749,4.3770766
13769682,6.3357315
15420040,4.216458
1851926,4.092977
14569175,4.690768
1761985,5.789436
18463623,4.889226
2864637,5.2647653
14858485,3.9825556
17905249,5.9060736
17690699,5.1042542
19924521,5.886869
13063036,4.9363728
16026205,4.6669116
9276630,5.5430617
19274462,4.43882
3654414,5.2126703
3324603,5.623437
2263557,4.8644648
3089577,3.9135387
16830895,4.9681683
20483387,5.1401005
20245715,5.651989
4914545,4.3408084
17419416,5.515775
7202,4.2873473
6526797,5.0472574
19411593,4.47019
14254023,4.9559
787935,5.1690683
6121930,4.9917626
11744254,4.8028693
19456779,4.811978
16078766,4.810517
731316,4.1330657
11294688,4.997034
6323445,4.3901677
13334161,4.63081
12623061,5.153809
20433620,5.0048566
4402199,6.2349677
4492821,5.2647195
15454713,5.713123
14887791,4.8272233
4232445,4.6848474
12116136,4.696887
680004,5.604012
4157821,4.232251
9091373,4.4991474
173733,4.895945
13586148,4.5650625
13140739,4.256687
20492314,4.870733
12948650,3.8961594
10099733,4.456962
2881388,4.149572
16751541,5.2601357
17837242,5.0657845
7225324,5.4707103
15347070,5.1270847
20237383,4.262349
13298664,4.285026
7958349,4.335387
4891729,5.094391
10103831,5.5410137
17788183,4.3484073
5879466,5.8684897
13028723,4.4546976
15124461,5.1912327
15070953,5.2324533
15156607,4.9532576
17216076,5.020069
18549439,3.8150387
5018864,3.1262205
18052533,4.387029
3593491,4.0898814
19182186,4.154219
17918903,5.590883
10209628,5.159309
12113109,4.273051
15642889,4.509112
16816215,4.9874034
13579728,7.1306667
9186305,4.3335223
4457556,4.3045616
19778701,4.673526
2500497,5.375503
14981124,4.231916
13556801,5.1998777
16977777,4.1599226
3972267,4.3619976
16397087,5.064558
18518366,5.2738957
17715373,5.7799006
11089117,5.0149636
16246524,5.427842
14895785,5.2700915
19319,4.784314
2357319,5.145011
18288595,5.888408
2472636,4.3107805
690934,4.9182034
931352,5.2647552
9040214,5.2652073
8335539,4.806085
4526431,5.754079
13507276,4.6925654
10963006,4.844703
6317584,5.240572
863243,4.9654655
10812027,4.320959
16040391,4.9714484
15395736,4.363028
1644133,4.8328114
13587745,4.8501387
19039235,7.189868
611408,4.007797
14139825,4.894668
650956,3.9510937
4901617,6.2093163
16846375,4.098122
7053353,4.5984364
19520430,4.1877756
16243981,5.039331
15521816,4.311495
10388054,3.953283
16797462,4.4068804
6341581,4.221213
21040911,4.352094
19241824,4.582925
579927,5.7431
19910952,4.1441574
16696693,5.238686
14749746,4.932334
570865,4.437839
1344270,5.48732
13226038,4.2381234
20018990,4.4163227
760337,3.9782808
17289529,4.091454
10802306,5.6864877
15916637,4.318998
19051292,4.2083893
17875156,4.091094
8239352,5.595799
7404703,5.4038277
3426046,4.1711726
13625332,4.05832
12553492,3.8693612
16065442,4.31794
2493601,4.846061
14431243,4.167779
8588141,4.727065
14318247,5.3050885
12168039,4.635553
19885281,4.4042006
6750159,4.191627
9184938,5.145767
15859686,4.273357
20996784,4.3626585
15929108,5.4631324
16736830,4.7481103
4987822,4.834508
17480847,4.446793
3218306,5.1990256
5445916,4.140993
7065055,4.954452
11909624,5.2605195
1373250,4.146804
1327894,5.603449
898252,4.748594
4256314,5.1872563
1229536,4.5024023
2338082,5.2082944
12339186,5.4512115
7035169,4.5066204
3552693,4.514092
744932,4.634948
9991109,5.7465672
906616,4.7007165
20212039,5.282395
17251616,4.783081
16784282,5.1836586
18394674,6.1119194
4907627,4.3503046
15956602,5.0106525
8936511,4.2208076
20242493,5.354227
6820805,5.523289
19364699,4.6068707
14711452,4.396782
17605478,4.72326
15883590,4.1235642
5706045,5.062637
13395908,5.091715
7036290,4.1157846
13573506,4.7975035
18075014,4.1229353
18979087,5.4255614
17961550,6.0439568
19211630,4.215724
13330891,4.1193075
4111432,5.48513
8459807,5.4056535
17943281,4.9900193
11417863,4.40091
58756,4.5608525
13215481,5.1007156
5883159,5.2378983
13466859,5.0551248
16054943,5.1762204
9534752,5.066559
15576821,4.369844
16568831,4.6859384
4228166,4.5283775
17559739,4.385897
2549840,4.518279
15925533,4.717215
14071446,5.814774
16277393,4.042068
9754968,5.1378894
5720005,4.825371
2223082,4.8526573
16779528,4.6647005
13651250,5.764508
13514680,4.3173923
16964606,4.63205
16674716,4.122467
9171140,4.319022
10500406,5.4729233
17368753,4.4665556
14931243,4.4457583
17867379,5.179522
14521700,3.997457
18789373,4.4882565
16619485,5.520847
10496558,4.241617
15983858,5.1554546
15101838,5.0187926
14807617,4.192809
10075215,4.6936426
13414159,5.609377
8014298,5.026062
19931225,4.4448404
8027997,3.9884179
7700522,5.1480966
19603055,6.3622966
5375125,5.707758
16698719,4.763123
4171406,5.568198
7562235,4.767866
5866656,4.5807085
42882,4.100295
15817998,4.064177
7715486,4.1192713
16810557,4.073522
6045869,4.2662287
4247114,5.3709373
5261353,4.9039264
4533347,6.084438
17993503,4.9146576
13250484,4.527774
870119,4.4667306
20174443,4.9163895
9696939,5.2021484
15399368,4.246865
5241284,4.3522315
14103068,4.3863473
19274199,4.34597
12022838,4.055859
10945632,5.4705925
20093755,4.9514003
15257953,4.011356
16555956,5.1179385
13657857,5.325239
10085473,4.596066
16274179,4.8672824
8227470,5.78841
261509,4.8332353
15232942,4.1419897
5650278,5.0535045
19609535,5.8201017
6556644,5.6672077
18739271,5.176184
1228190,5.2950983
14375070,4.9069877
19409522,4.669535
7380485,5.0755897
8859482,5.133658
4949258,5.5787587
14760018,4.3935843
6524913,4.86987
8861719,4.277485
16179113,5.239814
7069963,5.205754
16406427,5.128345
16534321,4.67759
16593370,4.5837297
15466123,4.380978
4719676,5.461747
11826902,4.8801064
7437744,5.260388
13800989,4.244003
19983823,5.0649433
17446222,4.091252
13018127,5.592727
12778664,5.741014
13884539,4.6961026
9990179,4.264107
16710236,3.9435205
12446479,4.4823728
19604867,4.2362757
843499,5.392352
16155282,5.33135
5539408,4.227879
4661495,5.046183
12025717,5.123422
16364207,5.016265
19017801,5.409607
10652956,4.377611
6360040,4.18659
8720070,5.2266197
14371812,4.668873
16874362,5.814092
20817511,5.308398
6076089,4.651799
15009584,5.186222
3741945,4.277861
2468125,4.2626805
15388485,3.8315203
14548497,5.9004273
16508819,5.1278872
5821886,5.147128
4137979,5.0456414
16826800,4.994483
6870231,4.0918307
18266821,3.9651914
21089520,5.1970143
3662795,4.6511216
18293262,5.230093
1190476,5.074804
19210812,5.059576
18650197,4.4475174
2955921,4.3845496
5392752,4.866363
15548301,4.438923
9496206,5.264866
1342296,4.0177603
67299,4.6565146
13047629,5.4278708
13696242,4.4375677
15288294,4.493835
17981265,5.0642014
7266428,4.26103
10836969,4.8586717
18202294,5.6955314
1537203,4.7415004
7930288,4.3504934
14455386,4.5890903
16069685,4.7924376
3208642,5.5008645
14351787,5.0573883
6277742,5.1345816
14312497,5.4451537
10253591,4.551211
4558966,4.7322626
147088,4.710603
13480090,4.5366883
17356593,4.2565317
11796761,4.9839997
7602986,4.35202
6640619,4.319255
786727,4.4296126
14281481,5.0833097
16977074,4.181614
10527168,5.194283
16146144,4.924554
17863873,4.205754
9946685,4.969502
3705824,4.9234776
3293588,4.2680206
11011520,5.1072774
6199172,6.62314
14078522,5.002753
16335893,3.9848902
9737975,5.0328703
982298,4.3025723
15706724,6.166069
5846050,4.437768
18519264,5.456136
15411867,4.5580974
5424042,4.7809577
17856316,4.878639
13428771,4.284616
17749537,4.278953
11258454,4.1635995
18722998,4.195449
712260,5.5860395
17996820,4.922546
6836464,4.2046366
11984276,5.4068074
17383896,4.3387194
4386718,6.5660205
11966736,4.4319043
935920,4.477144
13344490,4.222266
20087736,4.955331
12875381,4.0159216
15630209,4.471076
11757251,4.4966693
17526388,4.2998853
5042608,5.2936053
629949,5.244594
16303265,4.3601737
15776727,4.3777637
18498457,4.454898
20465157,4.231128
1887655,3.1970417
7980191,5.042744
1299490,5.426866
12984386,4.9343033
14522966,4.2489834
8781245,5.119874
16614819,5.9359813
6691495,4.083853
21151962,4.5199585
9996413,4.7232885
145886,4.3025985
16556491,4.361617
16132636,5.099113
14945274,5.2167335
9794364,3.3122437
11827175,5.7374425
12052499,4.031892
9472703,4.4521885
13821045,4.7686234
2483759,5.177333
20403568,4.7643332
19764747,4.1817455
9976784,4.7572465
9032327,4.1110864
10576533,4.199539
9821709,4.627116
19455757,4.032582
12347698,4.164842
12345742,5.149014
16499888,5.482693
12254259,5.123483
16350740,4.610499
9091293,5.9870257
19891457,4.3413258
4201526,4.891886
16253413,4.205676
7563717,4.1356444
20682663,4.4967804
18737830,4.547947
7750437,4.9200892
20817020,4.26955
17268111,4.1783943
12112963,4.883627
8610414,4.8435864
16054844,5.4820924
1225777,3.8717308
13814436,4.4547806
7280679,5.0232954
14546442,4.7655506
17302685,4.5937586
3522539,4.7434874
4459661,5.342159
19292950,4.19494
15495912,4.3793
6642160,4.413181
20296910,4.352324
15025203,5.083643
1664571,4.414559
12113556,5.4463844
4241780,4.090584
9709076,4.7887077
16534639,5.53961
8305649,5.1410704
19136933,4.325393
5566452,5.240615
16085409,4.699299
4841431,4.3660164
7007348,4.3195558
8068779,4.972505
419373,5.1936984
15085833,4.1927814
4403928,5.309442
14378148,3.8771005
16518018,4.4421787
15616637,4.7326136
19640552,4.5007486
6491309,4.375672
14630750,4.3322954
15223506,4.2698073
8130340,4.344341
20994013,5.0738955
15071185,4.8866277
8489617,4.9247494
7031266,4.249869
14216254,5.403666
2554602,5.2243786
12453902,4.371253
16112755,5.1441784
9117980,4.2186284
9318239,5.600953
2888399,5.148692
14181982,5.4873137
16099092,4.9956737
14406174,4.819951
4500272,3.508629
7851219,4.12065
15250873,4.465802
21038881,4.782575
7173574,5.147622
5420456,4.215319
7956593,5.1448984
6539114,5.062068
20702945,5.4520764
3616867,4.220656
11359148,5.39601
2093455,5.3742323
15037480,5.4523506
10069964,5.004143
3346679,4.8570285
19162127,4.3303757
20166889,5.8157463
16872559,4.39971
19051187,4.2376547
1080532,4.5975246
3615602,4.5220184
6088708,5.8082647
16331921,4.774292
19412165,4.927871
16288464,4.6972747
163809,4.5877633
5299045,5.2679076
15024671,4.354826
6687085,4.6791224
18509369,4.2643657
7348714,5.6572814
7126,5.0570283
17435948,4.8927526
4996712,4.0201297
6732036,5.3262
15927987,5.233174
135465,4.1161323
14109893,5.10155
17777050,4.361317
6658870,5.0297556
9944017,4.1899967
15886110,4.867845
12304752,4.5129433
4493927,4.8319416
2361802,4.139716
7417371,5.7997103
2701715,5.359596
19385839,5.801027
11622385,5.296069
18666352,5.0993958
15966568,4.3807445
15084719,5.010938
7806246,5.0317616
10162990,5.56562
17624607,4.1949196
19179231,4.4653115
14059206,5.768843
11378564,5.485825
10008615,4.5858216
13513217,4.6591897
9755270,5.790799
17637410,5.1303396
14744062,4.886754
10137287,4.4536176
6392361,4.344697
16944459,5.0243087
12326731,4.9902253
1195182,5.6724405
6600821,4.9654727
13660126,4.778465
1144756,4.145582
7482762,5.1881404
9350357,4.560296
16373331,4.789271
3272721,4.624268
21456,4.8988366
10568646,4.183712
4271877,5.231811
14670606,4.5855823
10824720,3.8109305
6636389,4.375888
7219056,4.511178
3945680,3.9463267
20206454,4.055422
5406217,6.035642
17715702,4.560951
15556066,5.050761
6336240,4.801075
9187482,4.7462296
9233356,4.071183
11334160,4.7995315
18415166,5.2480855
7475215,4.629466
15806422,4.06565
5863825,5.509506
4074080,4.8562965
4916065,5.4196854
13347295,4.204355
13265688,4.4960227
4654374,5.4985914
12234886,5.035884
5827151,5.42015
12572140,4.7637615
9025379,4.9268208
4880674,4.358592
17980079,5.520443
8392276,5.6347427
17073231,4.847508
447979,4.8363395
15218508,4.414663
200580,4.638266
51073,3.9878504
13803111,4.1286497
4069297,4.559735
2614474,5.209495
13688372,5.151312
20268056,5.366709
16018054,5.0340633
17670655,4.850055
1358963,5.5845804
18191936,4.4650755
20918376,5.0578957
9048801,5.124919
15129654,4.727931
8718589,4.7482805
5606999,4.8651824
7674183,4.7762394
15343136,5.352209
10499892,5.295853
2547672,4.487096
10056978,5.4544563
15055798,5.361151
20621273,4.016448
1197026,4.7696795
4775244,6.1424465
12049961,5.630427
11603173,4.4850554
1209339,4.369802
7801335,5.243839
6120272,4.2874203
6494573,5.5045476
17602341,4.624835
17569999,5.1148334
6705522,4.670478
8087274,4.8761606
3144147,4.9084907
13893494,4.676661
15470377,5.0705347
11760120,4.2865252
16437326,4.359656
8099266,5.0463767
9072821,4.951603
756801,5.2859025
19736514,4.114395
7510770,4.860891
8682447,5.5111046
14266025,4.924334
18454369,5.615649
3173660,4.7326074
13099436,4.2553854
272026,4.3742657
13248583,4.05394
20052107,5.601625
20004104,5.0402083
8015462,4.623629
15084940,4.4023495
1183206,4.298084
5154227,4.6923804
12825700,4.3696003
12949937,4.8168707
3606396,4.268009
12092499,4.9377174
18035611,4.43212
16440910,4.124192
670212,5.060344
80493,4.6202774
13497291,4.955315
16163588,5.0498505
19122483,4.9710917
13488308,4.6622677
19753187,4.8390083
16322126,4.868971
11903424,4.1898894
9505481,5.0228686
8172794,4.3348446
16144565,4.233062
14488944,3.681392
14818746,5.687741
19964559,4.1511564
1881366,4.7889075
2404519,4.183581
637332,5.148001
15805987,5.0601544
12537062,5.336688
10767861,5.298312
19944102,4.9651475
11601535,4.938691
17406413,5.381956
6799814,5.8512697
4645486,4.7742686
18074568,4.574957
8126682,4.495231
15288880,4.672769
4191941,5.152079
5434150,4.759647
17961649,4.4767995
20468724,5.146845
12537603,4.562038
15955511,4.4264073
2201491,5.299219
14926186,4.353918
6451549,4.8980875
13191371,5.6966505
17790249,5.1571712
14549696,3.298471
15914892,4.3044233
7383487,4.20343
1811552,4.427473
3300437,5.7274942
12363135,5.7103257
4747369,4.27864
13217755,5.715514
11753066,4.3396435
15610191,4.6018596
16194754,4.156962
5652542,5.2081323
1328195,4.3419724
6712154,4.685776
18240442,5.7498384
4547629,4.8150463
3482707,5.043876
17160061,5.1335278
11802490,4.266788
2377514,5.260603
6523595,4.3407173
14551332,4.4876075
7856089,4.3670015
17210375,4.9332714
15361296,5.057852
10069376,5.3438983
4956469,5.318844
13292453,4.7878056
15359150,3.9702733
6317209,3.9409416
18004419,5.434083
21109467,5.354178
40453,4.076823
1959307,5.2650843
6911713,4.8815694
118061,4.466875
20883446,4.877261
116940,4.641446
17530579,5.0148454
17088382,5.6759696
4089492,5.205123
6625550,5.3427763
17680230,5.0965247
16380562,4.4371386
18355649,5.3472543
15216713,4.9355855
2489920,4.7336326
11305043,5.940212
15872785,5.0998487
17409609,5.4454713
5114942,5.3277073
20873827,4.950418
6132646,4.229506
20954496,5.2688127
3565068,4.6904173
4916758,5.6577578
19786757,4.3633103
258740,4.212539
14181023,4.9570093
6120540,4.0363016
16806707,4.8866425
6402782,4.87161
6481492,5.729392
15817749,4.4675274
19721441,6.001475
7554458,4.526578
12228334,4.7718697
16915870,4.0780163
8973292,5.9207363
17664207,4.3993835
16005101,5.274862
17422671,4.369208
15788966,4.6719627
18656647,6.2852716
1171581,5.1760297
15452811,4.1274447
4060206,4.6831174
12244370,5.4169
14773076,4.5867925
2204244,4.838335
20728311,5.211292
18362628,4.173965
14624128,4.6380587
10704347,4.8510075
20188825,4.7046704
1653289,4.839215
6170995,5.0353184
5192376,5.06427
755684,4.117102
11658294,4.156648
14088100,4.5232797
18418264,4.3881016
11450526,4.2631445
16029658,4.3892627
9778407,4.8225145
19841797,5.450843
16894063,4.822925
18460012,5.0619116
14607875,4.5260487
17626523,4.6640916
19931400,5.192354
15535864,4.9365196
20501156,4.892193
1617945,4.735501
13748659,4.876544
17703096,5.0335627
16710137,4.168274
8015658,5.458998
20771314,5.3042717
7803013,4.9042335
14358383,4.121051
11868730,5.783206
16531986,4.917261
10205031,4.3310246
3868100,5.7996016
20605644,4.787815
17860607,4.179261
10269671,4.7273736
17119961,4.312834
20057368,4.994689
15037921,4.16259
14694629,5.233355
6437565,5.253432
13961294,4.426055
9852010,5.5878153
17483013,4.542773
17530300,4.3855157
16404936,5.4739146
12453890,4.893668
18566802,4.9998884
9739552,4.356888
7198666,4.9767604
12605606,4.1216583
1696090,5.1360426
5031255,4.7235217
14180226,4.548841
4331214,4.4307976
3731534,4.2002068
7948163,4.761541
3767674,4.38279
5319588,4.39664
1077375,5.769802
8566006,4.8072987
18654391,4.7433977
12122016,4.372745
16099666,5.092985
1214086,5.2634635
10857835,4.2022657
6913421,5.25132
18988464,4.2415385
4457753,5.151014
16741673,4.378647
8844034,4.818412
15008915,6.0010324
3280233,4.989984
20355158,5.075177
15647811,4.390894
6291568,5.0232296
20186359,4.6126423
19055159,5.7747884
13684997,4.5945663
11508642,4.1521955
17804617,5.38585
11210689,4.7372932
6692191,4.2291675
18561618,4.436709
18794629,4.895325
14786250,5.7395573
15755967,4.4679523
16399701,4.19993
3468747,4.171994
20421010,4.606197
13017599,4.719319
5480885,4.6048336
16693702,4.62881
883375,4.334463
7114767,3.9919178
15856036,5.325146
7156244,4.3397837
18615755,4.2110925
14430972,4.8421326
616585,4.2270317
20532328,4.6917205
17793341,4.395371
17077694,5.0424542
5535112,4.4440336
8722970,4.683335
9907307,5.531407
16425680,5.118597
16257743,4.360124
1828227,5.139967
7725197,4.215681
20651312,5.1618457
7038137,4.4660497
15323539,5.266684
8370236,5.20903
6425366,4.8926115
17865626,4.566818
10978135,5.1141024
13376823,5.5178
6357564,4.939361
9139920,5.4696665
16237556,6.1600075
6487298,5.1872606
20167264,5.553608
18079889,4.9055963
6038510,5.955124
5678579,4.3840394
11118704,5.571607
17845723,4.4063773
13784518,4.3874917
21057638,4.672035
9215574,5.041631
18497350,5.168787
16754097,5.1195416
21173148,4.3691835
2738669,4.016529
5241802,6.4321823
15676252,5.4956346
4541187,4.660187
12020862,4.5596986
15461942,4.2659793
17810648,4.5470414
5188840,5.24317
10963122,5.4644732
19176222,5.6719384
10692885,5.2389684
4163710,5.083318
12914474,3.9427931
14595378,4.250166
723560,4.8645334
253475,5.2245197
8191155,4.1801333
5295676,4.0030217
4164410,5.4330144
5709365,4.3953214
3101761,4.3396015
12052042,4.9064
14698472,4.133945
18415088,5.635758
10015195,5.1216125
74758,4.387522
13405543,4.3564553
12833258,4.144137
20763758,6.2006583
8563124,5.4544516
7048398,3.9910533
18224356,4.2370396
16395460,5.56278
1077343,4.436688
10882844,5.4879856
9770041,5.012139
16071273,4.418547
3571021,4.742279
12041767,4.5707235
19749207,4.984919
5989890,4.306702
15181510,4.9447927
4276207,6.0459557
2975715,4.0607553
14963693,4.640128
17533272,3.2549887
13047915,5.1533146
7456166,4.153212
5078828,4.108488
13888129,5.880714
8208892,4.5052443
8472766,5.000291
9480551,5.1860747
18138124,4.0344734
15989092,5.0783935
15325610,4.5698977
20557646,5.5761137
16544641,4.7891545
731300,4.5924215
15087174,4.168789
7918451,4.544741
985377,3.1884067
15654768,4.220689
15736953,4.597636
12866661,3.9124224
16256465,5.6464853
14119171,5.253783
8668932,4.5144157
17367403,4.4263763
14789619,4.8683257
16542406,4.942622
16054491,3.350515
57901,5.6574216
4038794,4.655134
10340695,4.281103
17544996,4.2830563
20228284,5.242833
20076555,4.8238926
16113821,5.1439147
16361717,4.260463
18347483,4.26463
21187465,5.1110663
9525925,4.403325
19784548,5.42608
6376008,4.453414
13972956,5.953551
16216577,5.462822
16232652,4.684516
7349855,4.4591956
9479795,5.147915
15063266,4.1012263
12401724,6.148068
13345906,4.1108823
14933499,4.9682093
19475198,4.5465193
2027723,4.3741045
16157905,4.7686324
13616798,4.5351486
4902444,5.3139033
15543965,4.6110144
9330135,5.574189
50032,5.0741744
7807786,5.6915135
15578542,4.8838563
243708,5.462596
12211625,5.146136
20245872,4.9417124
20842166,4.405866
6038586,5.1975293
435774,4.7841845
13577207,4.1761403
14982432,5.6130433
15036658,4.618498
20048792,4.287647
18044559,3.4534764
563887,4.3487344
14524278,4.3125706
17807912,5.067024
2777698,4.76329
16498843,4.045861
17234634,4.614206
1231273,3.7976973
11223328,5.9557705
12704199,5.355673
13693588,5.4907203
4326261,4.7340174
15554376,4.6629453
15451190,4.1822896
12874658,4.888183
16509078,5.1119275
13530650,5.0936584
5704888,4.6510987
10164454,5.015878
20514129,5.3920856
2345762,4.8392406
669808,3.968488
13247788,4.9128933
7144145,4.4190044
14238448,4.669097
1861474,5.7799945
19311466,5.5879154
18508470,4.9048758
14282247,5.184908
8348832,4.235073
1080766,5.3530283
18226037,5.286468
6274181,4.1515107
11399981,4.764991
9768765,5.061822
19734101,4.9110374
20844800,5.502916
17925997,5.315294
13601150,4.2813163
18949137,4.7144074
17778262,4.360343
18448138,4.5025187
105802,4.4305387
16488513,3.7466142
1696822,5.2389026
16821759,3.8905172
4968817,4.3601217
2848235,4.370829
5091151,4.110186
1143329,4.4830456
3544899,4.8040113
17982065,5.548146
1099673,4.230588
17863112,3.964339
14281055,4.839315
16983617,3.9481032
15020152,4.1753945
8536679,5.8490663
8439191,4.7711287
1604660,4.376357
14950987,4.920057
16826135,4.9392633
8307946,4.530725
7471859,4.3328624
990703,4.4080935
10429806,4.645917
12227988,4.5368533
2273019,3.9954016
17074689,4.3488636
820218,4.1824217
3095304,5.472342
5029761,4.4436593
20819221,4.4265594
20767274,4.333509
17138837,4.3186383
8609750,4.032778
3125317,4.9917126
11063155,5.7589827
17304455,4.9852533
3421400,4.945092
11969257,5.1090403
13866669,4.0825896
6132191,5.4060864
11943669,4.817809
979730,4.9638295
19475210,3.945016
10528090,4.482453
10156960,4.0169296
18414471,4.2548766
12742563,4.4184785
19630358,5.3155193
7172400,4.9642763
20804747,6.2504926
19475897,5.003983
7149931,4.4657526
15983444,4.96551
6198807,5.7017574
13597896,4.7056813
8069094,4.124209
13032418,4.260801
1864439,4.958888
10209471,4.6257443
12148726,5.622839
17601960,4.5587306
3760824,5.0607314
7918422,4.0568037
9088488,4.9284086
13490372,4.110432
13942843,4.997018
7328775,4.06561
15873150,4.960435
13906957,4.9751406
2815717,4.4152684
20495133,4.438144
11068011,4.0573626
18445639,4.615761
16688641,4.3176517
17892447,5.445604
16732266,4.5264254
7411768,4.2486277
347865,4.278262
18005200,4.635856
15580538,4.10551
13562243,4.120545
6781648,4.492788
13831742,4.7067175
16162368,4.907784
19698455,4.291522
11143886,5.107531
10329370,4.7732677
20968900,4.1645403
13860941,4.0500326
14227537,4.45217
573671,4.716738
19532157,5.103806
8475392,4.448621
18804992,5.0249867
21112848,4.8166475
16756161,4.2748394
7235155,6.1797585
6714468,4.1567006
4021957,4.237452
1312673,5.118057
15770459,4.116613
15508030,4.527214
6898642,5.779487
17152938,5.0229664
1344446,5.128675
17362878,5.2916903
17380103,4.9212475
13532311,4.3551455
9411082,4.8000712
6701026,4.7908177
1189407,4.5253453
9577006,4.203242
862193,5.852008
10021915,4.4765253
260672,6.048917
4061796,4.541614
17477005,4.422956
11325431,5.7948017
15632098,4.9811606
15966727,5.8043876
14217625,4.5658116
6392343,4.9139705
1767037,4.047584
234299,4.5878572
9452993,5.335378
5162305,5.1642265
10614152,5.6743894
15998138,4.5777664
5868798,5.5841713
14518272,4.798622
2037951,5.163911
15622554,4.1850166
13066926,5.20719
20582923,5.404251
16157105,5.4568405
3559695,5.270951
17382326,4.333958
486751,5.2819433
16465572,4.6083727
16434745,4.3032947
8846583,5.7576876
16393660,4.8427825
15968426,4.113451
12254118,4.705764
16424934,4.9656124
16236713,4.9026513
19118296,3.9773405
7116273,4.675897
3522329,4.879445
349146,5.8684006
964952,4.4673696
241588,5.3414984
3737373,4.8703947
4420920,5.1028843
15329025,5.299273
5194382,4.723605
13261498,4.9855494
5745907,4.5640917
13354278,4.4323635
20707833,5.537304
12360660,4.4410586
16722003,5.3062286
13016417,4.4026275
5697371,4.528963
6575789,5.7813087
13066088,4.4631085
12253023,5.033166
17776449,6.091128
16781256,4.2671227
12168670,4.314897
4885600,4.253003
1726226,3.3158069
4395490,4.293249
6748645,4.6453905
3533669,4.4592733
19438593,5.2023196
15802719,4.379726
12874603,5.2292056
5990045,3.9990723
842697,4.397774
771436,3.9424598
15251492,5.030505
14252438,4.078565
959229,4.932124
16809192,6.484144
18617060,4.3785696
11508488,5.0835843
15021486,5.0340605
11479812,4.897942
3861713,4.2720876
917739,4.365134
8506802,4.4696054
19877223,4.6998763
9049888,4.2873926
18344698,4.941254
11224245,4.3009524
8593656,4.8445683
7367039,3.858368
9255124,4.2889547
5122927,4.116936
3888623,5.054361
9926377,5.607554
4484366,4.4520407
17191666,5.293166
12158060,4.013371
9256035,4.296747
4428854,4.3003697
12530488,4.8270874
20194272,4.153198
20600247,4.1890707
9436168,4.2515535
8408465,5.001128
16078776,4.1659274
6578251,4.21292
7775186,5.1784105
1928570,4.5315576
14671706,4.202719
13478868,4.22967
14319360,4.655606
9530131,4.92228
6731445,5.1437473
15411960,4.3228917
17660732,5.1882668
13150401,5.0089617
18347330,5.027531
3267889,5.52815
18395316,4.755477
13300113,4.7465324
898877,4.279065
20124587,4.98531
5184566,4.0979548
13282275,5.1912327
1336410,5.357712
14450837,3.966642
16293076,6.071942
16360281,5.5938396
16390662,4.4114714
14169465,4.089857
12990926,3.9768023
13076524,4.056958
3944625,5.0521665
435946,5.311578
941,4.82929
3912360,4.35651
15603815,4.536982
21092785,4.62138
15938116,4.587841
14357405,5.0072365
16895217,5.2617636
18020898,4.986265
16529741,3.2732337
4194302,4.567018
12913397,4.2741537
17142448,4.4252653
15564415,6.2404747
14915446,5.2261844
19571955,4.771137
16422897,4.292575
1217046,5.0660825
9483417,4.363185
4576821,5.0239573
9116126,5.015722
16355277,3.9981527
18184143,4.6243935
15704170,5.3253784
15240195,4.7991495
10182058,4.790724
9028527,4.803566
20493987,5.116669
9081373,4.1490593
16705650,5.2544236
15849484,4.314046
10853313,5.1820807
19887957,4.6366477
1106505,4.2286105
17403646,4.920053
20243712,5.29934
15874703,5.2098374
14731252,5.3438606
11378190,4.436054
16379963,5.0627856
18079237,6.058575
16443323,4.101945
12011721,4.5140214
5050255,4.3942804
14540369,4.5261965
16535678,6.10325
16471501,4.363219
9918897,4.538247
6629501,4.1583524
15061867,4.682373
11858355,4.4179068
13186655,4.7753525
16203011,4.893507
14703787,3.9728954
4750578,4.1908774
19009437,5.7097073
8612332,4.3612046
15484442,4.2938313
15238910,4.496206
17304633,5.3514776
2268950,5.1242166
15981999,4.8783364
14088971,5.273953
19979892,4.245441
14807332,5.3071656
17329820,5.1378007
18360284,4.4697933
15453273,5.4363394
4112791,4.1955814
1728437,3.7095892
6832599,4.9923806
15885808,4.084079
8741446,4.2347574
581216,4.1179028
15857334,4.8297873
20913497,5.0675597
19169515,4.1333714
15671751,5.549247
16254675,5.682752
9998879,4.721106
4734709,5.039693
13082743,4.1449685
17139740,5.24971
818030,4.9658732
8566525,4.890836
218383,5.618708
16201897,4.9251847
13114437,4.9839673
17695233,4.358866
7513344,5.0752707
13678252,4.229915
13379682,4.412487
12906679,5.542992
16810515,4.216964
4950807,5.4953437
12202079,4.246035
17737806,4.115638
11868625,4.503057
6188070,5.6271596
18471507,4.441572
441166,4.110494
12997241,4.319619
16932097,5.399204
3534522,5.779637
14375533,4.632017
17935958,4.2316184
9756236,4.747795
9756493,5.100765
16664516,4.101057
21042120,4.1890855
14713931,4.351668
13725185,5.5574603
2461389,4.301152
9392107,4.8733635
10653196,4.1792855
4693119,5.1329656
4490643,5.1070185
17735928,5.674541
17757111,4.179742
9664867,4.9054356
13890897,4.2246943
7458427,4.181696
12196647,5.1760774
16735857,4.191289
14982683,4.0035696
19808524,4.054765
11911059,3.931763
169480,5.084326
18444352,5.046253
10120206,5.2972264
16416279,4.395618
3723355,4.2816257
2301724,4.1230283
15040685,5.060486
12798616,5.0525055
18276726,4.210684
1460628,5.126433
8866669,4.6074038
19770239,3.9926696
20467489,4.546384
17965181,5.0962977
19803462,4.3182864
18373576,5.1330614
14981495,5.354857
9425524,4.207568
17159408,4.172114
19197445,4.09105
19801310,4.3235745
4578471,4.7008443
17172606,4.409719
19154786,5.6519966
14483019,5.3850584
17867446,4.0231028
15554297,4.9982424
11803893,4.8172493
18873722,4.1151414
17622310,5.061409
1634048,4.459429
4900352,5.546043
13429086,3.7722354
7460185,4.3833556
9670576,4.670874
2244103,4.3783545
14536674,4.4754715
4818422,4.7608757
5239419,4.28363
6146839,4.240073
15869288,4.6900067
12168587,4.794961
17808419,4.790901
11071981,5.3618193
19700871,4.326883
18307336,5.8008766
738686,4.2411113
11377582,5.010698
15035790,4.0176315
17255740,6.1070476
15297704,5.4936223
17654562,4.0765057
2153173,4.2623143
9481209,5.0693393
15701098,4.3765965
15361311,4.0697775
11700807,5.6836634
10764929,4.34371
14807627,4.062388
13099259,4.8975825
17741392,3.8828323
4785563,4.781535
16722202,5.111349
5930824,4.2400694
8013052,4.397557
16297222,4.481093
11123868,4.2981324
1024102,4.8605824
4084669,4.730954
10802313,5.738152
971069,5.302837
10319579,5.2173343
723583,4.9784956
8964884,4.848587
13645107,5.578072
17483564,4.8570194
16578883,5.2322383
7254864,4.316861
10366823,4.938416
15874562,5.034582
17448630,4.1560287
151356,5.38536
6119206,4.8175874
16692626,6.455833
12214284,4.2165613
4720789,3.593942
1688283,5.6365333
9923414,5.346163
5389907,4.9748425
11462370,4.83373
7462268,6.07614
17475753,6.7467546
11373821,4.988318
4925278,4.730737
20874763,4.9501395
19639373,4.122848
32570,4.1893106
12070813,5.540653
3533180,4.9869432
8842990,5.518063
11888451,5.6899924
8460388,5.5827813
16177435,4.848265
10858959,6.0571923
17025780,5.527191
19456410,5.14954
6784345,4.3459754
3350417,4.4335284
8953089,4.625212
19858871,5.094911
7931331,4.792757
3321643,5.8217444
18822541,5.025897
6053855,4.4544926
10022730,6.6241574
18328096,3.9255724
16338697,5.0290303
4510513,3.9825006
6410820,5.5699806
19019159,4.22265
8288294,5.1994267
10961121,4.3000565
3293564,4.4074826
11756349,5.168946
9577447,4.743394
9420768,4.2255797
8454985,4.4505467
1898173,5.4531155
14180937,4.282014
3282814,5.1247272
20515889,4.953983
6515562,5.0419965
9776412,4.199739
14168413,4.3540826
4074344,4.2376347
255996,4.7663283
20167804,4.3121557
4048708,4.79597
1355744,4.1961184
14610140,4.0875354
9045502,4.4309425
11902996,4.7251983
3052584,4.735887
2543343,4.7838516
20584605,4.288272
18176949,5.0702324
6966691,4.8517976
19308779,4.2763557
13028533,4.936221
6186572,5.0536947
7329091,5.422316
13511927,4.516886
15919536,4.239367
9808637,5.5597196
18524740,4.269002
16308886,4.4851084
17731256,4.245752
16673837,4.847332
21025058,5.151796
8617920,3.9046996
17533911,5.006525
17776095,4.7507663
15599662,4.95198
20230917,4.284431
18452150,7.285686
15999405,4.3078084
3220368,4.2078614
14264684,4.9254937
9697876,4.4633527
20016901,4.828927
4141906,4.327596
562311,4.392585
12912065,4.554442
16796255,4.9416704
20712310,4.7194924
15558473,5.011774
7851294,4.0754213
19011267,4.7151146
16283123,4.1731825
1570497,4.197722
10054480,5.4906445
21147943,4.996923
8826797,5.2315874
5720564,5.3279243
16533105,4.159038
1231514,4.325047
9471893,4.547847
20587159,5.9118133
16621667,4.986835
15213742,5.4089174
7764070,4.923276
8353034,4.2378817
7604699,4.814021
10679350,4.9903135
9415923,4.5137453
17923217,5.2046666
1650470,4.018688
13680539,5.0258145
8473523,4.1233253
11336319,4.811296
19318016,5.195915
19950401,4.214244
16415484,4.7861185
5977406,5.177979
11964327,4.245704
20832952,4.4477534
5920141,4.1364923
1025001,5.017987
16214254,4.836605
8992840,4.143831
19429043,5.1446085
18456751,5.068971
7988491,5.070119
20167050,4.624978
17902126,4.435106
16788345,4.657779
5748301,4.9983635
11592372,5.452836
9413861,4.116612
13101114,4.26706
7998051,4.3195825
15749186,4.4702554
8969982,4.4672728
7621387,4.1221085
18096402,5.0520716
20207665,4.43283
19071875,5.468802
11722379,4.345522
6226236,4.1756115
17655933,5.2079153
6609546,5.26064
5265736,5.314792
13673344,5.4111767
8624944,4.337485
13686161,5.428497
9193694,5.047291
9943465,5.2140584
19415234,4.9432793
1478468,5.6777754
13589297,5.0723786
12568350,5.5299253
5729530,5.010429
13426615,5.2471266
381187,4.8572297
7615693,4.2689247
305211,4.2464204
10957871,5.496815
17448180,5.104998
13666641,4.531955
18686269,4.185242
2305890,4.2094007
17495199,4.9890146
8612715,5.4798756
6461789,4.5382495
3738756,4.056262
20137641,4.197902
18645286,4.2847037
18993398,4.970051
8855457,5.1923723
18998597,3.6883166
5691265,4.883786
10173750,4.4166737
10369307,4.279947
19412140,4.92519
14440587,4.3752623
12347410,4.0892997
2645878,4.3078475
6911261,4.1762514
20328682,4.4259214
13849313,4.3134837
19612068,5.0451293
14126225,3.9217284
17906302,4.3964424
9937333,4.639898
467634,5.540417
10591645,4.3304343
13994912,5.1970434
13275896,4.7895446
4445872,4.774988
16610614,5.4914975
2583074,4.6261506
5059964,4.449371
2283304,4.618324
14857073,4.315537
16560565,4.87863
15343791,5.9125576
16188500,4.1332164
4858305,6.31195
171776,4.9562106
16175923,4.371914
12954208,4.5724854
18669496,4.9095645
7939738,4.421558
15109384,4.336216
14821003,4.4817533
5347124,4.3704014
14353256,4.520249
6303460,4.136774
7068352,4.3155823
14769619,4.7883015
7782176,4.342445
18597754,4.30249
14507492,5.0673757
12290613,4.3491464
4299536,4.3330235
7561220,4.87907
5647213,5.064976
8446143,5.3642025
17075284,4.902166
12343903,4.442421
17011683,5.6042747
1583653,4.98502
14853361,4.104208
15941474,5.334248
20806120,5.163703
3979714,5.452634
14757255,4.838479
17543918,5.247999
12763181,4.202374
13814049,4.0868993
13549611,4.537022
14873290,3.9097412
13343525,5.021019
9112463,4.4188666
8150863,4.6100636
9345841,4.9724627
9790462,5.407074
3757786,4.954153
15355696,4.314731
17294950,5.405028
3735175,5.3664885
19785875,4.3160324
17122054,4.796169
12643387,4.8934803
10115608,5.29848
20150530,4.6047783
4047091,4.5743737
4350995,4.877316
17523505,4.8740625
10611728,4.225183
14769652,3.2420323
12018241,5.042816
1802246,4.4706135
13239181,4.8140216
18765810,3.9929812
1538312,4.624678
14694071,4.289742
5202296,5.1885967
15780784,4.7510934
8506013,4.2264605
13141916,5.071063
11257690,5.3827996
7902488,4.3648157
18043127,5.0790534
9738044,4.4626927
5749161,4.302045
15673267,4.130242
18871062,5.153375
14950882,4.961352
17829947,4.7954617
9012148,5.270828
5684919,4.1628227
15221305,4.924021
6975441,4.2381177
8965848,4.4798126
14300750,5.049385
15205271,5.2362022
19160879,4.6678963
12365454,5.9599023
182095,4.9957256
15524846,4.579866
6031657,5.748327
20855939,5.477893
16456894,4.9486623
14199061,4.3532014
7774127,5.578815
169532,4.9287705
14487727,4.73789
72365,3.7235217
5580917,4.773511
16023048,4.2144814
20057036,5.480849
20192971,3.5652828
908923,4.548895
18196411,4.256893
18385413,5.579463
19314234,4.0820723
14978332,3.896736
3121122,5.5310993
10522158,4.4925985
16320520,5.1588016
10247072,5.709153
6892731,4.910502
4494959,4.47596
5363549,4.595152
4694175,4.955642
5352864,4.5113325
13715399,4.4448133
411336,4.270269
12593655,5.338787
12548231,4.428919
14843147,4.2033863
18416075,4.6694694
11574820,5.3071127
1151582,4.5555954
20622865,4.410277
10882267,5.199978
585225,4.4276223
8453378,4.8541636
1935502,4.5733
14840323,5.6282816
18472391,4.39025
17419858,4.310547
12608363,4.1064644
657198,5.186431
57156,4.5308075
19373388,4.2273993
13441847,4.9211283
13675336,5.4013553
407469,4.213752
17460585,5.55484
4498927,4.6041656
11637044,4.963181
13043361,5.5427194
6879092,4.7910233
18993115,4.5279827
16444225,4.31785
4429527,5.522605
435390,4.1981573
16339268,6.026372
14041728,4.815786
16595351,4.997914
4961949,4.294075
15566664,4.3543
6033608,5.4905095
17717903,4.190501
5395473,5.225731
6275745,6.240921
20515919,4.364089
9564045,4.7981105
8313948,4.752744
2837146,3.698753
3908094,5.187293
3478199,5.177823
6789756,5.4379497
4001011,5.244512
10997872,4.255179
9282032,5.603366
16896129,4.966716
17530785,4.088138
16965407,4.9164376
16144412,4.4161463
16027372,4.007764
5464847,5.255538
6832248,3.9013615
7806465,4.1927013
16706680,5.1954827
8208997,4.684208
17603991,4.035645
13923920,5.758909
16674837,4.1822166
18348443,4.3074174
6188022,4.6162906
12235111,4.8087616
20089471,5.52237
16589205,4.7975435
9844047,5.3395967
13191251,4.809817
12987251,4.513512
16338143,5.1459055
6326959,4.906697
16418900,5.5166492
6209704,4.824264
6452409,4.319175
11096888,5.3169327
4190301,5.840476
9955765,5.033028
10060448,4.1574316
15566336,4.098471
15240065,4.9906507
9586718,4.4755716
1391982,4.9482403
15423639,5.3124766
1456498,4.8107753
8189821,4.848917
12919971,4.8656316
566911,4.561074
20661577,4.762268
9920254,4.658409
4867876,4.327894
17298614,4.5844717
7832138,4.290434
8734202,5.246313
3104652,4.966843
20958109,4.2661743
6748434,4.9574547
15732778,4.469491
5919550,4.171433
4880465,4.202133
2397068,5.6829762
17345722,3.4756393
6326865,4.5917315
232866,4.144138
1579196,5.2020645
13189052,4.6391277
13109381,5.423667
18615446,4.6523814
16502013,4.0830092
12593135,4.8616004
4076998,5.137402
2460303,6.273567
16015368,5.404408
16504435,4.272728
20588184,4.4563036
1498731,5.226168
2932263,4.1933546
20326560,4.2871346
12309323,5.0336537
9713526,4.467275
16457286,5.377708
21110134,4.391254
15432669,3.8178108
20996996,5.431381
847591,5.4485345
824486,5.894914
20047896,5.51991
6120345,6.089841
1455361,4.4051723
14918404,4.225404
17831874,4.8064528
9429904,6.078501
12117528,4.693861
3438336,4.677402
17224766,4.386071
10344134,4.648357
8719969,4.902364
9644386,5.9682508
13710241,5.3939013
16647849,4.9223223
5708195,4.753831
2909461,4.8631444
15609075,4.8001857
120005,6.432217
6762627,4.1701813
12207465,5.3931656
2721629,4.5462193
6045917,4.640923
13166141,5.6920695
16110083,4.9293704
10176646,5.2858973
13151072,5.839804
8934599,4.847126
16116059,5.2132506
18142381,4.4181933
7682094,5.018496
17846155,5.274693
11274181,5.325316
14203178,5.872336
12033412,4.596528
7986902,4.3979583
7363801,5.697212
5749839,5.515251
20257125,4.806784
16526927,4.2442374
11143683,4.5493817
15956155,4.8730717
12305565,4.1910515
20805606,4.3116403
13494761,4.981016
3882512,5.6979704
18614053,4.2970943
19413231,5.2925534
1217670,5.2783155
990130,4.258458
3972278,4.942838
3738315,4.9592724
14842759,4.377252
4257529,4.3901954
18259367,3.9115124
16039662,5.288667
11827785,3.475188
9714233,6.084909
613818,4.7171516
1327886,4.7711196
6783518,5.1129675
5598429,4.293101
18461278,3.9649732
15120048,4.5760303
8670561,5.9987454
7265253,4.446683
2967375,5.7838707
16671511,4.9919086
996138,5.6811967
3616739,5.038528
13192876,4.2145762
3457987,4.053797
20334067,4.342809
15857907,4.9634237
15126360,4.9382534
593320,4.562366
9049260,5.5838823
2590533,4.3908033
6261296,3.9546697
17557517,5.190214
14506086,4.259652
4884601,5.0071797
7736787,5.561583
11418978,4.5406523
15302392,4.797188
16650650,4.8028007
14239071,4.370048
13814017,5.257573
1602428,5.4811764
94035,4.122706
11282208,4.0788226
16147471,4.3202186
9218142,5.330751
13090837,5.697613
4824146,4.7405043
12274606,5.056247
675641,4.165374
2012813,5.009804
4829029,5.3921957
12137777,5.056887
12755021,4.0124025
901914,4.304635
5228009,4.2712045
9281778,4.85317
16933129,6.0865035
16779445,4.5209765
13192319,5.24402
14487262,4.4772787
16687624,4.4434047
7526944,4.753388
860336,4.1507053
11043540,4.399268
6331758,5.3975124
9476994,5.097104
5519885,4.64912
12085370,4.08393
8425662,4.678741
2067809,4.354757
16689332,4.335773
16178450,4.5408106
7458845,4.175885
288213,5.6863914
11395461,4.4263797
526942,4.200706
12491698,5.526557
1941439,3.9080842
14298814,5.8599634
12523662,5.2041297
14530530,5.0164843
13472775,3.9998658
18507990,4.3575916
3987445,4.1869082
3928833,5.6029024
18207487,4.975463
14112098,4.1048517
689156,4.754257
15705862,4.204063
4992809,6.884069
7193201,4.8672233
3505222,4.3862596
17084549,5.362953
19137091,4.6275682
18229200,4.4584546
9588196,5.574876
724895,6.2435346
8070926,4.9351273
6450283,4.846619
17695108,5.6621494
9301647,4.8506694
16319564,4.2041464
13524872,4.047194
14266916,4.723956
7676238,5.434857
11211612,4.789312
3932269,4.320302
1301903,4.8868637
15898650,4.926512
1660611,4.1376886
1312228,4.416516
20363020,4.1963344
17741467,4.471178
15558887,5.15295
9609762,4.4611974
20436544,5.2027626
13607387,3.8531828
9715796,5.625823
20286743,5.3047495
6305562,5.176492
11620,5.322711
1835728,4.0615716
11890882,4.844473
11786930,5.2998314
20311264,5.0953283
16157784,5.0643435
2130627,4.1978803
8032583,4.7667766
303264,5.53823
16845694,4.989975
8950064,4.697926
20902644,5.1263323
8344112,5.181259
16167346,5.0023212
17795712,4.1783237
8763159,4.1416507
15194237,4.227341
13496008,6.4471574
5194680,5.627131
7544960,5.207699
15997374,4.1599383
7572637,5.1447353
12388494,4.23079
15329488,4.3228793
16160724,4.1373467
1550867,4.1985283
20506551,4.807587
7020580,5.053448
9278822,4.6699286
15649324,4.4683614
9180885,4.2267733
14219018,4.01171
18999839,4.350243
8863188,5.0180225
8308683,4.7902718
9824682,3.9512222
749755,4.1461754
16791874,4.6981845
13924186,5.397311
15510157,4.457749
165055,5.6193795
15970475,4.9793634
6132230,4.220896
18701968,4.3786287
1403827,4.123041
15876420,4.359379
3219237,5.1671257
3571986,5.0155735
1949344,4.6833096
3835132,4.805468
8283356,5.367501
10332622,5.0725636
17848230,5.547388
18345542,6.2916956
5582695,4.076628
16499622,5.3101745
13981865,5.574165
15327106,4.981045
5562420,4.2911863
15799563,4.77866
4833294,4.3862786
1388804,4.6129107
5748576,4.778849
17407031,4.515863
5469921,4.6382384
10103747,3.99721
16856660,4.2524166
10650510,4.5109763
3623673,4.473415
11278906,4.6880827
19044695,4.3086
521522,4.3469186
18993351,5.0607085
17846836,5.7039013
8437599,5.2726207
6828878,4.0678873
79832,5.4197536
19052538,6.0434213
14361211,4.38967
11168009,5.4779
17210669,4.416258
13689663,4.8612003
53137,4.406019
8614388,4.3459725
20591856,4.1568074
15984822,5.2207365
18648360,4.2746234
8462280,4.142954
1561140,4.790296
15042845,4.386934
4934420,4.4668303
17492408,4.989804
17512126,4.358277
11590000,4.638554
12677203,4.224997
14439107,5.000968
7023027,5.010828
4709695,5.6769814
15413064,4.905222
13476772,4.0508714
14339842,5.1017766
14969198,4.7909136
8925628,4.9208426
7094976,4.063452
16318202,4.755647
449764,4.591829
9842142,4.379143
7308396,5.2463827
16793649,4.473836
16870687,4.331419
4880299,5.0246124
8287787,5.7071443
10794287,5.2699804
18593013,4.3150897
17300501,4.2667947
15634296,5.122902
18210358,5.0966153
17551014,4.2409186
9136731,5.696364
13064192,3.9930518
9514730,4.715793
9842271,4.18142
13336405,4.442157
9111880,4.812122
12775245,5.715502
13264054,4.600496
7579716,4.360066
14426027,5.144761
12738047,6.247256
2368021,4.7884455
9464763,6.030835
19699241,5.15796
7564955,5.114977
3857863,5.096923
1941504,6.317547
18463865,5.72026
12955453,4.8669653
16588779,3.952109
17733960,5.307994
13058729,4.7407484
7411499,4.378437
16274717,4.807237
4870239,6.0417233
9496474,7.3811283
13003641,4.997251
15885045,5.500683
13657698,4.6704617
7116602,4.3817716
7870008,5.7995877
1703303,5.073653
16131498,4.346224
7021350,4.5364327
18549160,4.054012
9694633,4.6448584
4430452,5.42203
8015910,5.157591
19743941,4.25212
7164400,4.3997927
7471933,4.6261787
4099676,5.087335
16214854,4.8150396
9260911,4.7933164
2119216,4.896354
17530544,4.8622885
20148844,4.043411
3311221,4.116843
9886735,4.277514
17654611,4.9010186
23135,5.1005597
7732536,4.7493105
12364855,4.2509847
17936801,5.036818
19827717,4.987202
9404348,4.6068425
9168614,5.042849
15005132,5.4891663
16941051,5.5156026
6460651,5.522653
14793254,4.922144
15360248,5.8375072
12034640,6.336708
13512350,3.9128623
17652552,5.0231547
12268349,4.4344707
6800548,4.4275136
8051845,5.4960713
16441766,5.1435237
4190881,4.0180817
18042619,5.672807
1123737,5.2227874
19185871,4.593134
8480722,4.8715124
16349080,4.8620486
10452737,4.990299
251611,4.1923246
5827794,3.7688308
8474728,4.671727
16467387,4.6561413
15285374,4.548996
14421383,5.1198225
14550298,4.0518174
17027013,4.525386
16641,5.1871066
20863459,4.52382
13362748,4.4312153
6504741,4.449512
13900695,4.741612
11660078,4.974391
21174980,4.1075163
17738283,4.874365
15988432,5.007899
14855907,5.917945
18610974,5.177804
11675677,5.9044394
6901257,4.9202237
14168514,5.510784
14292385,4.42851
11456592,4.3580136
9476212,4.105829
17847937,4.861596
4483672,4.7024555
12763599,4.997838
13982308,4.5537777
13388959,5.4541335
14936017,4.485282
6128739,4.333642
17408875,5.0540633
11592012,5.295407
1964795,5.2836175
14386239,5.9290085
2915643,4.358327
1455804,4.377965
8901554,4.8164277
9575903,3.8866048
1500221,4.376948
1169835,4.4485373
12837321,4.2740164
8534963,5.8205566
1958550,4.1285176
15311930,4.085477
20711708,4.514319
13961107,4.685667
17961665,4.7118816
3447964,4.826696
12845588,4.0934114
7074232,4.6617856
16607703,4.853651
9825595,4.2684436
16619861,4.1996856
7849755,4.14413
3003386,4.3572593
17421826,4.2107735
8369701,5.8009105
14127629,5.756264
3783639,5.566264
18475489,4.2421746
4519011,4.314236
7415942,5.1761923
19532262,3.9902446
12491217,5.1991816
6837946,4.18124
9451597,4.939501
16916110,4.870654
5627628,4.8630104
20758288,4.3455215
20489605,4.3613243
15289314,3.2411542
3843704,5.065986
18149668,4.8967433
14952757,4.3298097
8404345,5.428011
15208063,4.8569345
20599662,4.71746
4707791,6.356033
808313,5.4836535
17813865,5.782393
11017101,4.864448
16813292,5.892929
15021331,5.1889453
7310330,4.9286675
20174390,6.3208776
20979642,4.799626
9919432,5.130389
16634679,4.843935
19190313,5.140758
17959491,4.722756
235552,4.2706003
10635159,5.3283873
15328919,3.6744797
3678796,5.2477355
4171692,4.43059
5372082,5.2155004
15182580,4.4410825
8211314,4.944384
12090146,5.328971
18856457,5.5032554
7698722,4.1562986
13231961,4.681475
799467,4.709222
1304604,4.629085
13699107,5.470166
13281381,4.9697275
10035324,5.042332
17907804,5.0135036
9371173,5.216672
6261971,4.8355103
3167558,4.921344
14428517,4.241102
4178851,4.907219
3782441,4.2616677
8518353,5.3375444
13528908,4.1111236
11100926,5.0064416
17988390,4.294401
16673954,4.733747
6506661,4.836915
18214824,5.1033535
8398566,5.191567
12463547,5.289708
10433510,4.197578
9619848,4.678575
11098211,5.1134953
11680405,5.233989
20844580,5.182833
6836485,5.389797
11158160,4.0678997
9924559,4.9541936
4715740,4.590252
3571735,5.025167
6599827,5.00202
17749699,4.218221
468613,4.1091413
9544410,4.2729063
10617361,4.6605945
3032218,5.7672653
13708345,4.438852
14615791,4.3468347
2177004,6.1510663
16256901,4.6234975
14068213,4.9099364
10413576,4.7737937
19413675,5.191331
16078794,5.290382
17048164,4.10068
2643943,4.8126287
7484548,5.236865
7074488,5.3093185
6722799,4.4409943
18118166,4.8710957
16018906,4.9279785
21043720,6.537394
20518601,4.2025094
19285356,5.056258
19179997,4.0922523
21029146,5.0280266
19625202,4.216015
4632542,5.013813
11024353,5.1931987
16824819,5.0653453
461206,4.3266196
13081507,4.374297
6092935,4.994279
18690921,5.0355277
385190,4.8906994
6676975,4.8771305
10248407,4.6139913
643918,5.0867276
10912409,5.626656
20725759,5.041034
14669774,5.1234717
5123637,4.1041355
6016761,4.5453215
16243506,4.2286124
13394700,5.2329445
1745439,5.4896226
11282071,4.497677
14074089,4.072048
9938364,5.0307345
5218252,4.8503036
18409805,4.202418
18370680,4.8944154
16895565,4.985359
5182894,4.557473
19856053,4.862831
11642575,5.0984297
20356917,5.8937664
14500042,4.1658664
4066282,3.4712641
15549517,4.9478664
12305884,4.6200337
20993336,4.267442
15213580,5.5504847
13944403,4.475452
11901938,4.949359
18628272,5.0049467
6490927,4.1686773
1275748,4.328456
20815681,4.2552824
20875310,5.5479636
14167763,5.099328
8268465,5.1211886
12453908,6.0916
14109170,5.106812
12321714,4.233002
15404328,6.7628765
11305383,5.083931
6767858,5.056012
13391640,4.3741293
762145,4.6053333
9624302,4.033813
7112429,4.423676
17500012,4.0471754
6443678,3.949143
13334094,5.2309847
1606640,4.829986
14555537,4.229204
678453,4.078324
865732,4.846415
647598,4.882113
18444131,4.3995943
15582426,4.5980444
13843745,4.2048936
17694203,5.127514
8881253,4.5919886
16172162,4.4280267
14311859,5.4765277
17880992,5.5544386
9240268,4.9219785
2943995,5.606425
8266969,4.2413473
16768112,4.378526
15550805,5.665123
4597700,4.3772783
1187091,4.1045904
13894813,4.9563518
1846676,4.622121
12380704,5.1243644
9154591,4.960725
16805883,4.3995237
11784924,5.8854156
11228308,4.8390613
14081954,4.2596664
12566713,4.8590846
17499924,5.1982183
16290620,4.179995
628149,4.305668
14825405,5.8988857
12581627,4.873679
19323221,4.531033
20124489,3.9822986
15362029,4.7382913
308582,5.30112
4052446,5.25847
17775044,4.7266145
3242492,5.270879
12713863,4.44589
6343895,5.763887
18908966,4.174663
15662885,4.5947237
7730115,5.078276
9093116,4.1353703
9383472,4.528963
17266573,4.4256763
20994536,5.6906476
14150807,5.0295415
18636382,4.308207
10888320,4.015411
13129533,5.4415174
20356865,4.424068
20842387,4.976049
8628860,4.4468336
11069241,4.080168
4597000,5.0375166
10308968,4.531373
9698056,4.23661
18711,4.9577384
14029901,5.0242844
11744137,4.185746
21045283,4.439652
15548671,4.8225617
448936,4.581647
12457539,3.9892511
13977954,4.094953
937667,5.322601
207675,5.0430713
11867284,5.37896
10629214,5.20517
126885,4.182483
9236451,4.9330325
148259,4.434499
16765349,5.801085
17701267,4.785529
6819713,5.296805
4705326,4.911356
16814205,5.0188246
14806578,5.7545037
18005582,4.100066
4793938,5.615098
19249136,4.7183213
20573444,4.787244
16323461,3.8546495
20066545,4.2243757
10686784,4.8607316
12973636,3.9123666
19680555,5.3128686
3774435,4.3412204
12570236,3.9884992
19008488,4.5854445
20147628,4.889225
6797961,4.9279313
16051979,4.7417464
2748493,4.90078
6115291,4.165804
14043849,4.6886325
14586131,4.5411987
13400181,4.3531175
13437025,4.9087443
3540370,4.8772483
9757106,5.3882885
15718424,5.1527944
6185599,5.1096582
14078781,5.027753
16063065,4.5912704
4794682,4.3655567
11967737,6.428027
7619079,5.805418
5106020,5.3396263
13032072,4.936914
17095290,3.7205966
10784388,4.456068
179245,5.0827827
10477209,4.3992443
12298684,4.255172
9979270,3.7855728
16495786,5.509555
2914445,5.6298356
7937398,4.6714854
11949198,4.3920794
17349377,6.0457478
2932779,4.2791705
12152898,4.9416685
8195260,4.459715
17739410,4.4124975
7822859,5.105892
9187976,5.390183
18397813,4.515142
18134806,5.1333838
16887159,4.31244
9248222,4.463123
8715083,5.3361454
16796787,4.73371
9317857,4.961885
8981705,5.502622
1809547,6.3831816
10034493,4.793925
7911437,4.1059265
7340535,5.1120625
17044608,4.060199
75635,4.1393924
555979,4.4823227
6864929,4.5610967
19227568,4.4038754
8597990,5.2334948
16001927,4.7966895
9686223,5.076577
11761606,4.264031
3943879,5.1720686
4895735,4.495998
5969152,4.6997995
1365000,4.8580856
2374873,4.890628
14770169,4.3969793
15086350,4.472862
5547635,4.103201
6200613,5.1163206
13878351,4.040904
13464122,4.5320444
673152,4.799444
4537500,4.210537
16962941,4.235903
12735616,3.9540253
1704279,6.4849095
11713083,5.1033554
6555395,6.380123
15876580,4.9079833
21151260,4.7608595
12681123,4.476063
16928524,4.5150414
14712690,4.2838993
9993063,5.6538587
1743201,4.0857
15323538,4.4365373
4485653,4.1646056
18838643,5.1078296
15563132,4.3459125
15857038,5.2299275
21111538,5.1393857
15957168,4.2429457
1494726,4.603348
4122350,4.836008
17369725,4.260291
18074243,5.5512314
4428140,5.3311253
20900569,4.4606066
283977,5.164156
15548118,4.21052
2308761,4.9602475
18656661,4.521708
13817184,3.889249
13877759,5.1274624
4661464,5.0091877
19439944,4.436726
3930665,5.1134686
13986108,5.1285367
16998689,4.963244
16601797,4.350628
14077177,5.2724934
9297651,5.2249146
19550791,5.7364283
4823953,4.8576527
17761581,5.3143487
19449268,5.8261366
1198974,4.4080834
20817888,5.234859
18169357,4.6278157
5593205,5.3867526
12679234,3.9230084
13541505,4.1987467
19702475,5.5264974
16054225,4.4026575
5899436,4.7493987
6349524,4.9999127
12972228,4.841342
13576187,5.1337743
9066091,5.0293636
17767272,4.663074
4048205,4.07007
18160774,4.764636
16380145,4.043367
17384900,5.0409393
14539106,5.266981
6923000,5.065607
19700108,4.6107635
13043208,5.089995
3945636,4.846543
4720154,5.363958
1371114,4.2776146
1262262,4.285721
10035706,5.290787
20816032,4.282821
8341142,5.4578943
4615991,4.0511723
3596452,5.036161
10141153,4.55713
7310413,4.3111396
10364432,5.0425153
12268610,5.456657
15242302,5.6184244
8324569,5.236158
6337392,4.4203815
4108538,4.4065585
8033975,5.361905
13823938,5.405323
233374,4.5503597
19741323,4.604316
16898313,4.1175556
21024577,5.0383306
13657742,4.338799
15437080,5.189145
11201981,5.0620227
16410753,5.8967824
17241501,4.4754643
6750698,5.703927
18083618,5.2328043
20051059,4.7922916
15769468,4.414824
13971273,4.8058143
5570591,4.3384175
16087307,5.2346973
17698358,4.4263973
13142462,4.6807346
17210790,4.047947
14066702,5.0808024
8957187,4.3883514
4566983,5.397756
8267425,4.4521403
16986727,4.77933
6313162,4.457933
11602574,4.823248
4638571,4.2427416
20604297,4.6026287
16231316,5.1654077
6207974,4.451057
20602225,5.646241
16239623,4.4798827
11483117,4.89792
18956621,4.8124833
7022309,4.706397
13996084,4.3557515
3721475,4.032645
9989028,4.7923565
14441447,4.9776855
6526129,4.9124117
10661091,5.000745
18332286,4.3889613
4324399,5.0648875
5070077,4.9322867
10860614,3.7704926
6646526,5.092385
9167264,4.755649
20918988,3.9230351
11352664,4.224792
15647522,5.422843
16404329,5.0615606
19640412,4.7545996
2648957,4.0235415
8813547,4.958232
17266766,4.9940615
16238845,5.9355636
17305490,5.3572965
13216664,5.9648914
13378500,4.436392
14487507,4.8559093
1292476,4.1262083
20244002,5.887834
7869167,4.1379085
18790255,4.8504176
15943342,4.1409907
20526049,4.3085694
8034692,5.2441053
17507528,5.8943257
15983050,4.4261265
15360288,3.733296
15355982,4.731434
19086077,4.3797717
4993422,4.171553
19767368,5.1788983
12156330,6.027351
4358809,4.371682
16781785,4.7543826
3556615,3.989716
7971666,4.08699
12023104,4.5383935
18022793,4.6294713
6763552,4.304174
11653913,5.0537004
17665781,5.4747567
18141158,5.136381
9759758,5.0156746
14154208,4.1626415
16999403,5.130658
16829426,5.7910113
17498061,5.435822
18109247,5.3076572
2585936,4.5682116
19388247,4.4391155
13431961,4.4620686
17045865,3.0433393
5360997,3.8218653
17236679,5.8747754
16634189,4.883537
12602632,4.9821715
18520274,4.402832
3145484,6.0886736
15309962,4.176616
3194049,4.936479
15500453,5.461561
17649894,3.922624
8269701,4.563426
15495958,4.978736
17384951,5.987111
13361658,4.8050385
18254869,4.4815702
14912728,4.0999074
6633613,4.5365663
10278011,5.2758193
17143504,4.5483327
2295809,5.003324
1864381,4.393681
8301230,5.203678
4476390,5.1517396
812462,4.217026
16690902,4.877069
18207319,4.7458467
12826965,5.3272343
13417267,4.837032
20698023,4.4449363
20705547,4.0568967
540472,4.422211
20904683,5.268355
14622053,5.196055
20322491,4.2057114
14776423,5.008924
16226900,4.376521
12009927,5.1463923
15534068,5.894568
10998063,5.2485585
2478415,5.1710773
16586571,4.2194576
17333246,4.6193485
3125907,4.3980665
16005405,4.5052238
20817201,6.319916
1267206,4.292105
6502493,4.3082957
14383171,4.253132
16381226,3.8609486
8005452,5.4123526
12245640,3.9706728
9773094,5.2641006
3431378,5.030493
14489871,4.820374
20008186,5.9190087
14283546,4.0878105
741178,5.309496
4484663,5.1124363
15148424,4.322648
20498653,4.3879433
14345588,4.8702087
24266,4.478036
15534697,4.575902
1588157,4.1984463
4849173,5.06775
19159149,5.1971397
11674311,4.256695
7966416,4.2307487
7481939,3.9495175
14384455,4.583504
3601131,4.9220614
15148661,5.621017
2510178,4.20281
20746813,5.3292904
509989,6.478639
152520,5.4063983
9693821,4.803152
16027559,4.3695765
4642532,4.30824
14936055,5.020218
17867473,4.0595455
16966827,5.18255
19779217,6.560497
19100282,5.2329855
17805696,4.359104
15266709,4.065803
20604451,4.1673236
16577036,5.9260745
9509261,3.8736997
20194954,4.868206
5558939,5.3463907
18162671,4.36364
3304088,5.7047048
11167070,4.1430945
16192035,4.476862
3394798,4.6014113
7272453,4.7742696
7348509,3.8922877
19562001,4.455433
19714167,5.3171363
9317715,4.2665157
8168619,4.2264137
17532031,4.584609
9734419,4.089404
15314175,4.4656296
12836842,4.282782
4865973,4.4066577
14821577,4.2953877
1970512,4.0977473
3808093,4.2136593
4037406,4.4505396
6201377,5.784569
17664717,4.105553
19407360,4.940068
15249588,4.2121563
5310538,4.406848
17192727,5.15257
17699647,5.276816
6028743,4.118075
6364732,5.025992
17567066,4.7866564
7932792,4.0825496
1604489,3.659511
16424070,4.9313602
17805198,4.0596676
3180755,4.664906
12427573,4.957315
17167601,5.07608
12860152,4.568989
20070187,6.0919538
4931462,5.17481
16136211,4.178893
4396985,4.2807083
16083105,5.6744213
11729196,5.069712
14761805,4.527407
12512233,4.929864
17981454,4.429139
6855200,4.08513
11812986,4.1721125
16721044,4.5670843
17776390,4.202575
13292993,4.5724707
17256374,4.7369795
18708117,3.9430265
6269027,4.182943
20206220,4.569056
19034639,4.259957
16125278,4.3245416
14183466,4.364436
13762667,4.798991
13349001,5.641599
9788927,4.4278555
3272201,4.8594503
16253834,4.2365565
16367983,5.1827903
20671003,4.6614857
5180442,4.417711
16673377,5.152296
2496594,5.6662645
2524947,5.3044534
11436132,4.455314
449308,5.1198735
16931621,4.220473
8055859,5.1103263
8992330,5.1448035
6063911,4.248523
15923496,4.4066715
6236477,4.7918324
7181644,5.279394
1589434,4.2983475
2117557,4.353034
5918653,4.3587637
6259767,4.4701886
11679898,5.4811006
2495715,5.1086273
7857685,4.3046246
16017587,5.347546
17475404,5.2138324
12973288,5.094916
15974364,5.0632124
2927721,4.1531034
16768812,5.7391963
17680198,4.7928348
15042524,3.959844
18062797,5.081354
20422697,5.6563363
13920801,5.012768
10165410,3.746239
18473705,4.5359397
15783766,5.3605347
11799482,5.389749
15371873,5.0322294
14596010,4.2812676
20652679,4.44608
10014975,4.7218804
7437824,4.146867
16050276,4.329037
5240901,4.946818
3201350,4.599933
10572100,4.058237
290001,4.537062
8800003,3.0796738
10654125,5.6362653
19950872,5.161204
16900396,6.1363306
9693080,5.186947
12947660,4.2405505
11950098,5.0433407
19049100,4.14506
9149400,4.1982713
4359719,4.859751
8816070,4.5274615
7593556,4.4666314
6644524,4.3773217
15222975,5.4769835
16346441,4.183161
15604351,4.3795857
16845862,4.8007784
9841373,5.0168085
19066236,4.308628
14608228,3.8945115
2111361,4.150493
20154164,5.0154037
8670717,5.5012507
20543517,4.264632
13674053,4.917027
16313989,4.380939
234330,5.0268793
13524592,4.1237216
1304049,4.1815934
16702494,4.3066125
10992285,4.2104983
14015429,5.5353947
11984438,5.093041
2753934,4.5576077
53125,4.890408
13164444,4.76874
13018683,4.5199594
10393497,4.7778554
2599963,4.844666
16707059,5.1029696
20638695,4.3242745
12981106,5.0900292
16330378,4.2646546
6363099,4.4941287
6018531,4.207017
16529755,3.9658067
964803,6.1247993
496166,5.1533527
6397059,4.733206
9208886,5.259947
4880277,4.68438
20479175,4.9201827
5009294,4.5231175
9825420,4.7725253
21011433,4.1171055
7452896,6.2800965
4120954,4.335298
8301289,4.295613
14867972,5.6106644
12168212,5.2234006
15647276,4.943291
10672929,5.2608085
8461543,5.437953
7497751,4.3101254
4379093,4.668209
15117608,4.461937
10815644,5.4052253
16691974,6.117694
1572815,4.888845
4303850,5.225186
15999396,5.7666335
8131447,5.4098577
18505453,4.4941344
4083049,4.7916493
7826323,5.168859
19790055,4.865565
14709688,5.600536
11838693,4.4365373
2756609,4.8730154
10298652,5.516997
18479564,4.21892
14759747,3.9926476
13532344,4.492687
17320618,4.7794733
19839317,4.7504644
6986570,5.1645184
21010397,4.792132
3896205,4.830384
9795958,4.2722125
20469923,4.5186243
9545064,5.326619
532828,5.549023
12548903,4.507663
2770914,4.9071455
7024538,4.4949555
2503000,4.285419
8211166,4.8333626
4822822,5.0163674
233638,4.924841
5791707,4.3294497
12795804,4.997994
18054092,5.7554235
7126928,4.5274754
6591294,4.5586576
978823,4.450567
14947668,4.5169935
17562263,5.105192
7782395,5.1403913
12814578,4.7903275
5795435,5.1262546
19986353,4.2977
18268929,4.387291
6524346,5.293905
18240506,4.7935934
12110830,5.7276754
21020752,4.5042753
7988259,4.45705
10356383,5.80719
18857626,4.144757
11884317,4.391592
8935150,5.1448383
1211607,4.0323973
12812551,5.0376267
7205064,4.9462476
18091356,5.098004
18445918,5.0743585
9996398,4.377124
6152051,5.027826
17812303,3.9638147
13671936,4.728324
14717363,5.1789885
80714,4.274131
70216,6.126928
18257284,4.254369
17829336,5.033826
13882274,5.648768
9727744,5.960458
14887246,6.312754
807535,5.7892995
2219399,5.151455
6758443,4.637462
517626,4.069596
6741518,5.2701054
6936695,4.6973066
10616979,4.7044945
5363210,3.9741328
13043291,4.7230167
6759056,4.566124
14614828,4.800195
4068760,4.6059275
8439944,4.688717
7109047,4.854749
18751690,4.311771
3484030,4.823302
3176086,4.2602057
15336596,5.5309734
738047,4.9868636
19749812,5.6960154
17405926,5.3953705
5236146,5.1187
16145967,4.160785
4663132,5.4202795
10095110,5.4476657
5059214,4.1424594
19672857,4.3864355
18328209,4.3491344
16098020,4.989477
18041456,4.4648294
13700624,5.4442863
11065650,5.3364773
17880865,5.543766
12356501,4.82709
880811,4.2171106
5684746,4.356032
16998580,4.390952
3334361,4.8685985
13523718,3.7503242
1628033,4.276505
15064512,4.59607
263776,5.0488997
14139768,4.042957
19113032,4.459918
19452755,5.162172
8750374,4.848401
16429097,4.185822
3611813,5.249433
8521666,4.34149
16782776,4.620972
5193327,5.738744
11942127,4.7729897
15549827,5.4513493
11916587,4.155729
18750232,5.37189
5202711,4.1567717
11986653,4.191239
16437145,4.842449
4571925,4.383927
15874396,5.2401867
7274130,4.252488
18488053,5.376011
19324779,4.955918
1361052,5.375246
4470054,4.631282
16375755,4.8262024
11159781,5.118659
17513751,4.3951993
16350541,5.4408326
17938855,5.080529
20044214,4.4441333
12489486,4.290272
450578,3.9166913
11127085,4.3637967
144087,5.1965694
14855033,5.1617885
6425850,4.7457023
1898747,5.5542207
7838011,4.363786
256369,4.683476
9971053,4.658248
17152090,4.263402
18079318,4.7833004
3403905,4.9410467
16285389,5.5650477
17366174,4.7094684
16068694,5.060747
17223934,5.759172
11988224,5.5019646
16313915,4.188048
17910013,5.2838798
1798308,4.7842445
15563361,5.0998125
17076210,4.239106
18557368,4.3805747
16042165,5.813436
20994771,4.386288
7441587,5.1176753
2433591,4.207474
15472110,4.049595
16496647,4.9362297
20622878,5.2746816
4471513,4.315323
7841246,4.251578
18889882,4.9549346
18374808,4.353705
7669319,4.283812
12519610,5.089693
20407916,4.5472264
14786796,4.489587
732818,4.1603
2601774,5.5571756
16751215,4.7962403
20637303,4.520366
11359913,4.403963
853438,4.388879
6292830,4.0907807
2794782,5.0833774
5200704,4.765417
21029490,4.373221
2516656,5.1908617
7695324,5.2951193
3891235,3.781867
9826062,5.0971456
2645340,5.124737
9672054,5.0047054
18546459,5.530214
10139798,4.041317
11700790,5.0908566
3639045,4.8786483
3789313,4.423792
3721621,5.2153425
4758877,5.2755165
6476613,6.265657
17283071,5.2055874
8848294,5.239772
12849145,5.635675
3760469,5.372837
8845349,4.483572
17992310,4.3703227
11104815,5.1633654
17850753,5.578413
21141576,5.0699344
18176798,4.1071606
16355005,5.221181
9705958,4.2123375
2631224,4.1428413
12814717,5.8174386
12006433,4.261719
18009842,3.94513
5929875,5.434883
17513206,5.146659
3282972,4.224046
16962811,5.0327163
10808441,4.9886994
16241140,4.304782
10743596,4.8757796
13059917,4.963553
3811186,5.2083755
7500390,4.555969
12850518,4.8853836
5606829,4.2723365
13692820,4.232399
8353055,5.022737
16381264,4.2509665
11416982,3.8018243
15721465,4.9515586
18672690,4.7465963
7579575,4.772312
17795198,5.070801
12590517,5.005014
1243725,4.6939697
9093032,4.563686
15127120,4.4971013
5827710,4.8119664
7696527,4.2472425
13959521,5.359084
7861299,5.227838
14591298,5.031662
6975613,6.296541
9396854,4.908517
18809063,4.919792
1365309,6.026839
15374913,4.346978
18485718,4.7544556
14827265,4.579656
16041331,5.102713
12115158,4.61227
14370935,5.350874
4404492,5.137759
12952172,5.316388
15868654,4.796532
1704560,4.0731425
11291712,4.9612303
15376950,4.00973
3818335,4.3958635
13846473,4.7280927
13641186,4.471836
12713950,4.664732
14927635,4.7567134
9185923,4.166635
20793502,5.066721
18325923,5.0690627
316270,5.024649
2183138,4.3421535
20225312,4.8580647
15177242,3.9946568
432104,4.286771
5195568,4.8057723
11374453,4.394885
2292366,4.820757
2383660,6.576249
9940253,5.071718
13130036,4.068041
17170093,4.6655183
3836189,4.9422474
15973945,4.529283
12070493,5.5711
4172266,4.499485
8840625,4.910031
825670,5.1785984
1704210,4.0229025
14085238,4.2777047
15510327,4.405948
15773389,4.082035
10452249,5.44849
17654871,4.106165
12345178,4.7575855
13653343,5.571213
6224948,4.567411
18426139,4.940775
7386701,4.9940257
6899995,4.420386
17965318,4.3801584
9390173,4.446815
12310556,4.138688
19057523,5.04278
13448456,5.287616
7693354,5.198689
9239587,4.8754225
15835252,5.2893
9881339,5.702014
17622881,4.706261
18239740,4.543358
3945704,4.6044602
12875156,5.046605
5924743,5.1196094
16425276,6.136239
16330110,4.820181
20639828,4.39974
18025228,4.5702558
18274232,4.485021
397420,4.5003176
1129704,4.4146767
15720448,4.15784
4347418,4.542057
251262,4.116523
15281457,4.9568787
12396819,4.999342
9234132,5.953079
19283022,4.252199
4942200,5.809056
20761833,5.701899
7915214,4.2576137
20052971,4.3194656
18274387,4.0100627
18356695,4.7127333
8372650,5.10455
4606495,6.123876
4068216,5.161691
1589770,5.68331
9217707,5.4541235
4787512,3.5462701
20234102,5.0040784
3952390,4.179135
8229165,5.0065055
13926604,6.476636
18107096,4.3630695
5318206,4.775227
10052289,6.210254
18500213,4.318328
2425185,4.4487724
324115,5.595711
18177762,4.3866906
5181303,5.0184546
6990948,4.7012653
7050731,4.448368
17026540,4.117624
15549056,5.049406
919830,4.159739
1574952,6.0769567
20363156,4.4755507
1583722,5.418494
3981427,4.766406
2762133,4.2045774
4066099,4.8489504
14250775,6.757064
20436407,5.7916512
18915588,6.4100404
14695668,4.007754
2284440,4.116346
9064238,4.280677
4093677,4.1348634
4616597,5.5152807
15751570,4.3359523
1224004,4.398675
6911945,4.253222
16912825,4.0801454
18442478,5.3068547
2701658,5.162972
14842161,4.2313876
3404472,4.293707
16390722,4.0485682
7476075,4.407775
5617768,4.8842597
19304597,4.112117
4323263,5.374535
17552955,5.1548076
19054163,5.065372
13668833,4.2689157
7277878,4.8678937
13409667,4.599001
17304702,3.8898067
15744305,4.227299
1392204,5.2545476
6716200,5.425747
19618443,4.7640743
728238,5.123198
18565018,3.9302616
14651242,4.752118
20745417,4.554699
17252229,5.4937625
20800891,4.813294
9926599,5.975952
9157140,4.975743
6513411,5.3381367
18275045,5.0041523
20549411,5.1327424
17509246,4.979635
7545577,4.905141
6603534,5.1549683
14852091,4.6748886
13004967,4.4285693
13377578,4.6449842
10972514,4.92079
20284875,5.2211847
18429048,5.105597
17893275,4.6906657
11083149,4.167836
13543680,4.600487
9448446,4.3494124
5814832,4.8736362
12325197,4.353865
14501802,5.0923553
21114981,4.791562
1453049,5.578165
20679146,5.5873885
10209283,4.7524014
10865972,4.2293344
4896855,4.445215
15772120,4.6495547
19117780,4.667081
11862905,5.2444215
4693338,4.4326415
7148791,4.863972
16917914,4.260918
16455525,4.6827683
6545952,5.4485235
9295461,4.8051424
18427825,5.196717
16125336,4.3663244
5771655,3.839459
9958492,5.4620967
16560837,4.9989834
14755571,6.1650085
16519541,4.4713664
15190200,3.617422
11178582,4.930089
730672,4.363869
4496091,5.2082005
11040153,4.5785947
13639595,4.2970595
13952319,5.1870174
19999518,5.223178
16052656,5.0121956
14491731,4.908488
862890,5.9237194
16313463,5.0667577
9510264,4.937578
12287627,5.78256
15989946,4.869795
12897616,4.7539415
13202272,4.0279884
15692349,4.014578
835992,4.181659
13974696,4.333726
12888163,5.5109906
13828725,4.3959303
456348,5.0086265
404502,4.895416
16859879,4.7024155
9347493,4.6515036
2145209,4.437097
13084559,5.951039
10115193,5.8673873
4693604,4.555986
20994812,5.000084
19524003,5.0360823
14489615,4.8101707
20626447,5.79142
9180445,4.444505
13903425,4.131176
10574866,4.4591045
15700511,5.0143566
1279555,4.2846894
16808464,5.5499434
7859135,4.3074937
14626796,4.4871883
13874966,4.8799553
5725698,5.234414
5787637,5.5811386
9028493,4.825679
20573818,4.358709
1781052,4.397471
16381008,4.675757
12493396,4.7915645
1277771,5.266641
10884260,4.075551
18746572,4.911465
18239887,5.0299764
7924909,4.7827535
8373323,4.105004
609213,5.8098483
7295184,5.0160866
14788846,5.291259
5280804,3.950033
4988190,5.460573
20383986,4.3933153
19998465,4.4173245
13707813,4.8255773
13644258,5.238952
12129960,4.329994
17280729,4.917062
13604323,4.819994
2115773,5.0549774
17749693,4.431533
19748535,4.860092
2896760,4.763063
3613161,4.464115
15185698,4.9354134
16605797,5.825533
15772544,4.6721025
16969156,5.8240237
15317349,4.23652
9615417,5.0638084
28383,5.173996
2875653,4.0663033
18062839,5.1310573
7259793,4.8911996
4549155,4.728779
16557150,4.0838675
14009312,5.4347286
8085906,3.9168723
4579424,4.471804
20287322,4.325518
13550216,4.831881
4164931,5.180215
10612138,5.2144327
15787590,5.587739
11435495,4.971215
14942680,4.490907
13624795,5.6643515
8566656,4.8957496
945586,4.294852
3867266,4.8660207
19808833,5.413099
11059113,4.298932
18119782,4.233131
16227237,4.334331
1919399,5.7400484
9885299,4.380916
12971825,4.7303386
13349167,5.6361275
1029633,5.169443
10865108,4.869259
14285789,5.094473
12363920,4.4222703
13511347,4.578981
6824996,4.883685
16056632,5.06936
14319414,4.794198
1469955,5.0067286
13262381,4.5886903
15162252,4.250811
4045613,5.142856
13882621,4.249285
15133464,5.030042
6544569,4.015331
18464085,4.528963
12017412,4.9289393
10054379,4.9891624
4438876,4.361281
15547397,5.469423
2636972,4.9200096
1535275,4.5402513
1134709,4.1556087
6079960,5.0972443
13623256,5.3857837
16560623,5.0551786
7181782,4.361309
42165,4.437102
6325307,4.292234
1358515,5.112884
18599320,4.9851904
10383517,4.7904973
15333,4.0809164
20744786,5.9017816
5419744,4.748904
19164425,5.5847588
18376633,4.9151373
5550254,4.64725
4752582,5.6787252
15732638,5.524615
12857830,4.9155054
18226776,5.060012
17720144,3.78612
12536753,5.111951
2089273,4.975311
18804869,5.116405
19502548,4.918514
9793250,4.9204235
10266023,4.997754
7116654,5.1767936
5852599,5.383049
2557614,4.9709706
20518182,4.1244454
4475887,5.6669736
9628797,4.8488846
12794520,4.370581
921585,5.736906
17702916,5.19728
6737686,4.088153
12357325,4.3408055
11545551,3.9358122
17210761,5.7897215
13187991,5.067775
16019961,4.2742896
15218066,4.5790668
11672615,4.0101366
3729469,4.297439
7981107,4.3193293
5992438,5.452056
20296968,4.574712
20440758,4.794021
17196103,4.4086666
16852728,4.022434
6289837,5.452644
13973025,5.0388093
10043502,4.8598948
8301131,5.1446624
8359098,4.3123236
17942101,4.074845
3534845,6.611366
18310026,4.600049
11547077,4.3634777
10308738,4.348781
13209954,4.8926764
6887156,4.876249
20408951,5.634015
1944749,5.0783396
17078088,4.787856
1802843,4.2085686
10141258,4.1186843
14641313,4.0242624
16455256,4.5719094
10595206,4.720413
15933638,5.272722
16335138,5.919988
3103249,4.673282
7699667,4.283091
9531131,4.475659
274334,4.7564306
17991949,3.4223142
20590837,5.4131866
9259054,4.010518
9015149,5.4228272
12124356,4.2795267
4501716,4.5295815
8702051,4.2922344
19845074,4.446492
18718808,5.161234
15340944,3.8272467
7754916,5.0475526
3053081,6.354966
19079867,5.1676145
8645554,5.2260904
10519216,4.3491755
875201,4.5014396
10575777,4.8315215
7799689,4.2426176
14243119,4.314784
21135600,4.6673217
1020625,4.113874
2320647,4.881902
17716589,4.8090467
4033444,5.0222354
4494692,3.8553076
2237478,5.7990985
11850477,3.8753912
12933083,4.426712
6143225,4.1295214
16023745,6.1087365
19845272,5.020912
9349950,4.921492
5182425,5.561846
17547436,5.0400643
7256482,4.906372
19283124,5.4779296
15114435,5.142896
20608313,5.6025033
6836411,4.0733175
1682153,4.2137146
16828383,5.010318
3463475,4.4284754
16084875,5.2285576
11064562,4.1724844
62430,5.5707297
9093720,4.9028397
15155219,5.107684
9137560,5.1991816
2413882,4.2972813
15113669,4.2763553
16947311,4.2444324
1496319,4.609496
14370010,5.3580008
10316077,4.752693
17560124,4.172584
17676895,4.1105175
5810513,5.8679113
14902511,5.2654443
11304657,5.174179
8304576,4.385811
14768164,4.280885
2461006,4.0808783
20692888,4.2269235
16586928,4.444907
17243776,5.261916
20423870,4.2502503
5173258,4.3921814
16457834,6.2371154
19094871,5.045809
14188141,5.7915297
14568858,5.2525764
16601882,4.6165156
9734531,4.2925386
20018667,6.3360667
19952226,4.4197564
12709837,4.400803
19804693,6.259973
3143596,4.334732
15985221,4.265338
12108512,5.1314473
760650,4.9766397
14472528,3.9105375
20874344,3.9467742
4783849,5.175409
8505035,4.972632
7594093,4.4231577
3944305,4.9579873
10388543,4.4595776
19930060,5.180511
9464137,5.216377
14696124,4.261694
6725662,4.93693
16734984,4.370878
13296286,5.1799893
5027016,4.1598487
57166,4.50987
11638302,4.064674
5760776,4.9230537
13362,4.234716
5720062,4.599823
17218847,4.816059
8104726,4.5544915
4977384,4.423863
12387215,4.8638263
9897418,4.2770543
11008184,4.3956523
18439203,4.7319655
7534543,4.827343
961535,5.9050145
5766895,4.339224
15843858,4.4723344
16795813,4.946027
17303442,5.752203
7399789,5.695879
13941017,4.219967
14465281,4.6027784
18653762,5.08926
15719013,5.064075
381217,5.1348886
9820533,4.9571013
3543298,5.7616944
4688209,6.520151
10705888,4.1000543
1728918,5.330776
3372295,5.000495
2671402,4.717209
1900780,4.0889816
12899996,6.4194837
14337214,5.319178
15842059,4.290398
2268086,5.381322
17763382,5.1115346
15806332,5.5508575
7127223,4.505572
4365186,4.5806303
16826969,4.2162676
12371565,4.200989
19483774,4.168875
6799895,5.160619
9759704,4.732044
5112761,4.865949
15250168,4.9406114
15083381,5.299718
12738900,4.1101995
17512929,4.7407603
10574818,4.556455
1645196,4.7872524
1257032,4.03495
13174268,5.3250804
6132543,4.137338
166706,5.424004
13804367,5.4994493
11987862,5.504409
4974923,4.339549
32331,5.190518
1132771,4.0174837
8709326,4.576277
12802817,3.9144514
4866114,4.247209
8385284,4.4153867
10491207,4.3515773
2776766,5.8555098
11068898,4.6936774
16806101,4.713273
6971705,5.343324
10332161,4.9736247
13380502,4.7239213
17981413,4.1425443
17008347,5.5776734
20082404,5.0465436
15499360,4.766772
15027492,5.8622894
11303167,4.097213
20151020,4.6892195
10590158,4.1670604
14912655,4.65588
2132275,5.440975
2545184,5.1554127
13847244,5.0062475
7277852,5.2092576
900485,4.5025268
8106774,4.5389338
17109587,4.848811
16620235,4.517853
3870439,5.133361
6087217,5.1725354
876290,4.0445676
20782233,4.526716
3522308,4.495589
7082866,4.5757246
4798794,4.7561398
3985673,5.1319537
13668573,4.0250564
10781947,4.3790755
11859901,4.3995066
7399449,5.097013
15179790,4.0393596
20555685,5.029377
7331070,4.88482
236949,5.2794967
12201225,4.4212227
17733014,5.037642
13154998,4.450624
17793963,4.229474
7027139,4.765321
6505927,6.1412773
11223389,4.3260016
7088639,5.229426
18563840,3.8387835
2152948,4.2591677
5695523,5.1088123
12903772,5.4618607
4495455,4.7249675
4878501,4.6907754
626302,4.957814
13291548,4.68607
15894199,4.447381
16106039,5.2830644
16602224,5.0174885
9992751,5.46569
15964899,6.265429
3793033,4.478834
8150998,5.40539
8147767,4.4773035
16661459,5.241443
1433897,4.17848
21141973,4.396334
13210043,4.0763984
18598103,4.3142056
15194952,4.714081
8322112,5.064002
11546695,6.1321583
11395,4.7215333
20053166,5.6061425
12838390,5.065022
4821960,4.7816386
12826992,5.1822186
18159079,4.776737
18375815,5.483715
12294596,4.8324356
17512435,5.6935153
6973011,5.9904757
13995008,4.8838286
16547045,4.220239
19831736,4.407863
16960623,4.6560874
18896112,4.508649
4266897,4.2564297
14068646,4.2949653
16251345,5.1100993
15873054,5.2451205
17889378,4.203265
8106445,4.6487746
13592171,5.608258
838070,4.3968725
15004858,3.9941251
12423295,4.6535664
11940785,4.365586
5265614,4.7005167
5395436,3.959755
13684484,4.340512
15841594,4.502603
18251968,3.9761314
5204426,5.004819
3802538,5.586134
20959131,5.525616
20708246,4.997868
15519836,4.8691196
1860838,4.738639
15843086,4.4284844
2254412,4.813206
19263092,5.2556405
18875599,4.869692
14897219,4.992567
10658210,5.2083354
55505,5.4388666
8813451,4.2999177
19872447,5.351366
13333900,5.4424925
18973676,4.921821
14165362,4.366969
9919837,4.4634194
12055540,4.8478074
13632675,4.418026
8455561,4.191243
11887649,4.5553355
4738087,5.1540604
8908898,4.8868084
12252993,4.3899903
13590105,6.426698
9936792,4.764978
11080142,4.430186
19583464,5.856473
2172411,3.9127736
13955829,5.0667586
14488784,4.7422934
14154381,4.4694567
15300468,4.95685
12915673,4.653335
18010282,4.7660623
1890851,5.4003224
2831977,4.898035
826075,4.4224153
19760715,4.198369
16164435,4.4426584
237988,4.6167874
7206568,5.054571
8517593,4.767754
10115427,4.8074193
16691614,4.832065
10176552,5.4816647
10810807,4.7167854
3703633,5.276346
4338541,4.8791313
16172772,4.3925447
16323871,4.066558
1990201,5.711847
18585456,5.391743
16443103,5.1491013
16164399,5.0423913
6361207,4.91066
4137900,5.1377783
17720522,5.1504955
3835766,4.2527514
5863701,4.713041
18003567,5.0081463
14767195,4.628293
19154395,5.6157365
8521692,4.080355
21230903,4.809167
13316914,4.195973
13929242,4.405759
17701929,5.6008883
4267901,4.389002
16054955,3.9601967
3924397,4.7774954
13313452,5.4370747
17638265,4.9957447
13467737,4.3397884
14907455,4.047593
8926164,4.2686133
7775146,4.3393755
15963788,4.3913393
17270031,5.0507097
15238065,4.5026374
13085059,4.068407
17154991,4.0340433
15692812,5.218884
19661845,4.745359
6765802,4.891881
16667594,4.494362
17961889,5.017451
4495428,4.9193697
20828952,4.708248
13823767,4.127776
19700448,4.1103406
14151564,4.4768577
1552093,4.6255755
3219951,4.3934646
15937146,5.2136345
14400452,4.4099517
3898355,4.2635655
10137679,4.1660633
5818551,3.7593992
13562981,4.166344
13770179,5.553687
18907659,4.209412
18111318,5.6166444
12562075,5.221044
4096665,5.302841
20169249,4.0451407
19738170,4.4218764
12566014,4.912374
12931313,4.9668074
16600553,4.6446624
6400170,4.5567784
17134163,5.0187435
4730309,4.470749
17632790,4.5167155
8595268,5.1299353
170847,5.3049006
600286,4.116755
7936698,4.3755136
3578158,3.912315
14589869,4.9444504
459806,5.0179753
10136162,3.4884055
13265716,4.3340464
5327724,5.087335
15691754,4.9180737
14141622,4.2621584
17156164,4.2116776
8925563,4.374294
12019843,4.5240927
4296710,4.2676396
14968765,4.3812943
9135125,4.3906016
11695184,5.2659106
231721,5.077429
12828775,4.8419666
19456107,4.7050962
5181720,4.929757
7771351,4.8711762
16313023,5.175797
15513127,4.8864193
8814039,5.42903
14824337,4.3530936
15602572,4.677212
19437253,6.1152782
895386,4.0637956
12829031,4.878208
4178152,5.8749228
13686914,5.9737515
14267804,4.144035
6528368,4.333596
6828713,5.2610874
15455071,5.099614
7843122,5.9951725
1914841,5.6627617
13223949,4.1373324
13411711,6.0072446
9810403,5.45081
7835778,4.3590097
13895156,5.3489103
15553170,4.9757648
17842111,4.984065
54382,3.9446461
9992535,5.010282
12172890,5.6500936
8720972,4.578282
890875,4.8290896
5804790,4.337672
6731708,4.8210425
6078561,4.9232187
3922526,5.4142404
9998898,4.946571
17187942,4.9460583
20242938,4.392448
17258065,4.43515
1682282,4.8065243
1598887,5.341742
18465732,4.937043
9282987,4.491095
5196336,6.025999
19965402,4.6604276
18787950,4.9819274
4505,5.180628
17080726,5.094348
20930060,5.076427
16435920,5.192268
573268,4.653618
510500,4.6672287
2038278,4.6766777
15003546,4.744172
19547479,5.137067
6289761,4.462188
6016496,4.261945
4483196,5.26009
19179961,4.757633
4384518,3.4152255
15522091,4.0885344
1615088,5.6736
4908997,4.988832
9623557,5.006145
16556249,4.7859683
10449728,4.5759444
5410914,4.3847117
19798810,4.5879016
7332255,5.1044803
13038318,4.375823
20309133,5.0622287
14687868,4.359654
5211479,4.5868893
15200224,5.307994
16585605,5.3682265
303370,4.055208
14047273,4.6196322
19403310,4.3822436
20090712,5.306833
14109693,4.3152504
4129365,4.546732
14355431,4.520915
15260364,4.735318
6018947,3.9004784
9211430,4.4786296
1098825,4.36927
10990260,5.6091843
1506985,4.9391546
7529940,4.78698
15983526,5.342566
15952876,4.533803
35526,4.5636306
12951417,5.2226067
7050397,5.318141
12656719,4.845705
9879897,4.297763
9061938,5.2924623
1847261,5.010893
9253498,4.5109615
1857312,5.1951447
11588003,4.3042474
14783944,5.431783
18330946,4.2745085
12521928,4.4390745
9432339,4.707558
18238216,4.4515676
9047155,4.304395
20134851,6.186252
16604304,3.936544
1872241,4.750013
5269840,5.334258
19193944,5.206461
7789213,3.4223413
3413981,4.3370647
17027309,4.385835
18386659,4.8952713
21163804,4.785553
13498381,4.076729
8549355,5.0016203
16782240,4.6929507
11657888,4.3473306
20713994,4.838494
15545007,5.002383
1186237,5.1024065
7181476,4.5576386
7632657,4.8291583
9110425,4.0762954
1249083,4.976526
13639725,5.8454137
19369772,4.291208
15235328,5.1230636
1003184,5.00282
15511825,4.612114
4251960,4.6795645
7801169,4.9630437
9488762,4.9734225
19717109,4.0452905
20171719,5.1216826
17975659,4.448543
5694364,5.5398445
976167,4.4455166
2008334,5.1194706
14002759,4.528963
6054656,4.7806554
7692167,4.7885985
9574217,5.9971642
9999939,4.9140353
20436854,4.8429523
8763620,4.3857837
7027048,4.872661
2391803,4.1622148
19942348,5.0571275
16191394,4.193727
9189219,5.0966873
16909876,4.200565
17300864,5.4336395
12712279,5.5292425
20755255,5.190976
13217241,4.692286
15481609,5.6003227
16769225,4.7397876
190160,5.043331
15499428,4.8105574
11221482,5.4631066
18826370,5.11573
7455604,4.1542487
7454907,5.05676
3685433,4.937945
12367703,4.1969757
11680622,4.9306316
14851911,4.8112793
9313446,4.858868
14500735,4.798093
16841032,4.407413
7143587,5.0745387
11789440,5.545103
17532756,4.2423244
19334237,4.470922
15547793,4.413445
19532551,4.040107
16851792,5.0090046
1875603,3.8476667
14756273,4.437958
4436927,4.2147284
2619175,4.7651796
18605919,5.0979033
8247341,4.4936686
1634003,4.5202637
4853563,6.1578193
3944200,5.3105354
18195495,4.333969
21010323,4.7346735
12021281,5.1700935
13427412,5.176311
8924038,4.3440123
15360917,4.231373
7326365,4.677953
9064042,5.3877754
10039553,4.7089887
15984201,5.437061
1887206,4.8302674
9922178,5.2956486
10828381,4.349529
9806634,4.3156223
13265095,5.1782036
15885180,4.537947
12927565,4.4204693
18041540,5.184805
7229828,4.277323
13264910,4.385487
20664367,5.3356876
16244574,3.4324064
2165107,5.2418227
20325146,5.052762
6328394,4.4021
11593303,4.515621
16727338,4.152807
13558216,6.9684544
6800203,4.2225347
13399619,4.3454933
20979466,4.4740267
13659816,4.882016
3040394,5.325965
7484179,4.3674393
4584944,4.094864
15290253,4.6173997
2477330,4.9889445
17922561,4.798842
13782569,4.00636
15927846,5.5037107
16894974,3.8516974
244547,6.5137396
16756416,6.2005854
19967900,4.275255
16824773,4.348519
19159,5.849855
16963535,4.8622785
19013594,4.723838
13360673,4.066308
11566601,4.621909
1082406,5.646603
13978746,4.544678
9993116,5.0759
1702109,5.2657275
4607282,4.335594
1984486,4.7652617
16709754,5.6743803
3420384,4.053409
4164605,4.965776
19861834,4.445718
8225432,5.034121
16113725,5.3456283
18224659,3.9403467
12068,5.021729
11240774,4.9836226
4325502,5.6459956
11856912,4.3838444
18198900,3.6867802
4785716,4.1997266
6853212,4.786377
16778954,4.949649
16999837,4.842193
8645254,6.1215982
10811679,4.2338176
3799598,4.453246
6850540,4.353439
3644021,4.2165203
7246074,4.952165
5308639,4.511775
19073548,4.676833
9716316,4.313749
13264690,4.444032
21124150,5.2735667
851443,4.928738
5533420,5.3077006
15790820,5.2470884
8483688,5.199162
8405551,5.004141
18335071,4.8951874
15448882,4.4190664
17955462,5.1463556
19402904,5.570164
8592390,5.0427246
10231714,4.2342257
7896593,4.781281
479334,4.743244
16854051,5.3203497
14184451,4.6402135
18276993,4.5871325
9186042,4.8077683
9415192,4.927338
10221640,5.5724344
16456629,4.0584226
991396,5.411641
16696832,4.5962205
2515452,5.136079
20827546,5.293929
9029725,4.475477
19912854,4.513397
662152,4.7663817
20755847,5.0494337
7743287,4.4635577
2026087,4.3409834
18002506,3.986745
17023676,5.967401
1351364,4.4111733
19010699,5.259662
16255107,4.4959025
17076526,4.1025534
16282113,4.949282
8504704,4.6707435
5374712,5.1603794
2557922,5.721646
10944402,4.216055
17143055,3.8720555
14106684,4.4228654
17450165,4.4757967
10411712,4.8101077
8055508,4.5621824
21150972,5.494097
16351506,5.5873537
5917876,4.482302
268544,4.81284
10922682,4.203849
582372,5.7478957
12039317,5.4234543
16485273,4.063572
229030,4.309964
15986775,4.3733606
11826673,5.0231633
18162944,5.4452324
18305559,5.336666
17266737,4.8900895
936054,5.2647405
17424700,5.0795755
3897252,5.1364713
12444986,4.908444
15073315,5.0186677
11555243,4.5718136
6080551,5.123244
5521739,4.435878
5977874,4.648453
9248239,5.330945
238669,4.8791966
9737352,5.252257
11162397,4.352669
16687775,5.071382
13313777,4.889098
9446874,5.0728593
8550801,5.1155505
2872420,4.873341
3424962,5.30338
19949990,6.6303926
17587377,4.669097
6078212,4.298468
19065830,4.1668224
20600983,5.535131
8287824,5.0292625
17139280,4.022077
9755409,5.119838
9545498,4.023627
1443077,4.1700983
18436407,5.114947
6348983,4.0612617
13378438,4.807166
16907576,5.980786
6812179,5.008645
13387453,5.1204457
6389677,5.1467886
13778951,5.3044534
13847262,4.0695066
1832120,5.5597987
2030971,5.6271186
15173895,4.886672
10880153,5.0174966
7460848,4.956541
6094708,4.11436
8307021,4.242758
3007020,5.0736523
2783899,4.392456
16441580,5.7374635
17188490,4.3036995
16001724,4.4255342
3290859,5.971127
17713990,4.2865252
12627,5.2568426
4015625,5.181997
2699338,4.2075458
13295757,4.077453
11875118,5.091609
7084621,5.4887547
15017163,4.2101073
9320050,5.175999
3859844,4.2613287
10088544,3.8684597
14592047,4.7957973
10152056,4.1367493
18776908,4.219481
7006494,4.2865224
3819656,4.0543313
14125013,4.4556656
5727093,4.5935955
4604322,5.239561
14899604,4.1551433
14745383,5.6230826
13348110,3.944132
16423373,4.0030303
7986513,3.9374912
13586614,5.057481
1669123,5.1444893
18291821,5.2417197
475528,4.382033
9561663,4.898879
14950213,3.0852225
18061548,5.180971
9577901,5.5983133
17791006,5.4813046
12190495,4.9826727
14109494,4.40806
13509392,4.3471437
18782625,5.1075234
3248671,5.067887
4218326,4.133314
3225975,5.4244804
16909360,5.1138964
9902123,4.902945
6051856,6.4040375
18812926,4.0727677
18544831,4.3631616
18393312,4.172843
14095274,4.611146
19569728,4.854052
18896540,5.0086036
14123351,5.521482
9413337,4.707727
19073504,4.3485103
6213273,5.4968276
15616547,4.5056005
14102863,4.4763646
17299312,3.8840172
4410765,4.6663604
2436595,4.928588
13710548,4.9279537
19436602,4.915002
7512116,5.3662763
195989,4.2833695
13529037,5.154599
6957469,4.793263
8479494,4.615394
3728838,5.488018
3481025,4.4761577
19712649,4.3162847
13862860,4.1888275
11497401,5.5946045
9216664,4.566181
3800549,5.565523
6428913,5.020645
5508092,4.4857655
6513924,4.0421844
2081408,5.070862
12071071,4.8551397
106363,3.9544694
11938195,4.103668
13418779,4.2048006
8090232,4.8848996
14667844,4.627949
1174830,4.31761
15334917,5.080113
3292910,4.337288
13733387,4.3684573
13720905,4.4553185
997382,4.7580576
14774756,5.561313
1404034,6.041734
9384981,4.2359037
1107293,4.93655
15295591,4.7746773
7620413,4.367877
13099447,4.607806
9942097,4.8315187
7939074,4.417568
5532549,4.2487874
13539571,4.3627353
17242168,5.1660037
18310635,6.2783146
13586296,4.4292364
4849046,4.103246
11762255,5.199928
14056095,5.9449444
20126616,4.3707724
501623,5.171117
17962323,4.6906605
17728118,4.2700567
12356183,5.1885967
446289,5.0156565
597544,4.15981
11163491,4.695142
20965,4.4967055
7728674,4.805417
8926649,4.1840863
8971258,4.394833
19533701,4.649341
8955487,4.371091
2337904,4.499891
4719292,5.1593895
20991143,5.134714
13409850,4.2003603
9012743,4.4862514
20028695,5.189722
6291371,4.0777225
9506544,5.39034
223922,5.237882
17176016,4.891883
14888917,4.036953
5946163,4.710778
15742303,5.1786513
16932846,4.1186757
7931456,4.347372
13658522,4.7679524
1817510,4.096934
11271036,5.2714195
15445826,6.494867
12208705,4.349841
4774742,4.385334
9571791,5.0966463
13656752,4.5356483
16719319,5.156065
18088674,4.392816
11768316,4.6021647
6728537,4.803622
7739955,4.468174
14255786,5.287302
106457,4.3021555
16535785,4.8911314
8141318,4.180566
15343661,4.412761
16813200,5.0774536
2246959,4.6212773
14671656,7.0184016
9836966,4.218362
10202496,4.3454204
14738636,5.3082147
4660633,4.8286285
6168050,4.475664
16039573,4.237902
5618341,4.0330143
9238169,4.815645
14573842,4.18504
19433585,5.3187027
440139,4.429997
6959212,4.1786256
15384959,4.201037
13592173,5.2418413
5704758,4.517435
17346072,4.7422104
17414709,6.154953
15319835,5.211445
15841070,4.3532753
4967,5.7548
16049905,4.047593
18311288,5.1841125
226869,4.225747
9052529,4.504576
9394419,4.3886447
11060328,4.991341
11399852,5.1037736
11303918,4.8011546
1249415,4.3992314
14619235,4.9047227
13892310,4.6594906
19405757,4.282742
16313098,4.3398523
5581442,4.534454
6403795,4.490784
770046,4.556833
10128667,4.918294
16874402,4.3041153
18056292,4.7825027
9625826,5.4881115
16692709,4.692978
17438902,5.991097
13172196,4.9871945
15954582,4.769522
7603413,4.799035
18547695,4.6348667
15770116,4.656574
12657754,4.3410096
7854872,4.76867
5919646,4.161491
20110901,3.9891634
13281443,4.570077
15074296,5.497485
2178429,4.8390803
15232309,4.091766
484600,4.707604
19365007,4.3409595
20588063,4.7376733
19915617,4.9672236
18460898,4.667672
5773199,4.5320992
20830048,4.2447414
17979088,4.908333
4824361,4.136768
8519792,4.472761
10036445,4.372718
18894532,4.241774
1781611,5.441908
2613270,4.8851957
16085382,4.0833592
4678943,5.5337534
16260618,5.1961026
195971,5.279449
18872564,6.355909
11757998,5.005214
10434883,5.076706
13906623,4.0465837
981534,5.984971
7037585,4.6668873
13715977,4.688
12758628,4.5885386
9900120,4.4955287
14339856,4.3928633
7825315,4.9758143
15406116,4.9895515
4324832,5.7348075
15554245,5.6862655
21160526,5.156789
12785123,5.0391893
10087364,4.1200223
380416,4.875869
5037199,3.8302088
1586608,4.318666
15088024,5.395386
15447965,5.1605864
18316118,3.9532094
3737180,4.166181
725509,4.722184
15299954,4.551855
11440939,4.4328175
4884325,5.4306307
10783557,4.0268106
16925222,4.8132725
442605,5.068011
1361017,5.201937
8372574,5.151019
15519679,4.110144
2897358,4.029788
12232737,5.3878217
12011220,4.404198
17849427,5.4990935
13527164,5.213798
10337920,4.5742655
655754,5.188409
17557796,5.1881404
19572503,4.336802
12175904,4.3042593
12155417,4.2499366
3980678,5.3564634
19374700,3.3421066
16973858,4.476136
3850013,4.7099624
20933234,4.3701267
1284749,4.8032875
14746900,5.9666443
9187057,4.244241
10469962,5.33952
17634322,5.117573
17933664,4.249208
3870522,4.475042
6571441,4.312069
384689,5.4993863
14838160,4.3553095
7483092,5.402922
10227043,4.794911
13622056,5.252561
2197345,5.1876154
44288,4.854749
15834380,3.952016
15735536,4.8497705
1426888,5.5036974
10280549,6.284368
18307935,4.1157246
883681,4.1085243
10393552,4.2768564
15635376,4.398742
3989564,6.09496
12571616,4.059323
12815192,5.093027
11679582,6.363406
10202365,4.54372
4154959,4.4809837
8888378,4.766511
17480730,4.515364
16812848,4.268613
8504150,4.4108224
20789361,4.1722116
289020,5.0342216
14006712,4.693736
10096773,4.898108
19691954,4.6654162
60940,4.881873
16208029,4.9133134
6885520,5.424748
251792,4.519611
3220443,4.88032
11943,5.190383
66251,4.900894
14625392,5.096872
7616651,5.050533
7679697,4.616223
3331429,4.1824694
20567712,5.805355
16964839,5.1458063
7345443,4.9412856
6751453,5.646749
2524166,5.2749496
6386586,4.2476487
16251357,4.5398407
321136,4.382929
14311912,4.080094
19133703,4.5871377
14141746,5.17192
7332535,4.883807
17092,4.202222
13953008,4.4081984
1731969,4.3737326
14491004,4.3873353
17624190,4.832119
1417038,4.140771
1359513,4.935714
21005576,4.23556
18094971,4.33341
5317315,3.9646912
21177194,4.937416
16110293,4.30263
18371243,5.223567
6894734,4.271658
9733406,5.2929015
17994786,4.945854
9432828,4.152702
9365179,4.567952
19749024,4.791956
17861401,4.4434342
16477143,4.0832744
17299935,4.9387245
3979844,5.165548
9632372,4.176419
18080464,4.8154855
11525500,4.7116127
17013137,4.286731
7709150,4.3957534
14015414,4.285149
15875731,3.9589832
16705624,4.7678103
16749538,4.4660325
20745514,4.5762177
17665851,5.379314
20927215,5.260201
16882568,5.9019494
10188093,4.0281515
2332907,5.8029065
18880700,4.1257267
20728722,4.3037457
16602888,5.0865035
13899875,5.636458
16180024,5.03186
15706863,4.79602
15360665,4.387501
607913,4.2885556
18394510,5.330624
11087273,4.9870787
2447827,4.7689705
16078757,5.0361433
4284953,4.2514315
12585126,4.1917076
4574931,4.566049
16554488,5.1366415
13930860,4.1345625
21155115,4.3420405
17859114,5.05089
16699375,5.357837
15508045,4.2390943
5536454,4.408276
15105984,4.3779645
7473253,4.78694
13274366,5.0016503
6777270,4.589897
14552409,5.1846867
17158427,4.2155037
15447048,4.3189793
7693124,4.6464095
6425712,4.188996
16108194,4.550109
239733,5.8661966
15655208,4.364686
13633299,5.6016874
17213866,4.0736036
17526235,3.2382839
16011595,4.3213425
17458077,5.594334
960741,5.2468653
14419183,4.3178086
15129119,5.2252665
19744076,4.870865
17604402,4.9350934
776050,4.234311
15662480,5.32828
14606037,5.2109847
13485102,5.3095303
8903147,4.240166
16726094,3.825761
17333101,4.4376187
16148494,4.2054133
8915246,4.9054313
5384774,5.7723346
17094136,5.786748
5509771,4.533064
9563436,5.3188133
13713783,4.300246
18543009,4.7359815
9882744,5.1329384
16273164,4.988519
9087514,4.424221
2506089,4.7594953
13024385,4.2144346
2368133,4.2782655
7242260,5.788635
9369519,4.3896923
16688200,4.2519703
2437011,5.45969
16635436,3.8037224
20300301,4.8533163
18442194,3.5451283
17027468,5.071741
9129016,4.9200296
10773437,5.0279274
17151560,4.5758495
16772034,4.0835304
3401363,5.6863785
10383412,4.2032084
2091153,5.370678
17702778,4.9687605
1104912,4.286767
17849354,4.448948
13056839,4.433946
15311518,5.683165
16465756,4.8334064
16379610,5.907079
20968046,4.01747
14950307,4.8114166
4175303,4.877828
1596603,4.576981
13452059,4.261489
8579806,6.4543004
8268669,4.1360826
13002922,4.5781126
13751869,4.8370013
18851429,6.2341337
1667080,4.3592324
17269650,4.9410987
11379406,5.5628967
16652679,5.527574
16569974,5.6460643
20800988,4.947415
12155285,4.8274817
7622051,4.416157
12485999,5.1015463
14374409,6.1425734
13813989,4.714055
10117803,4.009606
1869249,5.599447
18322797,4.5314126
17233150,4.624143
8506757,5.035348
16693813,5.267558
1056688,5.562087
11139650,3.6680555
4695337,4.6933684
2318126,4.5350046
14075195,5.6126866
13308107,4.1552873
18591452,4.0438657
18649717,4.499494
21013880,4.2978354
16721137,4.7546606
1071235,5.1383476
19228956,4.063599
1678422,4.4443207
17434184,5.434297
16114257,6.6887536
3022207,4.9712715
3368308,4.8808837
7820664,5.220411
21044959,4.502125
19524092,5.210392
13544430,5.928492
13141600,5.0192595
10057031,4.3375654
8631208,4.1303587
17825483,4.3741875
1920568,4.8437915
10414783,4.1188846
14797232,5.2680235
13618794,5.2456317
12973500,5.095138
3917705,4.284496
13247068,5.2781453
9323550,4.7857995
5885271,5.679689
20136597,4.4667788
2539759,4.128997
13943032,4.5495324
4102049,4.319234
18934126,5.142328
15218699,4.221225
10542066,4.767059
12564580,6.2655926
13278748,4.777081
9978975,4.673807
3952328,5.794079
13511181,4.3198605
20926888,5.586694
15343230,5.369069
15665648,5.9490457
17029094,6.492438
8221796,5.6493945
496809,4.8351183
2933406,4.328848
12630337,4.6288767
18871571,5.2086844
10156983,5.1646233
2996555,4.506999
180822,4.4036164
15904159,5.027056
4476954,4.9848247
16941825,4.1788635
8162168,3.364541
2231932,5.842081
14608586,5.444993
6404873,5.076108
20189480,4.1752124
16559427,4.678067
770729,5.452163
6343619,4.6175737
18007404,4.1493816
7763096,4.7180157
20276344,4.180378
1578597,5.077958
13113422,3.8812547
20552425,4.4847407
14841364,4.485397
357551,4.62604
12264726,5.394109
6209338,4.5165825
2889387,5.1080832
380923,5.5927396
20631204,4.4660068
13066886,4.529738
17889376,4.079688
18095256,4.5034385
18823516,4.794253
16376488,5.6385036
15346306,4.7100058
19602922,4.3193398
19551132,4.9638677
12627709,4.3825293
18035946,4.0270834
5737205,4.692126
9387953,4.348029
6749243,4.3181114
18996206,6.0720887
14535646,5.0861897
5319522,4.09587
12343026,3.7482812
10962068,4.5933056
19290841,4.3581796
10948909,4.580691
4323271,4.8423977
11239068,4.4031925
10321100,4.130797
46858,4.6740522
17958995,3.7902744
1453377,4.9675465
12414012,4.509495
4963511,4.3733416
14774365,4.9323387
12145887,4.2716413
1249523,4.6494236
21176357,5.576659
317261,4.420515
16202475,5.6725645
16232426,4.255139
14236091,4.0556417
6094471,4.785699
17533314,5.9434114
18196261,4.142282
16744433,4.128261
982409,4.5044084
7754018,5.199764
13148566,4.326605
16627673,4.897266
13359798,4.187827
4645841,4.4662247
16739383,5.615606
2088912,4.6753407
19903510,4.180551
20762662,4.878375
3783090,4.849456
16143285,5.3844786
21178032,4.41194
10576612,5.1467605
16228940,5.1088037
1516154,4.9352245
10886737,5.792797
9758021,4.990945
4007770,5.821063
14238291,4.031696
15160952,4.595182
20898140,4.3238134
20982564,4.5700774
4070707,5.4718046
19661538,5.249531
16688968,5.0315704
18390143,5.045439
3533741,4.934352
18457814,4.418656
16855224,4.1494756
14335935,6.078358
19050865,5.8319497
7092179,5.2814937
6499870,4.140592
15179182,5.723568
2008122,5.2792015
19157248,4.008899
12511163,5.0971117
916514,3.3087213
72454,6.232018
4187544,4.5538116
13736208,4.376215
16132408,4.083795
14822033,4.54466
18567881,4.236094
16041840,5.667036
9477550,5.6090984
1472262,5.261633
17269775,5.0312304
3093712,5.051395
63373,4.3645864
14882137,4.0777626
12115597,4.638275
20285252,4.994423
11125206,5.1114697
17666408,4.432718
9768642,4.811443
12649369,4.2535706
2032278,4.2138724
18001363,5.9814005
3292367,3.6120791
12086157,4.177591
13984009,5.1578283
17654333,5.455267
17793452,4.9924927
11416030,4.5209656
3272592,4.29316
19888404,5.922983
14346963,4.235422
17753178,4.0487747
19452366,4.316447
12073528,4.479461
14322869,5.776912
1233296,4.4009595
32363,5.0744605
8614461,4.9494715
13189690,4.1242466
17593461,5.1286297
75212,4.201655
2926247,4.118706
13528233,4.2656536
9181108,5.2812076
16178260,5.033172
15791207,4.2306333
6444554,5.3028555
12984506,4.2501926
9575930,5.9645295
6338130,4.9825068
15818196,5.3021665
14059276,4.5336576
15361808,4.349855
15523073,4.617019
16429863,3.1395972
1339338,4.523532
21098505,4.095234
5506592,5.0938854
13674349,4.448967
20991057,4.2360187
7900119,5.085327
13713743,3.7568479
19929723,4.651928
10822516,5.462687
1798506,4.274954
16676068,5.296126
15577590,5.004628
3229255,5.1635385
4624070,5.638996
5077782,4.871994
4553903,3.9546466
16097701,4.200014
320747,4.4198127
2764319,4.468712
824400,4.3060484
12964676,5.229378
9149797,4.519151
8284942,5.1146736
5899031,5.1303763
13945103,4.910433
7950588,5.825688
20942355,4.0776877
5309634,5.513462
5748954,4.236877
12916551,4.9654717
18239954,4.3410554
596462,4.8735266
19986891,5.059532
16910165,5.3907137
19364797,4.863273
20689874,4.797663
6397963,4.56727
19590209,4.7913427
17584136,3.592685
13514193,5.0298896
16309873,4.4421363
14790550,5.3682585
7010135,4.42081
1294421,5.213355
20912723,5.078581
6706788,6.134039
19071002,4.3821616
16711973,4.021716
18473036,4.10564
6034374,5.693993
13733309,4.763125
10102292,4.7900677
7087528,4.6594014
14840348,4.3090367
17325829,5.1549525
16178088,4.97968
1847762,5.138511
19894058,4.6692743
18910240,4.582753
9414583,4.5370913
18703732,4.511022
17670884,6.352718
8515356,4.303611
8985316,4.3011427
18445898,5.868737
8925082,4.383123
7973978,4.918467
14281526,5.1002345
144793,5.129241
16497229,5.724852
8133995,4.4431853
14052303,4.950596
16827957,4.306281
1510097,4.213839
21220,4.6580515
16507116,4.936523
6950477,4.2019954
523020,4.3517833
18048473,6.3695865
511733,3.9578195
21218973,5.4672976
17223397,4.1533394
14742285,4.4607234
16648712,4.143969
15857734,4.686686
13654760,5.2977214
20001157,4.120547
9863045,3.9940944
2496406,4.594759
5796374,4.9030666
12382456,4.9188027
10839205,5.182721
678709,5.004765
3534315,4.772573
7247746,3.5694947
3940301,4.0838733
7189370,4.3414545
1404355,4.5518775
16780932,5.942209
16302024,5.6412315
11148395,4.7979264
1072071,5.1673837
18615903,5.378334
2023357,4.0493803
310338,4.98442
11473041,4.7565365
16452808,4.021496
16961415,5.187739
3462561,4.5044703
20942873,4.2311635
5316662,5.75576
2586905,4.0823474
13810918,5.0880833
20191915,4.7905726
17776142,4.5871534
10985925,4.4908643
16518618,5.6615057
1637056,4.963311
15054000,5.398338
5864956,4.179834
15944237,4.29219
1994548,5.890663
4377555,4.812853
17716082,3.773989
482704,3.9869661
7174196,4.7733593
14317785,4.096432
12228859,5.013835
12917203,5.5580497
15255881,5.140559
3200198,4.8412704
9188704,3.9893596
15380637,4.1809187
7229869,4.4456706
16915117,4.6877475
18619857,6.251813
9541017,4.465948
1214214,5.340785
19162441,6.028716
13300974,4.30514
13510326,4.867982
10525022,4.0714865
1669240,4.8340716
9222165,5.701149
7309129,4.2525134
14023316,4.4774513
13066577,4.370715
5282026,5.3325863
87853,4.759664
3869398,4.8729796
18508579,3.9982617
433218,4.9938273
16579301,4.6050997
9527949,3.9930701
8016725,4.7575426
16078894,5.9009857
16369930,5.0188212
7225814,5.6697226
15553495,4.8683286
15273631,4.298148
15115590,5.3713155
17035188,4.1507516
15788402,5.163872
15566304,4.527434
4469244,4.726541
16640455,5.588026
19244511,4.512579
14858544,4.4246554
7402852,3.9701548
2398423,4.6767764
9081524,4.7066536
17749396,5.1881404
14155991,4.6299906
19476986,6.4052176
923053,4.271002
13961209,5.010595
16086334,4.830305
4163742,4.1451616
15181577,4.008888
18834905,4.995428
7798060,5.4614587
5211090,4.9534864
20537222,4.239378
602453,5.246227
95453,5.2336726
2994478,4.909375
15490251,5.0591497
3928270,4.6220503
12521592,4.7935596
2856773,4.1490517
8740154,4.165227
3201019,4.367676
19033320,5.3915973
13376196,4.415309
12856864,4.285353
15494968,5.7211094
14014109,4.8422174
1721164,4.0876064
3618479,5.262967
20915874,4.2998457
13461314,4.2537413
63320,5.330776
8949372,4.992803
886415,5.0836153
10709156,4.8909364
18474620,4.0447836
4386513,4.4833913
15989547,5.1768694
15157053,4.9931417
7619219,3.446856
14368653,5.0427384
5021859,4.797696
3860464,4.980916
6958880,5.393951
18369643,5.0378833
4720707,5.3477893
3320635,4.3305225
13187405,5.298211
16428028,3.9767888
12900373,4.2968016
14473097,4.956344
19413670,4.9808025
17421739,4.274648
21165138,5.7503576
20946859,4.608888
18584924,4.5819464
20738759,4.552978
13080002,4.518032
4480520,4.7612867
15716112,4.248648
16929407,4.907332
15141938,4.3170366
13136915,5.00376
19738104,4.087687
16437853,4.2591057
1312618,4.314282
9842363,4.756299
10658111,5.023138
13058888,4.2740107
19755450,4.13128
1228184,4.3810534
7279024,4.2737627
6316145,3.8890517
70609,4.8129005
1892956,3.6914084
774972,4.354693
19904931,5.69435
19138138,5.3188133
6871468,4.9558644
3667915,5.057876
14487772,4.3088117
15533858,4.3804917
1046093,4.4089184
14915849,4.8294387
20118387,5.770002
16546932,4.1489635
15164324,3.8119495
14399955,5.4305396
13226398,4.005749
9117976,4.9095798
8029788,5.9581733
7149792,4.724353
7827648,5.1306996
6031195,4.852915
19227106,4.799536
3264847,4.259331
5727786,5.105892
19469522,4.6155005
7798489,4.4642797
20605345,6.098327
12955943,4.2257843
10115792,4.205957
7837202,5.075991
16822312,4.7292943
16157926,5.0250745
17269632,4.1489205
6911905,5.067345
20606453,5.4033284
8747,4.2846103
618836,5.1634502
2738933,5.430705
12867883,4.286402
9843892,4.3571615
15907942,4.336405
10687213,4.178244
4438029,5.455833
1851496,4.572787
17384750,5.402298
15684222,5.1524253
18888665,4.9635506
11038162,4.8758464
19912332,5.1370506
13709543,4.4053683
8204392,4.691429
4517871,4.289233
20154271,4.355337
12790458,4.0351624
3731871,5.0880237
4662215,4.786465
4776256,4.582205
2612035,4.783588
5377351,4.368271
8739819,4.325889
18523285,4.740818
16246049,4.0303245
7346941,5.784588
8504231,5.436906
1295312,5.031085
16517575,5.3753157
17733153,4.489996
3662827,4.237047
15340354,5.1717668
17610765,3.0627449
7384040,4.5982413
11439076,4.9544883
230854,4.434721
7416214,4.7112327
7449388,5.7202706
21021041,3.984922
957387,4.369801
3167570,5.200496
16144293,3.8271537
5195252,4.5147653
2446367,5.3722286
17575812,5.1519647
13321861,5.669608
13810937,4.1429286
18055705,4.060418
16859079,4.979318
9316551,5.024756
17778979,5.652918
13622777,4.7895155
12775106,4.5306787
10015137,4.6199136
10922736,5.0917263
20073990,4.470018
18349074,4.8626432
19266676,4.3329306
12523990,4.7547235
18356636,3.4821792
13281803,4.5112405
9696406,4.701281
19013613,4.1683264
4976354,5.3708067
13908940,3.9038944
17093715,4.9318814
14273,4.5682297
13885682,5.154864
19103843,5.248524
15822534,4.7749343
1446408,4.2763853
16325802,4.2830796
17844130,5.51418
10986128,4.4507446
13799960,4.448084
13883262,4.279629
1031302,4.803622
4302952,5.418987
9693357,4.746719
5739031,4.1056795
3447448,4.964439
14339615,4.8746343
16147644,4.290122
13574374,5.250758
8922378,4.083918
4358230,3.4343812
18076633,5.025087
4748287,4.596476
4987238,4.4022875
626348,4.3073697
17237486,4.9817405
10257476,5.057147
159815,4.9834557
9629923,4.2787724
14085322,5.0632997
16185088,5.072906
17586632,3.3911104
11087176,4.8940043
5014683,5.256545
6663304,4.2876854
4096559,4.506151
18127310,4.8466525
8817021,5.350066
9917115,5.412372
18006768,4.2306166
8842185,4.495671
18125853,5.6008706
12246823,4.2517614
19587503,4.355248
20581971,5.032536
6346224,5.049932
20502677,4.510969
14824230,4.3040624
15164954,5.1217384
15417373,4.8093004
328693,4.4107113
17963108,4.162703
20994256,4.369767
18296407,5.3108263
990249,4.540264
13223932,4.6133556
10086969,4.7537227
3522513,4.14922
801699,4.0108447
11972833,4.554239
12194415,5.0128245
7160363,5.019981
4251260,5.057582
17387709,4.2312436
17609382,4.3573484
5955860,4.1423535
15370140,4.2253613
16570490,3.8608074
16692720,5.0046253
18154051,4.830415
9146854,3.9520996
7803828,4.418814
15756238,5.11999
926087,6.1527905
19408620,4.9349465
16726970,4.218496
9524033,4.4057403
9897689,4.8007216
18181951,3.6333818
19416515,4.13671
15889765,5.113307
385853,4.3529787
14774105,4.5706787
4120182,4.4705086
7125463,4.6577554
15841135,5.3461704
19877847,4.8994193
5242017,4.1741333
19011949,5.4015913
16142154,4.801252
4861422,5.098279
17482585,4.6500106
19981972,4.896856
3798874,4.981987
11344750,5.168533
14987334,4.3753695
11626038,5.3488407
19359301,5.2357802
21010005,4.4619284
16031786,4.1412864
3961094,4.123102
1390712,6.2622337
6724355,4.839001
9704912,5.097587
18613150,5.162548
17075046,5.4087596
5447434,4.0595603
8408326,4.2523212
749979,4.500858
4638442,4.167295
8195409,5.549099
13685093,6.2054276
10289124,4.9126034
13042129,4.531113
16288361,4.151496
14630055,6.4075503
17617875,4.896612
10459888,3.5141275
15534374,5.4148064
14773256,4.843512
11800404,4.4321504
12115833,4.5366087
12134920,4.864729
17922433,4.4672933
4632128,5.197161
11376382,4.221194
14599247,6.405348
19590313,4.279997
6870879,4.3666763
6729674,4.61853
5114143,4.473869
2803981,4.7215896
14432032,3.9294815
2089370,3.9619098
11966623,4.3152075
16184845,4.2705936
3394127,4.9218535
134015,5.750559
1163946,5.040917
4064397,4.382701
13754002,5.010055
9249597,4.332112
13375177,4.5251217
20786761,5.225153
12778383,5.4934416
16290048,4.5009766
13993046,4.442897
16437118,4.3816395
2257488,5.3957067
20162513,5.104045
4986968,4.3682013
14420444,4.139364
12872197,4.305393
13476104,5.0703106
15979823,4.8310833
7224028,5.2360697
13733766,4.9268465
14117917,4.865266
20673848,5.1367416
13410813,4.172843
19223681,4.957209
15289095,4.5029345
2101644,5.1248646
6033498,3.9782715
19078000,5.245034
19430239,4.902945
16015772,5.007165
20931488,5.4940658
10411427,4.6668353
1110787,4.948326
6354166,4.5109625
16720677,4.5244217
10542403,4.38288
16930371,6.0591474
2102478,6.203908
4925003,4.8571687
15039381,5.194157
14946692,4.8712687
7337646,5.269195
7639841,5.8288965
13669391,4.5339427
16353562,4.84423
15657579,4.652232
13037692,4.72636
14843458,4.420186
18912958,5.4416037
3978092,6.508357
13911043,4.5342846
14821064,5.7414675
14670675,7.1905494
16393079,5.328897
284165,4.596265
20941420,5.037453
17000226,4.8249955
17296151,4.639499
11146878,5.0016017
13494095,4.6742573
18196200,4.7450213
17534619,4.104142
684707,6.1522465
9826081,5.0486746
20436075,5.0686994
19910666,4.5568514
13586990,4.3262095
103161,5.2680554
19936586,4.168155
1728497,4.2302814
20757371,4.2268486
16812602,6.085691
5642436,5.165535
1869965,5.23039
20195423,4.919914
6638446,5.210618
15882438,4.8828497
5874837,4.3041835
975453,4.8463974
6264072,4.484335
14028099,4.259967
20633679,5.273015
15114807,5.1216598
18527304,5.1560154
20708503,5.425189
3739167,4.267993
10458716,5.847943
2918764,5.0291142
2516523,5.518907
13980926,5.0475483
15161227,3.9782586
17814532,5.0347867
18070387,5.5243263
12087785,5.141274
11605983,4.466102
17314818,5.057868
18841687,4.2670083
15723034,3.849625
747344,5.740995
13911984,4.8673377
3486122,4.3927164
18476381,4.121966
4122050,4.4384837
17318442,4.092351
11778351,5.0788927
14252531,4.3372927
18811582,5.0256543
7698024,4.9581227
17559874,5.193586
5640606,4.396995
16646479,5.0193133
20946637,4.4757056
4847977,5.8709936
17348982,3.0710242
15508085,5.4248447
12674423,4.2795506
17047657,4.291322
10001629,4.3789597
17515059,5.106139
4847312,4.310285
13956153,5.806133
7034354,4.204135
16382718,5.135834
19101415,5.010214
9825387,3.9158635
2105714,5.0336843
18926057,5.8223314
1515659,3.9986665
20134351,3.8662243
18737641,4.867081
13962386,4.2172914
6359812,4.2618823
4746356,5.297198
3891093,4.466359
610655,5.3958077
11742647,4.308367
17939748,4.154625
7217382,4.510554
19801466,4.84008
15780910,4.2896276
13655368,4.942084
16635660,5.322842
6544899,4.5491257
19264842,5.8085394
17447886,5.709198
16425837,5.0033326
2464673,5.365379
7124097,4.4378552
16381134,5.220721
18180500,4.751285
1515678,5.012646
18649210,4.5731626
14012748,5.516941
18375925,5.079345
9512419,5.4189444
16832046,5.058075
12356779,4.4361167
11422935,4.941091
7417270,4.3543315
18518270,4.348217
20647654,4.760241
15998452,4.5839896
10656597,6.1466346
16229583,4.7973757
16490903,5.6687984
236831,4.156791
15745269,5.2734876
12169411,4.5637374
8737068,4.038344
14669324,4.7398024
12849389,5.322129
5218542,5.432254
15085512,3.734106
17031843,4.266534
18196150,4.798632
4621618,4.0857773
8939111,5.0246744
16586315,5.1471186
700798,4.0390625
14604989,4.0468516
9971487,4.4108663
17281599,5.206274
890855,4.380306
15150460,4.684659
16547425,4.5884686
9030129,4.203062
17718243,4.2743278
20180282,4.1320405
7159227,5.424387
7869617,3.5895164
13560820,3.571142
1944976,4.8618345
5838962,4.252396
11818137,5.31625
2120072,5.221973
1523892,4.2051077
15615612,5.5515146
17554654,4.685263
12308291,4.064625
5794047,4.6065097
9079538,4.5725355
20833958,4.0656223
334339,4.174417
2396125,4.8839097
13434493,4.526781
11751916,4.752834
16918135,4.32143
20983193,5.1609793
12175297,4.033813
14274809,5.1428623
6032855,3.9976907
13466842,4.5763874
7741566,4.6657033
17210424,6.420694
8520228,4.4596033
18180377,4.306358
523123,4.0332537
13222709,5.004853
13006671,5.079362
15454112,5.594751
6200842,4.593167
4952989,4.1265798
11040458,4.931069
15101514,4.303302
14321176,4.470167
9575915,4.409246
13019351,4.762496
13554710,4.508148
14860004,5.548075
3859718,5.026608
16181636,5.886416
17639602,5.3713765
3908406,4.114395
10130963,5.175495
16739176,4.6045227
16405741,4.5545826
14013318,4.4318795
16155397,4.569648
867721,4.28908
9597422,4.8193035
4632906,5.446815
6493288,5.0954666
13880742,4.7221093
805312,4.3035145
7405161,4.862475
3311821,4.5043297
16727327,5.585476
1006697,4.3280673
15375254,5.767783
16442423,5.0111876
197948,5.11501
18413446,4.8597293
4815886,4.3488274
8327078,4.583752
13037953,4.920891
16269420,4.095226
12709271,4.126515
4872824,4.217393
18225085,4.331391
19365066,3.6719317
6971926,4.4790087
2670786,5.825117
5834173,4.402648
18562563,4.280714
10393663,4.0261855
20330822,5.193558
2177264,5.9960318
9561630,4.6283956
4293361,4.5205636
3762842,5.5962043
6292261,4.7564063
18190203,4.024913
14027110,4.0706296
19531940,4.2198224
18141384,4.879767
8291646,5.403513
16793442,5.076811
6925594,5.391479
12184142,4.939001
16498719,4.7691374
760539,4.2534423
2220431,4.9782634
6662241,5.2894564
16368228,5.3489647
13577416,4.371864
7308857,4.6725144
13249788,5.8262877
8626799,5.139281
17710717,4.97406
1960752,4.077214
7701360,4.2994504
219526,4.8678694
7003543,4.9295726
16040229,4.9756193
1164237,4.4991207
16442324,4.8944354
21012137,5.022718
7713437,5.029512
10116440,5.509569
3079305,3.9288428
13167311,5.1754217
13639457,5.8485556
1502018,4.96848
12011525,5.014734
18655815,4.099027
4736562,6.228967
14450634,4.0682893
13923255,5.1243863
2071420,4.5408335
15855624,4.252811
5455293,4.4405947
15469393,4.316989
14857315,4.2942243
8438267,6.141551
12560110,5.2432885
16568469,4.353081
11771598,5.9380436
16236450,5.513698
6973292,5.543754
1619942,5.385507
9766331,3.9715211
20443029,4.990025
3122731,4.363743
9304861,4.997413
10453452,4.4020877
20655709,4.9167128
13749865,3.9798417
6328186,4.484195
18668322,4.3688273
8941082,5.817142
8240762,4.398297
14943350,5.0905867
19226278,4.2919655
12024261,5.668888
19261720,5.209366
8404499,5.0384617
16709261,4.455251
8571635,5.0049286
13432785,4.2490563
9728011,3.8699052
12519903,4.7527814
16112663,5.4648275
10771754,4.3106914
8401997,4.180031
8014287,4.249415
17820947,4.9418173
18305649,5.1888056
2320027,4.534652
6514826,5.413254
16476836,5.386766
10883053,4.2868476
4082293,4.353223
8118084,3.6548207
16310798,4.712395
7382085,5.008949
18138995,4.2918344
8941192,4.7879434
20981168,4.9274445
16725012,4.1358304
4976848,4.8327537
5593679,4.2310247
10972560,4.1896825
12626567,5.2579827
1614544,3.385358
17239490,4.8437347
20073341,5.1280284
6015995,5.1515493
141984,4.0882564
13426752,5.769862
4710315,4.9714446
4917748,4.6518054
6871221,4.4844
1115394,5.125087
17242854,6.017331
4393563,4.425213
19014000,4.3230243
17794427,4.9444475
18421212,5.5420117
2909298,4.3229494
14424793,4.283961
17551632,4.224192
8922938,5.948341
9737390,3.9987814
9072072,4.996776
8034942,5.0354476
8521307,5.0088677
337708,4.879797
1157084,4.3709393
686485,6.2037215
11530884,5.635115
16191197,4.2912574
4301222,5.301485
7801269,4.24654
14931156,5.9406877
15935211,5.19247
15098189,5.12093
11223247,6.182383
17638339,3.3386114
4082823,5.718806
12436342,5.215652
4802374,5.0613513
9541921,4.4337263
14822234,4.894541
14947793,3.9516187
17445055,4.858799
4984869,5.6375184
12742256,4.863576
12008019,4.518909
15161725,4.609487
18124218,5.2698107
9813708,4.2451243
8720710,4.5135617
10579388,5.782232
911156,5.949117
14228589,4.270713
1969383,4.0992074
19624109,4.2117286
1879762,4.956274
15900226,4.8756175
4233705,4.371483
16120533,5.108695
3692566,4.4167223
7805188,4.6727977
16690490,4.2349863
16019409,4.3854356
912721,5.0260386
12947439,6.163282
3644037,4.2527823
16780398,5.0948267
11833497,3.911021
7406984,5.142055
15084905,5.013587
18617774,4.3952923
15988695,5.527552
9511120,5.789799
505231,4.2182693
9958442,4.893757
20625135,4.9048667
9260590,4.8093867
16570682,4.4610267
17650615,6.4929037
2801140,4.9117103
1173115,4.778281
212202,4.98689
246351,5.0247545
3103596,4.391669
11575586,4.4648337
13418256,5.7931085
721762,5.753632
3377100,4.345991
2263105,4.669621
10015050,4.026655
7717785,5.561414
2677798,4.4907026
13201628,4.409013
16065247,4.3906016
17318814,4.39518
12812461,4.9099727
4807244,4.5242157
5569302,5.464319
6412221,4.766764
18521414,4.758165
10889013,4.099461
15721376,4.2302756
7665374,4.7050443
6480967,4.901286
261259,5.2855096
16985521,4.782242
5695566,5.1556497
20164290,4.6387343
16036654,4.2368608
18504861,4.2998037
15904176,4.408202
4792748,4.42957
172193,4.9892845
17603782,5.367984
1806966,4.379143
18343134,5.062574
1209959,4.5284615
15486470,4.0619555
19781588,4.782846
18176258,4.3145547
3894691,4.875767
19001284,4.1337433
20364240,4.928153
19270254,4.3485875
12829864,4.8785048
12972378,5.130824
787593,4.087124
6475031,4.550968
19101115,4.863483
10748094,5.4668803
7280690,3.9914095
7969111,5.6743927
6443330,5.1716337
11830682,4.2795634
16805654,4.3398066
14947188,4.353643
18096865,5.1740794
17153588,4.5134134
15735794,4.5438576
19117488,4.5953627
7547783,4.7961745
10040506,4.4216523
16310732,5.7906804
16928186,4.964236
9281947,5.1227427
18733017,5.038861
16781244,4.612366
16998200,5.8357697
4662638,4.6429462
12231254,5.197768
1087638,4.1733804
18960988,4.8707995
10390370,4.249566
106052,4.9203196
16407022,4.9220476
18228187,4.267585
16310046,5.915719
16066805,4.2680273
1665692,4.094861
14074139,4.2087355
15799526,4.8742523
8881728,5.351932
10212686,5.0642633
16814933,4.993286
4291654,4.316713
9954642,5.0196066
13249213,4.03715
16705194,4.315836
15832630,4.247041
11297242,5.020798
4387429,4.4052534
19946354,4.366316
21066611,5.42577
16418356,5.241048
4152366,3.995477
14059200,4.111572
14170332,4.464862
18226835,5.306922
1223533,5.0108566
7463586,4.6717944
1141888,4.434789
21127460,4.796581
28342,4.468527
14362227,5.1357307
8133672,4.6376147
7983761,4.7283854
16813360,5.8908153
6288784,4.863959
16813891,4.303729
16190672,4.5106025
17732551,4.3619576
16427473,4.30662
13130744,4.292138
13298163,4.7624164
20195711,5.2181773
18137221,5.59941
964630,4.127336
14948905,3.9498973
5004959,4.5148854
8505781,4.448347
199480,4.176939
7664809,4.520267
17348379,4.290201
12932198,4.1696763
10729454,4.3732386
19111535,5.3649855
1356200,4.2243743
9825135,4.3246245
378790,4.6280622
15857150,4.3948283
20151381,4.148757
11301550,4.243624
20523515,4.0500917
16793577,4.2768664
2485482,5.0561924
13771957,4.640061
7022643,4.5375824
8013780,4.964651
5277021,5.437797
14553446,5.0407386
11769309,5.5322757
15525006,6.143836
8325720,4.366345
13700820,5.206291
641439,4.516006
17882217,5.0500546
15346127,4.2402143
15969162,4.391632
5105516,4.6017504
20234791,4.363312
12567482,4.985365
13772008,5.2506685
7665210,4.4576583
15363677,5.1614866
14535504,5.2375684
7913699,5.6343436
16882315,6.062194
10469388,4.999113
13855063,5.426571
10413838,4.5377536
20235301,5.2239547
6690605,4.814364
4440059,4.2429485
20827698,4.9527087
15923366,5.171497
8761451,4.8896184
221502,3.977119
13961676,4.1026278
16283324,4.2749815
1240726,3.7395537
3710436,5.038733
15790644,5.022774
13076823,4.3674955
19005408,4.234306
4516791,5.0496383
18262906,4.366352
8966869,5.5986485
2166670,5.5191746
20901170,4.3101854
18738590,4.383385
6145605,5.0813184
16095270,4.781328
8684344,4.4732614
9911083,5.086082
16726170,3.9440002
20383096,5.4609466
6469136,4.4491954
19912256,4.422807
757797,4.358592
18194986,4.5862904
14209537,5.045902
6317446,4.9452167
15662488,5.493623
6268525,4.302322
14038339,4.3656178
11190675,5.70485
10035950,4.862102
7665764,5.141795
19071982,4.514126
6885816,5.1586504
12928093,4.7031198
20324780,5.3019166
17760334,4.889211
7968983,4.683247
17340703,5.1963515
7149332,4.600987
15868949,4.388267
15742847,4.1512146
7729074,4.531826
17554794,4.454686
19290091,4.990349
988249,4.222037
18488815,5.392436
16756920,4.9197206
382524,4.219306
18196860,4.504593
4497935,3.777885
13151270,3.8861985
3861083,5.730313
14502437,3.6099277
9301041,5.473784
15951821,4.1987467
15494288,4.250632
13891088,4.220045
6509338,5.377982
5785467,5.1657724
1340982,4.3366156
15662178,5.3946595
18567800,4.5174336
8308630,5.12189
14263297,4.8434787
6867325,5.3512897
13328559,4.678761
14000048,4.2631874
18547083,3.9120193
4105803,4.4944916
16315379,4.2242174
15747500,4.471843
1716626,4.754043
14944917,4.4031954
15815620,5.308268
13991050,4.1768184
13808,3.9454522
13863034,4.9310336
12815173,5.0426683
20722716,4.413835
16083534,4.5107074
463755,5.2182174
15394983,4.533614
13250660,4.316049
15072673,4.1963153
15904469,4.9635205
483353,5.6266503
6436433,4.7795362
2072697,4.8986726
3987599,4.142831
18499074,4.056745
54694,5.8377247
5396325,4.365105
21139997,4.713033
4395384,4.396203
18464150,5.052288
20483621,5.3626
8055371,4.6777554
16331292,4.394312
15052112,5.5975356
17652172,5.5275955
14050721,4.363204
20742767,4.63052
14051865,5.1788445
17846937,5.1798444
6389715,3.8984172
4351015,6.0786004
13450321,5.524941
4861497,4.362366
6199643,5.1626487
2268549,5.7292295
14709182,4.9570765
11159558,4.3852153
14672035,4.351452
18639278,4.746534
3642325,5.1418447
7928979,3.0413747
1294894,4.620647
1086168,6.2494383
19099720,6.5574193
17865137,4.2550306
17711926,4.393859
19385288,4.3697495
19413966,4.5084314
12937,4.6748824
16707813,5.5810823
13298008,4.708313
8084290,6.0917764
3028924,5.793518
4269254,4.195944
5604005,4.213805
6493325,4.87414
16191967,5.0476675
14959164,4.3159323
14627950,5.447162
16150215,5.767257
4824631,4.991269
12714144,4.7915783
18491286,5.0879717
285691,4.2974215
18840848,4.0514784
8813968,4.4940453
10415142,4.688577
12135829,4.5771236
20225422,4.3862925
18975570,5.6320143
7697256,4.3562036
16507988,3.9122672
4407026,4.9715915
15717864,5.478912
5512274,4.825794
228277,4.4883814
9282872,3.975382
13313562,4.566671
1154506,5.436504
15986856,4.3994913
13824546,5.025405
11912326,4.9080834
19101306,4.2318316
15287023,4.2765684
14620578,4.8536158
12346131,4.911336
4109600,4.3676014
7086539,5.2822375
10788165,4.2250743
13659914,4.1538606
19902776,4.6935015
8632393,5.137432
17236500,4.67506
11591497,4.8995028
4823291,5.6889477
18025060,4.324857
9677034,5.0570884
14571451,4.8848495
14300168,4.4078813
21009219,4.3089457
4983264,5.1742706
91758,4.7372823
11127439,4.3470984
15868258,4.202031
15246976,4.475893
16792016,6.209482
651375,4.936743
6379109,5.5117445
10676471,4.5266128
10100923,4.668616
2412916,4.658508
15127414,4.622049
3932334,5.6199107
16312536,5.0047097
2368419,4.639477
10801360,5.025193
1323042,4.8860292
3832932,5.5089927
20269656,4.082707
15618172,4.7454796
12682935,4.937338
9601880,4.9128757
427971,4.904909
16032811,4.724471
8763643,4.8029633
9504043,6.1287117
6577229,6.0658517
16999518,5.591588
18025200,4.9974136
5592797,4.91293
3662153,4.043796
8507219,5.669601
12497140,4.3691974
18377950,5.561312
17278544,5.056491
12704353,4.442693
13811034,5.1474667
138681,4.605553
11701611,5.395579
7482448,4.332259
7435945,5.5496316
11016541,4.6038585
4973520,4.451828
9817796,4.1640854
11088008,4.244142
13134263,4.4693184
14421605,4.131215
15194332,6.792359
8419348,4.328247
992596,5.413798
1518302,4.4077377
18342707,4.8026166
6582117,5.487292
2663296,4.1726465
18036367,3.9664984
20218214,4.20064
4403891,5.326619
20450486,4.91459
8683685,5.1089425
21174623,4.3116207
2314406,4.794879
19715921,4.4127502
5512548,4.925124
15162586,5.396827
6141561,4.640919
6033311,6.328905
11300567,5.3781443
1130855,5.081814
7603074,4.5281653
10729951,4.3424487
14733932,4.6631002
4173017,4.9352193
17978147,5.2132483
15165071,5.574358
20283169,4.3081264
15697739,4.319524
19592719,4.76367
13622454,4.596657
19930485,4.3150907
4053258,4.4744205
6940354,5.3234143
242643,4.085247
6121300,5.8946786
14109485,4.1153955
1281023,4.8076143
10561603,4.686033
798957,4.59105
19589824,4.809546
19844473,4.078489
4261784,4.5578847
11146432,5.0656605
15376619,5.2673874
7219121,4.2946744
16114034,5.19625
700916,5.3399043
3133266,4.4419155
16971992,4.332909
3476263,4.1420107
17596634,4.771041
14429754,5.115848
10098262,6.5253954
5236904,4.5643744
4002,4.319873
13623671,4.9431057
7548596,4.993727
9887585,4.5895743
11478990,3.661839
16498014,4.3302817
1818214,4.102744
16425115,4.903766
15861653,4.4434867
13247565,5.437944
4820071,5.221005
9563873,4.274673
7547439,4.7030315
8088720,4.8691015
18649976,4.0909705
6626810,5.1165104
12602408,5.0805273
8712682,4.690603
16181039,4.91008
2057326,5.7586613
15604860,5.0615845
3424106,5.0581746
5160242,5.4059353
13446124,5.061854
20333200,4.4313407
9951590,4.663551
12287958,4.698558
15058384,4.998416
3517645,4.6461196
7397155,4.3125973
5561046,5.7606397
268549,4.190424
9256506,5.1580763
20204802,4.325944
19823445,4.7738576
10754087,5.1329007
9770249,4.493931
17637140,4.192375
19842407,4.9914713
11508033,4.6427546
20480983,5.2209826
5638447,4.191756
16077352,4.4371533
11436834,3.835545
17979600,4.2829547
16122617,4.820119
7718075,4.7338343
2117415,4.4841485
18805227,4.5003495
7618925,4.711212
19803437,4.292454
13168302,6.6446247
13220720,4.545745
17421659,4.17055
16334946,4.8925066
13863927,4.528963
15508035,5.106977
17238472,4.692441
1423375,5.177696
15138243,4.860718
13428574,4.6274495
5228280,6.446328
15018646,4.6202264
5992989,5.1094456
4785521,5.0040455
11294566,5.3119416
13674854,4.951049
7940010,4.3118916
13031854,5.5758433
84417,5.578482
19141506,4.2399216
19544404,4.2885933
17084304,4.147458
15266764,4.3919654
17187969,4.8012676
843712,4.9608364
19484105,4.7275043
12864158,4.0558205
18784575,4.1095905
6399885,4.3013954
18411595,4.1873565
15053949,5.5941296
20571653,5.181563
9277581,4.983315
14123638,4.8228416
10515317,4.930718
21040000,5.3364367
16154699,4.883507
20300137,4.012126
8604838,4.526475
14902428,5.064389
14789270,5.357257
8014683,3.4781382
20960666,5.0729647
17117146,4.397038
6246010,4.2889237
13547722,4.321531
15181071,4.001771
1728853,4.570005
6956327,5.0509353
20552372,5.3014417
17544692,5.2573757
14730093,4.247559
10108385,4.32709
115678,5.179749
4902365,4.416673
5851586,6.4579844
2479036,4.473353
1781697,5.0308104
10344740,4.4374866
8401088,4.2127676
18396070,4.7611127
14369177,4.4568586
13729862,4.7072845
18122550,4.9096904
3831,5.36574
6993958,6.087774
8144992,4.614136
10865192,4.212954
20067,3.9734602
13788610,6.418467
14773215,4.5547256
16738648,4.6734796
7180020,4.211505
15999289,4.3658032
778520,4.2356167
18181848,4.4678507
14595984,4.174103
15769652,4.451803
4725251,4.893224
9540114,5.8525295
15156627,4.236868
1928961,4.576596
962045,4.483453
4567815,4.7945995
13621242,4.812947
13398011,5.189658
15420623,4.492292
19440004,5.144658
15266217,4.4500704
1475631,5.566006
10231294,4.371902
10514879,5.4410086
2533733,4.180742
7659968,4.106751
6005910,4.888846
17780857,4.257961
12147636,5.317657
10090801,5.0490255
5211190,4.1710143
1065682,6.09605
8069112,4.0173106
9043885,5.1442294
19803002,5.6207294
9122590,4.190581
13372219,6.114479
4897595,5.5696425
9950115,4.7969637
15771327,4.4704266
16004081,5.9701767
13327656,4.7502007
11373407,4.32999
14094485,5.31386
18544745,4.58377
18778262,4.220454
7636406,4.953029
4704939,5.3697643
21039910,4.9811544
20979364,4.3380036
18091991,4.454921
12541764,4.207001
16671880,5.361913
7245413,4.9836287
18474596,4.554738
16706877,4.9100914
13494185,4.951048
6748124,4.862404
5801640,4.7443337
18609316,4.1697493
3112872,4.547383
3712689,5.4711747
3874870,4.3643374
4076809,4.3447556
19154108,5.232642
15114493,4.382762
16190811,4.264074
6611380,4.8833995
14353375,4.2706857
15232909,4.1383348
12971215,4.945669
4624582,3.9557614
4025357,4.2777243
13899012,5.0698843
4070025,5.0433116
7327833,4.047254
8739642,4.346071
7842397,4.2188454
13226896,5.619955
13957499,4.359962
20147886,4.234777
20503443,4.130551
4803406,4.245796
17252944,4.6094484
16694573,4.8513527
17287731,4.442266
7912908,4.140093
18737235,5.1456137
14450268,4.1550317
9609246,5.532798
54453,4.9908075
3143838,4.1410637
6635849,5.1242337
18159292,5.0237274
18311504,4.694263
18717913,3.9177797
284855,4.2340503
14651268,4.8343625
13883093,4.5553746
19883952,5.2017417
16405789,4.8534684
15453452,5.035518
8201629,5.694457
8664248,4.189958
37466,5.6803045
17992509,4.377884
14883431,4.364598
10789325,4.8137407
14538023,5.5307956
9146709,4.240174
10193005,4.3799667
479402,5.185136
19696952,5.241434
17604859,5.200864
19980277,3.8605769
17096623,4.6802444
18959328,4.991252
17028480,5.3030977
6979021,4.1270094
10407748,4.3456454
9495238,4.139058
13726629,4.809077
20873575,5.264814
16400753,4.1520524
19847012,4.1340547
19093566,4.924481
16810544,4.246353
13436258,4.2818947
8864262,4.1718254
14668276,4.323477
11345707,6.205554
15784150,4.9432664
2018602,4.911837
4924590,5.3889766
4869988,4.9059486
10967698,4.0878
16429385,6.014436
19017889,5.430814
14040844,4.532402
1534717,5.0579348
7664939,3.485479
12685643,3.72972
6155072,4.9898148
16324217,3.962986
20957905,5.4547253
5317789,4.244928
15836515,3.8930652
10293480,4.9760466
2197673,4.289773
2685701,4.209262
10364566,4.384381
21094349,5.839328
10368509,4.6024823
18489510,4.946556
12365899,4.917366
14507693,5.278731
11283386,6.259047
19190170,5.305075
966104,5.129041
7887979,5.046504
10186688,5.167181
11740802,5.675683
16685246,5.760249
9758378,4.562665
4985299,5.295884
12569216,4.9599257
10937904,4.3654284
3474011,4.851993
5110224,4.382529
13961352,4.17824
15376744,4.1078634
18077828,5.95477
12399984,5.3878717
17303808,6.4248796
19713169,4.9361544
4901020,4.5551414
16339175,4.7762117
10300392,4.3003125
16312874,5.0573807
18488648,4.6650863
8071687,4.30288
13495459,5.048425
19429202,5.1797237
11756364,6.201061
13914785,5.5969644
7470216,4.9827633
14314562,4.9034386
9078998,4.1804595
12950979,4.4836426
18431451,4.46724
20816621,5.04413
15957549,5.479715
521516,5.1987615
3708548,4.749887
20320290,4.229977
19332287,4.2625017
10905801,4.823612
4520661,4.881323
4157431,4.3094063
17096028,6.135204
2128052,5.102097
16177678,4.0778527
16858141,4.7836905
16111651,4.9709597
19192689,5.2696176
4077744,5.4714236
20321714,5.028846
17593467,4.964839
11531324,4.281404
10186477,4.373758
17510907,5.03878
8907617,4.2653093
2440020,4.167327
2282085,4.3987465
4280118,3.901339
5919184,5.1639
17300316,5.264892
18636064,5.7443905
9542976,5.5119915
8987462,4.9019947
18649786,4.3311863
11256610,4.0237427
15196542,4.2807603
14948032,4.261814
10151174,4.604443
34000,4.368181
4907206,5.1498084
12712570,5.1601458
728585,4.4373474
7914129,4.75154
3242622,5.171181
18928562,4.6077986
20848752,5.234414
2708262,5.396164
12249461,4.335929
6316976,4.8727636
3661168,4.655249
17592825,4.3086452
4050765,5.0075555
3651300,4.419931
19122134,4.8440413
19266147,4.200616
15532499,5.3915615
13590080,4.3732333
13749278,4.779716
12851607,4.4063005
10024269,3.5846183
6402712,5.23556
6799539,4.4743705
12709938,4.818772
18330871,5.386731
9487937,4.9709654
16580175,6.2484493
16135748,4.3637543
15124883,4.144986
14139082,6.7680993
19953532,4.398928
18007671,4.8040257
6072767,4.7089243
12826361,5.684113
6054194,4.380829
1107299,3.9469857
14242888,4.6063995
13648548,4.697306
4967272,4.8685646
14396094,4.1996636
15196704,4.4007664
10516044,4.803359
5201068,5.8732243
20785273,6.187891
3182652,4.3352904
16086759,4.335526
12324758,4.0618443
13247463,4.0496073
16556579,5.676685
13770780,4.4474263
8352853,5.1817164
11662212,5.91415
18611565,4.9445176
11692704,4.176939
3361558,4.33527
10886532,4.7369657
3986991,4.8072968
14041036,4.4443316
1277955,4.6456604
1510906,3.810259
17271427,4.2323422
17554656,4.4248333
16572428,4.3813314
1270324,4.9194794
9921886,4.368439
1939655,4.7078176
12345672,5.4917116
13617047,5.3714147
3102139,4.2745457
15701479,5.13822
8420533,5.516793
4277846,5.523028
18719421,3.4736063
10930490,4.9169555
6730602,4.44117
4165278,4.6250653
12135691,4.136897
1863279,4.354761
13445027,4.321928
8099249,4.744737
753761,4.1927624
6822921,5.246267
17191052,4.1718383
7275273,4.8217134
14221294,5.0598316
13169181,6.01151
89427,4.5332346
14359799,4.0159216
17384377,5.393878
1280412,4.065624
18274764,4.1760716
13901477,3.9147453
18543400,4.3235855
17975014,5.0378857
17665148,4.579504
4423814,5.0252366
13055000,4.0554056
1824965,5.3737197
19656924,5.1385384
7244258,5.051068
652882,4.2017655
16087679,4.930492
6033970,4.170049
1370927,4.278689
9339734,4.354916
16191241,4.867085
19453533,4.0944605
917102,5.184658
18560321,4.347556
8539956,4.947996
15584456,5.1793756
20237485,4.927424
10014571,4.6927457
15203372,5.0470653
10920578,5.711716
19242128,4.708412
14089748,4.280175
13562013,4.9659643
12356873,4.1187253
15509470,4.8100367
16004977,6.5278573
16340798,5.549468
7696843,5.2439814
2356562,4.6615644
6884509,4.072285
15484398,4.6905265
18617586,4.8526063
15644644,4.668508
420001,5.046555
20073427,5.0997024
16322481,4.501988
14714645,4.3636355
18076117,4.420097
11861063,5.38378
10107155,4.456502
17558802,5.3622813
18025927,4.647933
11373510,4.5156665
5152321,4.74962
20670534,4.351114
3664953,4.3812933
8648818,4.485833
13580835,5.469503
2094250,4.9715967
16398079,4.3796535
6091945,6.2228456
17900683,4.5316358
12094266,4.9254827
15784918,4.3457694
11335847,5.1833944
8646903,4.8076134
16275886,4.9740224
15501889,4.5290613
16813000,4.6656117
9753165,5.8024364
23363,5.57383
18476252,5.9005327
2366509,4.920031
13644370,4.7016973
14024180,3.894849
11608489,4.183807
14219541,4.023302
14961073,5.162644
20009856,5.8579564
18892465,4.8013535
14574198,4.54984
18080117,4.327504
16900951,6.116694
9243093,5.2210283
18037270,4.945346
7361763,4.5799613
16043202,4.8768516
19655359,5.021696
568874,4.290434
4879727,4.0613112
12864508,4.2127304
17320280,5.5681024
13940713,5.963718
18520554,5.9519186
399946,4.7556767
15522134,5.207086
16314114,4.2481537
8148031,4.542019
10749998,4.959394
16724525,3.3586025
604204,4.083815
1465335,5.9173284
12253343,4.382924
602036,4.2406764
13770680,5.437456
15148551,4.6894894
14870364,5.8427353
9030119,4.955132
1138052,4.443837
20285715,4.214209
14946599,4.76261
9597031,4.1550293
16364879,4.297935
14322678,4.242519
13427044,4.9602
4593609,4.644744
1324467,5.237523
5627396,4.298579
15874299,4.7654834
20875857,6.0320435
2082328,5.1184793
18213280,4.6516476
13282180,5.171366
11800968,4.4874063
7535788,4.9208603
7435577,4.7507067
16379917,4.9689174
11680306,4.257065
16351045,5.8603487
6225968,5.349576
18796195,5.129387
9277635,3.9625607
14767159,5.0038314
16453238,5.03238
4436703,4.876023
9532048,5.310661
15437506,5.021325
11922333,4.2416234
6435498,4.2115564
16693638,4.814425
12230289,4.9557843
3586141,4.579062
5278739,5.829697
12271247,4.99548
17809649,4.8385034
2203154,5.151698
8941317,4.1599326
6577697,3.9480584
5153022,5.190589
14946743,5.8671613
20406627,4.889561
328988,5.186726
13031663,4.271678
20277675,4.2600803
6260442,4.490517
5049541,4.295127
13491473,5.0813336
16040602,4.8835354
13731015,4.7409844
51533,4.277256
10222998,4.084079
12969857,4.9584093
11188059,4.89398
2154686,5.177482
14869306,5.1211796
16465534,4.3857894
11046443,4.356924
12135364,4.2754784
14744425,4.7474675
14713170,4.9829087
8308059,5.1143208
12522024,5.393267
9376,4.801109
16964513,4.9285145
1763699,4.6896734
1083256,3.9384046
19386444,5.477663
17367151,4.036748
13567393,4.4543867
1205516,4.300739
16086949,4.6429367
5750298,4.8064528
15399516,4.4015694
14661973,4.5966625
618477,5.6699696
15009556,5.226984
133910,5.4643364
14872031,4.622275
3771845,3.922359
16847127,4.276715
13204320,5.0394845
17978765,4.794943
16163323,4.4152718
3308460,5.149719
15884479,5.2264633
4243896,5.322834
3751630,4.520496
5432930,5.2642336
5558823,4.408138
10052920,4.371087
8922699,4.520927
5205377,4.6181607
561769,4.076201
18053271,6.1308737
8701573,4.0399227
16352966,5.3167844
14469747,4.9775753
19980048,5.190591
16838101,5.813473
5328459,4.1130004
14485372,5.618466
142069,4.750647
6578356,4.619321
16491507,5.274733
11802754,5.039861
10501572,4.961499
14991454,4.945508
5041165,5.1013503
18923308,4.5096626
3219614,5.06242
16230169,3.9687943
13870622,4.638982
17070849,4.926635
5606587,4.8222127
801387,5.2223926
13437296,4.1901093
16058787,5.2461424
12884194,5.432587
5465360,3.5516078
8272749,5.1754
20582993,5.2614617
4586065,4.7994227
16629299,5.179565
8953625,4.4334598
20533260,5.0437007
18784150,4.642698
8797061,4.1895475
4100790,4.861318
2546363,4.123308
15021484,4.304043
5631470,5.296557
5126039,4.496127
13652374,4.034905
4446003,4.714409
685364,4.4430428
20264910,6.589573
20421944,4.9335866
12854821,5.086481
20847913,5.3399844
17547336,5.0480347
12904061,4.0843534
9430983,4.123101
1328186,5.027247
16125912,4.186328
18227785,6.142355
6895270,5.0542803
8798499,4.335676
16162521,4.0116835
2660658,5.278707
14121040,4.945143
14967881,4.4554734
19981374,4.0797653
116551,4.1069093
14321560,5.0090966
15360914,4.8403654
8109503,5.8760953
17290622,4.467271
17609785,5.1228237
17193005,4.8567414
13319605,6.429668
3979194,4.9842353
16335101,5.298598
10969673,4.181885
17951580,4.4810557
6188399,3.9588974
12026577,4.8018274
15756479,5.2459254
3011569,4.074219
9028070,4.8143215
19073405,4.188355
9171955,5.080197
11753116,4.2604213
15323157,4.517521
14856378,4.9804287
19019187,5.6310673
13289834,5.727415
18210752,5.2706995
15059273,6.389701
16056317,5.0418224
4767719,5.93746
15982730,4.5014496
1053945,4.9965105
16803176,4.3755155
15338005,5.522586
21119264,4.8624454
14297043,5.7293696
7356030,4.1897593
9318504,4.1934605
8503628,4.64687
1137093,4.706156
19603759,5.2406073
13884992,4.3381896
10693146,5.18628
654279,4.982598
19333253,6.21379
12953158,4.082089
13927922,5.2376323
16613167,3.983166
8488781,4.7355237
3933311,4.3277698
14610718,4.885444
18997233,4.3874416
3946288,4.133514
14235390,5.1699557
17962862,4.5621495
11647490,4.382928
4775737,5.377203
16001441,5.0986276
421431,4.7367563
13825107,4.1378045
8878997,5.79062
10753495,4.3741403
10236389,5.879082
9261523,4.745175
2326253,4.9636216
18469099,4.4991207
11980852,4.1544538
13478903,4.2758784
1142034,4.2163486
932277,4.09556
7858498,5.303436
15872946,4.317438
16796076,3.9984605
4183810,4.8707037
4930683,4.7364426
2560546,4.6458855
17547347,4.2766957
14071817,4.6046667
11722833,4.5925837
1204755,4.278702
16853677,4.727183
21124198,4.1413283
9048374,5.261513
9735841,4.8537903
15385,4.8603663
4465420,4.1510873
5364137,4.564915
14718960,4.2746534
9511685,5.174028
196010,4.509598
13126399,4.662172
4160105,4.471216
4550747,4.1170287
11895033,4.0563884
17347651,4.174404
7008961,4.487051
4589379,4.4024444
5231014,5.6943526
20853,4.198517
1646838,5.3000293
18433449,4.479182
499092,4.2418656
14827566,5.1468406
4098085,5.113023
385657,5.4437876
10165313,5.1394434
8975044,5.8159947
596576,4.9739175
17304849,4.3496327
463042,4.843551
14338690,4.4011235
11968056,5.0317035
915372,4.789876
21172762,4.344414
20864878,4.5682244
6138423,5.0257883
13529171,5.1043916
15486942,4.7736306
13127603,5.529151
12566165,6.165785
13928916,4.920072
6434105,5.063267
183334,4.851077
15799391,6.1835876
8672280,4.5296216
2514272,4.431089
1980197,4.796857
17585869,4.300807
6692014,4.8386602
6610244,4.5501714
4012933,5.1769614
8304582,4.425474
16416330,4.234718
17583036,4.438709
4358956,5.019726
12606724,5.0103574
6444303,4.7771535
3591388,4.2636776
16424378,4.4801316
16722520,4.5205474
19100807,6.5439997
9900885,5.3921256
12866207,5.3818965
8757980,4.91267
10904518,3.8275063
13864861,6.651217
21163530,4.1401577
10155150,4.8542547
14106917,4.3332033
13660207,4.80349
15630557,5.2453494
11737524,4.16628
15650583,4.3645744
6491002,6.0228724
19348868,5.4703517
8918362,4.3741837
17284676,5.317286
17210925,4.897798
6403198,4.2206316
9922289,5.6813664
5384643,5.1540337
17700561,4.307223
10947455,4.1397176
16068953,5.806198
1569396,5.0747013
17685791,5.0870314
13246042,4.3416224
3577167,4.880152
7248110,3.556266
5173986,5.662268
15952447,4.1494665
13952861,4.9037404
21042151,4.4044023
15256150,4.180794
6729568,4.7084355
9776134,4.8714743
14400814,5.4646883
20412298,4.864934
8668701,4.544258
17312365,4.424807
9549280,5.0411944
4787213,4.265556
6882689,4.374055
6738524,5.284143
5164213,4.0011435
16855762,4.2269607
9092903,4.39754
1649760,4.94178
18561252,4.6391597
10226626,4.2625313
15992078,5.6789503
12185367,4.4348416
9388045,4.230121
12904318,4.858498
13315375,4.7749634
18055862,6.0446815
4241558,4.315227
15242218,4.589407
5874326,4.9763565
16443343,3.997655
5655763,4.3833632
13848930,5.70158
16542227,4.817819
13688278,4.624204
10228749,4.665455
14239626,4.065743
66456,5.6973176
13813916,6.164933
4982969,4.884644
1966631,4.9677176
9995828,4.171168
1212045,5.1140103
7632312,4.4573383
17532571,4.2507067
1150084,5.611494
13200447,4.8926415
11412913,3.946495
19366533,5.355795
9043290,4.803407
20423624,5.9715824
152263,5.0908566
8469716,4.487564
17775465,5.7062073
18790004,5.1446447
16477061,5.0127344
6400272,4.90257
5397017,4.265744
15788373,4.0560184
12275281,3.9931371
5093352,4.198753
4085362,4.2349706
19622320,4.6285977
5384971,4.936323
3262842,4.3344946
18656798,3.9744675
15718146,4.3736167
11679128,5.741307
20889423,5.383433
11649561,5.6863914
13769795,4.7945895
16085238,5.141303
17388024,4.287653
14152618,6.165219
6553185,4.705919
16635769,5.1125574
1935826,4.2508297
7864877,4.975862
66340,5.8379874
16829821,4.472774
9310867,4.838919
15146992,4.2361455
16443898,4.294662
17892643,3.8364327
14996256,5.063336
4286181,4.909385
9924172,5.456742
8829761,3.5196629
8132679,5.1334496
7341529,4.3890133
4386598,4.412588
12627769,4.1247797
14165050,5.819192
8848064,4.3373423
900503,5.3285103
16414140,5.0564938
7986398,4.9430194
18840369,5.3555484
6011730,5.1599345
18812493,5.3378015
17748433,5.049533
18652148,4.281688
6000894,4.0307713
4502834,5.2253523
17447635,5.523121
14234291,5.20136
13623188,5.183298
20488907,5.173589
82885,4.1359534
17419253,4.606766
5649623,5.8675556
20085540,5.2895207
3783197,4.276664
8317914,4.775805
14614422,4.510412
12999869,4.961344
16675965,4.0249233
7837952,4.547629
5395116,4.7328987
18004512,4.4309754
9522895,4.2871227
17991480,6.322688
12272478,4.9203205
13859707,5.3825836
6767248,5.0980396
17125057,5.0224795
5769162,5.1771317
4189551,4.4308147
8673754,4.9696827
1467474,4.6810465
3697224,5.6727953
19720613,5.732851
7280999,4.476335
6885767,4.7590985
8921938,5.1227493
19172876,4.24567
13005013,5.107524
18794243,4.369694
10236473,4.9411855
18059853,4.1465163
13152858,4.577457
15867304,5.6268115
19455395,5.506183
18459919,4.956125
15392868,4.9058914
8222831,4.5178475
18179248,4.671566
644464,4.3384233
17376200,4.9912887
18246550,5.092432
6798322,4.889631
13732035,5.292502
4891441,4.998063
16310744,5.9490094
8844402,4.716914
10988680,4.9496193
16026033,4.9368086
17944219,5.170535
10819587,4.531923
16331944,5.879546
15256528,5.507854
10252217,4.4462996
893720,4.4417934
8274931,5.2795086
2629046,4.67259
7386838,4.411126
258865,3.962105
7032396,4.780277
11825175,4.020177
20308654,5.441858
14945527,5.1081147
6776711,4.4793687
3624905,4.506234
13047673,4.89419
13953906,4.101979
13577375,4.2482324
21162200,4.1717076
3808230,5.319838
13312982,5.7114635
7728279,4.3165755
20607519,4.313483
2361652,4.2511997
8898240,4.524891
3256419,5.0413914
14821263,5.10212
12174879,4.7686243
7988156,5.655941
13756069,4.0743246
3946018,4.2575197
13252464,4.130349
9874794,4.1013074
15843955,4.152443
2707819,5.520673
794427,4.2103076
11225664,5.7014413
7871516,5.112953
6051847,3.927962
16600533,5.075707
15059730,5.3270826
270231,4.1735263
18476809,4.1948915
14745471,4.8375306
3897387,4.0909314
2272343,4.881988
14459626,4.553144
433641,5.830622
12254958,3.8766518
6939638,5.1237535
241538,4.7127085
12252035,6.6336484
12651220,5.3468437
3945882,5.752553
14633049,4.798569
2842766,5.4969983
11774332,4.89236
17455952,4.87699
17281922,5.2172055
11680375,4.3748736
14732833,3.4675977
19788253,4.718536
791452,4.8362036
919955,5.4040613
19652739,3.9586816
15237360,6.3154135
13351616,4.200144
9811296,5.0951033
9623722,4.056192
18092175,4.8999934
1676649,4.223132
10595000,5.0526824
16490116,4.3306065
11167381,5.2648697
4430318,5.112036
15086385,5.253159
16782568,4.167071
16025710,5.063434
13675917,5.043284
5647069,4.541062
3907279,4.4271226
6484651,5.2746024
13172868,5.289344
21005699,4.5964475
17376723,5.004771
13717006,5.9298763
13585591,4.6292887
17253265,4.6847534
9145242,4.5279794
14806604,4.670525
18159875,4.9658103
5433287,7.0623913
16666789,4.9013214
9935949,5.660407
20478011,5.099895
15116599,4.181493
21024792,4.273888
16219235,4.582079
4013668,4.283812
16311513,4.4407377
15521939,4.421908
13275334,4.0976925
15356889,4.096711
13779343,5.494515
8126679,5.2631063
3618480,4.3514996
1646368,5.6947007
732779,4.0456095
15859987,4.968431
13654048,5.894087
16486789,5.8064613
15299349,4.083629
15255044,4.760891
20119983,4.160112
15256248,5.0016923
13684217,4.239969
2481127,5.0691147
13100579,5.456782
15142809,4.8289747
10124858,5.408544
6482335,4.2865744
15950510,4.669862
1126710,4.923306
9393616,4.0145645
18239395,5.2779484
17876145,5.841725
17922793,4.5116777
19745952,4.36664
12832437,4.7839313
9909279,5.4672728
14556501,4.6034794
13844104,4.077562
11178509,4.841672
18094452,4.4623213
1804705,5.256986
4789751,4.1554666
19415743,4.2878637
18061341,5.8412805
6317750,4.3704944
6557100,5.2923193
9652365,4.8115835
4350120,4.5097203
3237529,4.0347047
19831050,4.54194
9349110,4.83365
15102029,4.8640666
3866538,4.3438425
6198321,4.135611
14185380,4.9342046
11774365,5.0983977
14301490,5.115393
20015002,4.287443
12961890,4.130842
13901683,4.463085
9452124,2.7334602
13742690,4.424941
1957302,4.1096835
2835292,4.5588217
349265,4.8760366
17295495,5.4745526
7637363,4.699541
16178930,5.475016
20201891,4.399571
19472906,4.708047
9472009,4.6531177
14570670,4.4238563
17653084,4.9870987
14933057,4.953922
15927121,4.3463793
16826862,4.8367352
14950089,4.881145
9749320,4.767468
20055667,4.1071944
6292833,4.148727
18111098,4.1292124
6603830,5.141034
4663371,4.4104466
5892794,4.005441
5294546,4.306771
20991704,4.306061
7819704,4.931132
17380787,5.258379
13045944,5.188019
15841733,4.4871597
11317703,4.000259
18212415,3.727668
13127985,4.669097
14583482,4.2292023
14290,4.9232097
8772654,4.876015
8727973,4.0501304
17626598,4.905309
593292,4.314883
14596236,5.2010126
16079478,4.125133
9496176,4.457668
20191258,5.3055086
20244867,4.3996444
5916234,4.8395867
522089,4.3384676
18822021,5.3031764
7366839,5.250524
12989766,6.219121
9365259,4.8480377
6690014,4.2067885
14278303,4.897774
1648624,4.8955946
15852228,4.2824492
2719792,4.67378
11677358,5.7084804
3835633,3.2962255
4174951,5.0275574
6821346,4.358738
12836245,4.317811
19642407,4.635076
6661358,4.950785
15517755,5.059612
19736961,4.016262
17131099,3.6024787
730842,5.805446
67672,5.05259
566016,4.157241
5933532,4.3319597
17845659,5.1385107
5857515,5.7046733
20943640,4.8502927
17777189,4.4103546
20937163,5.1928983
7024474,4.6296124
1178231,4.9585514
12599820,5.381111
5970112,5.9717793
18431338,4.3371606
18180304,4.8747783
3506751,5.1923594
19038174,5.257018
16618613,4.429148
18288469,5.322196
15282690,5.421762
15962240,5.4166355
13814087,4.7741995
20813737,4.970828
15112976,4.3658476
6657691,4.467447
8878181,4.35755
13326731,4.2585917
16811881,5.960261
13282354,4.1150928
19807164,4.317875
19859697,4.4158177
13295386,4.396955
17703050,4.944725
13466172,4.441002
9022972,5.194074
17174524,5.1482625
17366682,5.029854
4463795,5.1693053
13637050,4.300656
8719005,4.4587355
1878642,4.32714
16707718,5.1212745
21045857,4.283445
13329001,5.817643
14107069,5.418275
14315100,5.187357
19364007,4.70081
12804379,4.1893277
17364530,4.8843827
409293,5.755667
15478415,6.146677
8906263,4.393865
11907664,4.857741
19291776,4.239094
1831227,4.20969
19947892,5.5620637
13743298,4.9561305
4499340,4.1513195
114401,4.0209594
16724393,5.0302644
2501531,4.2013702
11038415,4.3772454
453315,5.435114
9548756,4.5116987
5136242,5.0767717
13903497,5.0448937
19610265,4.726054
5172775,5.2258596
10054217,4.9646935
20630578,4.5778246
12359191,5.1092553
2476761,4.958944
4004242,4.3084784
18052374,4.577772
17764431,5.4666243
20947811,5.0986724
4831691,4.9463263
15057599,5.0071125
18880325,4.9739194
18239316,4.189914
19672975,4.632433
16740058,4.2111535
6845926,4.0270953
9766228,4.244418
13209514,5.0778494
14655328,4.8279147
12965538,5.6728764
16556794,4.70028
6388667,4.383326
12496118,4.4827867
12863594,4.732735
17667427,4.117139
6536719,4.349009
9901614,4.047895
18154971,4.492431
11743564,4.1382327
164946,5.679369
16376122,5.1541705
1740537,4.641187
19659874,5.3033676
18564012,4.8885303
2008966,4.2102647
8814166,4.727309
1421671,4.5512896
17892622,4.069153
1219615,5.349044
18979278,4.779539
3670,6.0737386
1484031,4.5218205
16810190,4.728186
17766955,5.607103
18838712,4.5739226
21122097,3.2357578
16164802,4.310602
12913879,4.9845376
2017397,4.959332
14518405,4.109235
12932748,4.3024726
323635,4.6318007
3240016,4.6059422
3012660,4.148969
160952,4.240378
644835,3.9865944
19800814,5.4590726
166541,4.317345
867220,4.328717
15025291,3.7620144
6410167,4.339588
7895157,4.9601164
17529751,4.21664
18312523,4.8170466
13883020,4.292104
950208,5.059515
13393650,4.9000244
16805644,3.800991
15989526,5.032389
12218935,4.872505
9594568,5.3174996
8740534,5.022214
16974771,4.8434477
6886174,4.4360156
11437378,4.024419
3251148,4.3100657
13884161,4.4293385
850943,4.6930103
695216,5.07285
13117034,5.273058
15899550,4.283676
1633420,4.598873
1521318,5.933717
16709795,4.801123
17731452,5.0945463
4594699,4.238514
18178745,5.152478
14359256,5.3245196
14693456,4.338984
16439763,4.979138
3433356,4.194252
15853679,6.8086934
9777669,5.3111606
10809412,4.7703624
540131,4.9288692
606555,4.3922615
20600357,5.166757
13467518,4.213242
1878529,3.9458363
8050601,3.6363556
9414160,5.1746907
15520566,4.156356
7534891,5.351576
16321028,5.069706
13142351,4.443426
11067143,4.5354524
702166,5.0421505
808705,4.996187
18637999,4.2127485
6764653,7.2217445
15830578,5.020545
6446115,4.327167
13728259,4.737987
19183698,4.8247294
5860503,4.043639
9853884,4.38639
2738331,5.1577344
4127402,4.385068
649878,4.9293284
9300693,4.466172
7183072,4.2596383
18485393,4.9354825
62891,5.731862
7204547,4.003976
10862065,4.4083796
18960888,4.9808774
20542510,4.645004
20746481,5.4247804
8311923,4.057531
17404093,5.6425138
2412813,4.4073296
16147597,5.3312225
20540204,5.00053
4634946,4.3227477
3249317,4.2502213
11871206,6.344034
113092,4.1359696
10881719,4.6351566
627505,5.704718
14313481,4.76471
14914810,4.3200593
3509280,5.2041636
11261796,5.5935726
18875814,4.4547153
10148581,4.895227
9277671,4.7634025
13424903,4.3222165
21093522,5.8561125
13192574,5.9196596
858223,4.433234
20493930,5.4110427
20187293,5.6303515
15327483,4.776809
11714338,5.091129
17718891,4.751672
16387780,5.8553233
13270663,4.5521903
20558461,4.8149676
17477721,6.793465
16447567,4.4300065
14805001,5.278562
21162873,4.343311
13431995,4.3155375
1624933,5.6148663
11520561,4.2341113
20635939,5.6224356
4845155,4.5465016
20774531,4.91895
1865121,4.252529
13098348,4.7217994
6278513,5.296747
15361994,4.175523
3263219,4.4594045
6555586,4.625828
20084490,4.7700076
6134867,5.9524026
14825146,4.291359
1056430,4.5568614
2170618,4.945213
13879965,4.809842
3721927,5.2978506
16965097,4.0566387
11157580,4.2654524
19057018,4.3544035
15006226,4.1779623
17078010,4.00878
7785952,4.333539
12282345,4.2505274
1847389,4.781088
8868554,4.825364
18174966,4.754957
6516295,5.456873
13794174,4.156688
8793569,4.883695
13685771,5.8912735
1612702,5.6666594
15208293,4.100753
16383008,4.9182296
7650787,4.139399
9685085,4.3854246
17826411,4.9530797
15552245,4.7834625
6799999,4.760379
17430696,5.1797132
7149657,3.656188
581118,4.9141517
1026531,5.1099024
5319003,4.2189293
20815590,3.4424376
20398739,4.757404
3343907,4.308048
9048538,4.886575
7214586,4.1445637
1819115,4.3822603
2171504,5.0258856
16227540,5.235559
10124343,5.4653726
18060123,5.26112
18505469,4.997357
5069803,4.5444765
19746513,6.141955
248799,4.7107267
18585546,4.2665563
6591408,3.2328892
19788473,4.8703194
4208547,5.0129504
19878234,5.497443
12324124,5.185882
5098674,4.2215376
704025,5.470615
13332363,5.74559
20654216,4.251086
19982327,4.6685967
8596320,4.7798
624301,5.3338366
3765357,4.8309674
20173955,4.074781
1854375,4.2118235
9213338,5.4073586
15099669,4.8378363
3467175,4.887365
3970755,4.351196
19530066,5.245255
11676920,4.7307925
12696236,4.7563148
4867092,5.0505705
20279823,4.555403
1994574,4.481673
14238941,5.094314
61333,5.347309
10785957,5.630607
12129295,4.999018
4442539,4.207281
19609919,5.773005
15178156,4.427187
7819250,5.2343545
18676030,5.410794
10789339,5.0789323
20663443,5.074074
18506460,4.761298
6142960,4.162343
13744765,4.3016233
653865,4.264067
15408986,5.019885
6184887,4.3261604
6414342,4.104853
4082062,5.4534736
6031638,5.400237
9318115,5.0453367
17463419,5.3478956
1398969,4.935449
4208641,5.295163
7770735,5.212206
13842166,3.9517906
13111973,5.5397067
5049575,4.268271
6316666,4.4226933
18770614,4.237919
15808176,4.4079432
14610183,4.718084
14254319,5.012639
9594397,4.78751
7760545,5.617437
17755473,4.9046774
11399637,5.712146
17669450,4.974213
10033976,4.598984
9810237,4.893686
18489018,4.3554797
7843345,5.0169125
7827072,4.914493
15742423,4.797351
4296391,4.3463798
2000156,5.310271
15719302,4.984559
16929328,4.814625
8722853,4.253381
17720095,5.2160296
14058929,5.100619
802498,5.3249073
198135,5.6446395
16587707,5.2231994
1914160,5.2392936
5984767,5.0884132
4716349,4.303797
3624653,5.375234
20523304,5.1494036
3534897,4.44979
7987209,6.035828
166006,5.027915
7733862,4.5899816
7048195,3.9594588
630062,4.7606215
8663947,5.289228
15553730,4.407172
16587610,4.2922654
10435379,3.163696
20750965,5.15368
2256519,4.769015
19387941,5.077912
16438613,4.4234366
16904896,5.461551
14231792,4.1575623
15252636,5.018167
20525761,4.821474
21023888,5.5094695
3563679,5.7243867
14423626,4.9466987
19364590,5.5952315
8155037,4.827833
3083951,4.279117
658366,4.7283697
17764680,5.036439
19134150,5.0216713
1114466,5.432365
400984,4.9565067
14389026,4.570572
8390906,4.4427843
16120067,4.755141
15649031,5.093208
16457514,5.3136835
912663,4.8081384
1089293,5.3177905
1726243,5.170017
12455401,3.952367
17520753,4.986587
5116726,5.7161307
14919883,5.3511524
11754673,4.239241
7321054,3.9471612
9022119,3.8536773
13654352,4.0469184
13412207,5.0951676
8351923,5.090651
7048331,5.507151
16098282,4.982071
19907678,4.280612
12693640,5.097941
5726103,4.5763383
2268203,5.2655497
14926698,4.285219
17830985,4.3653784
14473036,4.09365
13575747,4.282981
17827996,4.9147964
16322236,4.5501604
12159390,4.4929614
15432445,5.0525527
6397592,5.6865172
9238840,5.0786357
9300708,4.936127
16558799,4.1650844
17421771,5.013835
16177666,4.3505526
808841,4.954803
8633878,5.4226656
8071757,5.275356
9091944,5.1647806
11556005,4.4389977
4482913,5.4701767
16122441,5.517833
2823227,4.3774705
9092270,4.6072764
287539,4.3652563
4088890,4.05152
3042598,4.189487
20812387,4.3606935
10850008,4.5754657
19271500,4.5457826
16189987,5.0586367
4859903,5.096387
20919726,4.2173653
13891181,5.2392178
11891142,5.1361437
14095224,5.229605
795769,4.8342896
13604805,5.2893624
10477793,4.534356
8719948,5.1335697
17321172,5.1769886
7348248,4.9443765
3174730,5.1912327
14839830,4.2092943
15479598,4.259338
20555538,4.2755165
12365502,5.0739255
6018589,5.559529
4204367,4.8926244
6836332,4.569297
455828,4.7790112
1170157,4.7246075
13689384,5.156817
7306633,3.7471156
772892,4.1877704
18111577,5.0664005
12606676,4.6165857
1408588,4.3033714
1330056,4.142276
17989836,5.792231
17331725,4.954067
10106768,5.048266
12906552,4.449574
5423486,4.6784763
4339453,4.5994687
17142400,4.6614246
12428533,4.899494
3104167,4.318432
14217987,4.8263874
16311616,5.2537704
15673487,4.222589
19777412,4.594838
3666709,4.969025
6391569,4.609194
12918424,4.5439715
17226607,5.8323565
20451669,4.812784
13337377,5.046566
7938594,4.7396674
10053592,4.4336205
20667471,4.8879056
619122,5.078569
3360707,4.765136
14806134,5.1589313
16415297,4.1429286
17113174,3.983015
14299472,4.997308
9562343,5.1909957
19251655,4.5611234
20302205,5.028507
3237052,4.7366295
20064794,5.6616073
12871708,4.179338
2152612,4.305592
18913001,4.857927
8704429,4.186084
17994900,4.893836
4822057,4.944125
15894343,4.2592816
20722794,4.8631606
1107730,6.5034633
16124987,4.3791356
3722574,5.3116703
21030077,6.1141543
18484976,4.4202766
16597324,4.3493156
11345105,4.919866
6671805,4.570862
17493147,3.1260138
3820516,4.3000793
4051584,4.0377426
1143727,5.4343486
20624372,3.1604471
9133627,4.3443375
17593796,4.4983068
5213767,4.2188864
16385586,5.38408
5124772,4.4298463
15772473,6.2320566
9425087,4.9932055
19190476,4.9718585
17733528,4.568778
14182963,4.7757435
18942870,4.5555954
64365,5.1596174
15955577,5.4175844
12243431,4.9965057
9136041,4.658647
258803,6.067408
17746766,4.113344
4840841,4.4598317
15313510,6.1722393
16316451,3.817886
9390565,4.9786053
14070967,4.1836057
17457160,4.091156
6677839,5.0870886
9614922,4.3605676
18489581,4.3848023
14233670,4.4311156
18793901,4.76172
16254327,4.108735
908911,4.5578976
15162716,4.336068
17656891,5.0375257
17762733,5.3219366
9411562,4.608619
13770768,5.3014884
9684366,4.052555
15121740,4.867723
17539967,4.440256
10127022,4.348323
14094082,4.366637
17828130,4.9525595
8921611,4.284567
298909,4.822058
7067466,4.7624035
15207202,4.903512
7358905,4.1872377
12295920,4.882446
484297,4.742671
20211217,4.751365
732944,4.2406826
17416712,4.9069014
18898296,4.047873
16859716,4.806234
12855005,4.1140413
13060476,4.924718
17945075,4.1235576
11100490,4.133925
16114159,4.3271456
18614596,4.482828
6656441,4.5937443
725300,4.6613812
16594414,5.7495804
16468919,5.0872483
6789459,4.936971
7499848,5.5383077
17140554,3.8979447
8115938,4.042502
5692492,5.0423384
5433367,5.7045417
13393782,5.118448
7843320,3.510286
7747636,5.0338984
15230846,4.784665
4936627,4.9063873
2483191,4.9227204
7291036,4.3096347
14935064,4.881285
12605864,4.5786214
1466627,4.304639
7321150,4.059498
11542467,3.9812517
16479217,4.2742443
12020409,4.462152
6349146,4.4931006
18655886,4.2276325
13573310,4.236553
21138554,4.250269
3751832,4.864556
12073174,4.927109
15902352,5.2721395
13185882,4.8867908
6987792,4.4826946
15454216,4.7650805
9493324,4.933481
11202286,4.2380233
12678105,4.952924
6116718,4.2182813
2284454,4.7422566
9646874,4.9593215
13652157,4.568883
7599096,5.2365956
17972689,4.0259476
18238501,4.6688066
13376968,5.094559
13656318,5.664654
11868315,5.0753727
16580,4.711903
19674542,4.0455594
4431776,4.1652617
8043854,5.8607135
16367261,4.7992997
19309355,5.167128
15098476,5.821235
20124537,5.212808
1259671,4.6870403
8486946,5.1522717
11902812,5.609938
14254221,4.6502366
4729165,5.484175
15061032,5.235275
8846781,4.0900655
4789130,4.5411935
16742855,4.915797
12490111,4.4875145
17382281,4.2657228
15821240,5.7053413
19376491,5.022283
12902467,5.3914046
15858046,4.8866277
3042315,4.4279265
5979675,4.580649
17173280,4.8809824
13640771,5.0991917
16002841,5.325367
16143253,4.352282
15274477,5.174091
11885653,5.101013
18094438,5.115653
18580167,5.3131194
12366845,4.4166307
16528086,3.9058473
20141920,4.7124963
7402303,5.2417126
15085230,4.234299
14522062,4.9289546
10497886,4.7917805
10676501,5.1063395
9189459,4.158312
4916080,5.677228
15037754,4.7713127
14506323,4.895447
2543231,5.9866867
14216909,4.2763762
719329,4.9550834
5688839,4.357276
7726969,4.2621436
16844259,4.6855955
2310050,4.260431
10056082,4.1481295
12174430,4.607848
18907588,5.4190483
16013636,5.242104
19873067,4.668846
16725978,4.9401326
1144316,5.4800663
6993846,4.0300155
16377238,4.859603
15273279,4.416192
10631203,4.324732
20353738,4.8698573
13560179,4.632137
13466210,5.2799916
14203955,4.350942
11009529,4.1423244
17545676,4.2797775
4121947,4.2162976
11742451,4.244361
13251869,4.4354715
8906797,4.21323
20947287,4.8529034
3953954,4.28521
8514448,4.167716
15396683,4.2850494
10721986,4.3746123
18183157,5.1684766
17287635,5.2717285
6262536,4.9631863
753446,4.290613
10295857,4.5532904
13312655,4.3686533
9853100,4.05836
13914201,5.453027
9426406,4.7618194
13164658,4.719545
6466935,4.290648
9596985,5.614799
20319073,4.426822
8886292,5.1125226
11757376,5.0866666
13694692,4.4632363
5785980,4.419928
4785941,5.9466705
7252607,4.498776
20601868,4.6614976
7837072,4.1038337
15770540,4.0060663
6660461,4.608263
18596546,4.5587554
6154274,6.107089
1256778,5.014758
9281146,4.3254724
7328712,5.2487187
11141265,4.376808
3079929,4.1873055
4737529,4.1169415
20548992,5.3207097
19503134,4.856644
17346013,5.2763944
10391455,4.7002544
4449489,5.243288
12169862,4.9991875
14658952,5.1424303
16976980,4.5930495
13398879,4.172562
18528497,4.1037617
14370839,4.4141064
18854380,5.772146
2391204,4.981791
20944775,5.040635
18094571,4.511693
5725154,4.603976
7329068,4.7994485
13020279,4.2268424
1080947,4.1317315
10959278,4.2804356
16219145,4.1329904
9255728,4.7511516
17737925,3.886032
17365580,4.6072392
4086328,4.637633
13997792,4.0792575
15605948,5.3941875
9921249,5.1558166
13117253,4.650019
13374172,4.4528713
19954872,4.101049
13751380,5.590718
5638991,4.837885
16285937,5.2482543
2115777,5.2338324
706347,4.9874334
17863879,4.402011
11947606,4.819683
3011412,5.9450216
1885826,4.204082
20260218,4.8538647
6901401,4.4103103
4637928,4.503186
11034368,4.7992773
15885355,4.336971
1448298,4.9939156
503529,5.483162
2238030,3.8753471
9864749,4.8071537
489979,4.6264644
19412631,4.9712744
12345325,4.862647
6975132,5.486038
17406465,4.9639487
16231265,5.014182
14198486,4.4056115
4875342,4.2547264
21015697,4.542102
13048403,4.313998
13264012,5.096974
1377478,4.299632
13122161,4.5931554
14416275,5.231684
9393134,4.4244056
19475815,4.046441
11244921,4.4878297
3937134,5.8646874
4550557,5.4893103
8635964,5.1890717
6810199,4.776406
3783099,6.4932885
9049034,5.796499
7024342,5.179522
8241088,5.313673
1622172,4.966903
8581778,4.7112145
19593942,4.225954
13594977,5.1278296
7386558,4.684265
12404646,5.4480977
15086497,4.431522
20737730,4.5666337
7748135,4.946528
11753167,3.9403477
11390664,4.7233386
17997772,4.3998446
202273,4.9522476
20562619,4.3209805
4302970,4.469847
10911819,5.8923383
8133752,5.2941594
14111390,4.958092
13927971,5.045486
11568447,5.063845
2237495,3.7039413
13070157,4.5555954
11875575,4.679489
7072363,4.2891817
18715053,4.5392685
1598403,4.3820324
20426620,4.5174737
862947,4.093304
10633441,4.651146
969940,5.801572
8325147,4.867784
16792257,4.8844366
1774026,4.5751286
11024040,4.5969257
5632961,4.351483
14503905,5.1472225
18586421,5.2374916
15665725,4.6047783
15511681,5.050419
20174503,4.9969864
311343,3.9501898
4464418,4.7475247
9786046,4.9533706
17498697,4.1360574
15303092,5.3981705
20364129,6.1112733
13154696,5.122458
21090200,5.003276
21048346,5.400316
19964852,4.1604586
4482726,4.1107497
16379081,4.310472
2966685,5.9748
16417391,5.2489576
18110859,4.882267
16052484,4.0873117
17944754,4.9297705
3642576,4.4010534
1442450,4.307849
16971870,4.9827113
18961528,4.0718503
16213557,4.4253435
836870,5.6080956
5028112,5.072447
855150,4.4379416
8683482,4.879526
10116601,4.7148676
16586462,4.3649087
17237935,4.528124
7828549,5.2689266
14921395,4.4043555
8847542,4.59356
1125114,4.356187
4812995,4.227098
13958990,4.78727
20976974,5.275506
6215391,5.5081387
1030583,5.180318
15511129,4.4264193
5705067,4.2176523
9006949,4.2147794
13856793,4.5638223
4752020,5.4734883
16571972,6.2079115
17876281,4.193001
11444515,4.677155
9174553,4.841525
13667099,4.9201007
6314972,6.044773
7090042,3.965529
7206007,4.6060743
11563219,5.5865264
17477755,5.089815
18399873,4.02586
7478647,4.7587466
20420751,4.1717415
8992714,4.3964567
17015790,4.6618814
8814479,4.425456
506041,5.2024965
148201,4.1783366
17326525,5.392511
19481649,5.421472
20038725,5.016784
19927877,4.4755387
20247628,4.2865486
13715919,4.389926
10666196,5.7151923
9311761,5.2126546
15954509,4.525666
140195,3.7094972
10858096,4.8828473
14122678,5.137438
11080278,4.2573695
10861804,4.2605124
9461699,5.1024895
20754873,5.570167
4317188,4.1648226
13375531,4.5624413
11476206,4.963075
16899285,4.732832
14401326,4.9755783
7601652,5.334662
355527,5.5144815
2194382,4.8684387
9332324,4.1290383
18059800,4.0018387
11344203,4.4247394
8035109,4.832653
1906604,4.7496724
13494532,4.395285
14049192,4.6326785
18225319,5.051085
13687313,4.8383937
3006853,4.340616
12864942,4.410284
17944042,6.2176404
18450117,5.1856427
2459132,4.663985
3281853,4.7921968
1901823,4.602197
13662370,4.6414146
9778002,5.3666005
8499631,4.315182
7197783,5.275893
14186170,4.521602
6784406,4.549007
18088856,4.7993417
17810208,5.8474936
13436132,4.7195973
1045052,3.9755912
16844263,4.696893
14836958,5.915156
867555,4.8126955
14501921,5.322354
12151651,5.206487
4587554,4.8141847
9333675,4.5756564
17863283,5.004952
19876501,4.300983
3614773,4.8173914
8089812,4.6352553
11343196,4.728582
4849266,3.6096396
4735600,5.2900968
10072750,4.441263
1542571,4.575614
17476750,4.1585093
17528071,5.8483906
10070422,4.8238325
4556564,3.8784842
12412817,3.840332
9679278,5.178983
14010670,4.7826123
12814672,4.5508847
859336,4.2664275
15954073,4.889966
5738018,4.6239066
14992259,5.104968
9737759,4.467049
20829520,4.8782463
8866447,4.3580594
6225357,4.3993487
14570064,5.148155
17303084,4.8048234
269371,4.2408085
1900901,4.9012976
20646650,4.1664925
7690729,4.5015607
19870249,5.2290177
14419512,4.7609744
10344027,4.98883
10515185,3.322681
5019371,4.3969755
9603611,4.926555
15859847,4.099501
20935141,5.2047634
5783014,3.9126651
15444845,5.361698
6326767,4.429083
18175476,4.087145
6759439,5.125262
2189119,5.39626
18021286,4.346373
6438519,4.602275
1098058,4.569814
16175830,3.96053
3238355,5.8778896
761630,4.4832735
6793767,4.1795816
461635,5.4848514
7324108,5.1729183
19841164,4.7672358
3755474,5.610929
17513537,5.1769853
2499596,4.561739
901797,5.068434
10720392,4.3528056
16146239,4.210803
15148714,5.7061095
16664979,4.441053
10563752,5.2666078
13487852,4.9308085
17106423,4.77695
553862,5.049638
16346288,4.4826775
17843922,5.088859
16438473,4.5428133
13226220,4.464417
13084740,5.641404
16269161,4.5787473
2594714,4.278232
5629216,4.645537
20096166,4.9087243
13140602,6.0330977
13341570,4.304916
13675956,5.922719
14219095,4.9446454
14450829,4.83077
16514018,4.193746
6934249,4.5972543
14754222,3.0098097
4251439,5.080112
14055052,5.401916
1333431,5.8265395
8496069,5.0157104
3600108,4.4954605
16141267,4.1989336
4377221,4.4740944
15787190,5.1098356
1091582,4.303293
5883655,5.051119
1132215,4.8732824
20583769,4.257149
11909308,5.7621636
3478624,5.061993
11397501,5.6517377
4729854,5.033882
424796,4.8881416
17700841,4.240389
18196760,4.661176
14341006,4.2804356
14302316,3.949619
13609556,4.057978
10829503,4.3230553
14094264,3.5204284
1843674,4.4568167
15889919,4.377071
5126657,4.5092163
8001293,6.0584736
20961950,5.1637406
16135347,5.624619
14804950,4.961108
17048391,5.24112
9585020,4.700884
18286322,5.391975
4317681,5.1519213
11261146,4.1915493
13801290,4.084107
17174433,4.414645
8628430,4.713167
21110408,4.5741744
18162935,4.2240286
168263,4.2926607
7917878,5.050688
15618325,4.9223466
450905,5.0352335
16000465,5.476628
9915643,5.7237496
14237735,4.4118805
10596131,5.365017
13704898,5.957099
16353539,5.663737
13031882,5.150668
8734601,4.2754874
1732805,4.994052
20810517,5.488678
2501088,4.170435
17702246,4.297959
13802701,4.6821904
3728640,5.4109306
9366080,5.4940453
13772817,5.6717663
7094737,4.1646147
14124,5.8736887
15344934,3.9903996
2232649,4.891629
6100283,6.326944
13231678,4.977032
10537150,4.8818946
846854,4.369413
2291457,4.423482
11568637,5.125931
7839972,4.1954985
16194375,4.3658996
2895820,5.426573
1732428,4.551074
16365915,5.132139
12923989,4.243939
16837405,4.1913543
10083973,4.989462
15419574,6.009931
13762797,5.038584
11803756,5.676414
1797692,4.224372
14595567,4.7432714
17944817,5.16976
7258864,4.200441
2189522,4.515582
6912869,6.0803556
15219146,4.4558806
9175410,4.9577436
758815,4.192743
16242691,5.6231084
267652,5.0372486
842231,3.9089217
13800652,4.4170823
15941309,3.8566816
3414607,4.522717
7328721,5.956722
4795029,5.476476
4419090,4.076877
14593569,4.509729
1970723,4.9532304
4388398,4.5133924
13651958,4.849394
1606395,4.33514
18948947,5.2611055
12067883,4.290479
13398442,5.7976623
763600,4.4916635
3822048,4.3754573
12054152,4.3798876
6462593,4.572087
20350976,5.5548387
20431834,4.45703
18043457,4.996573
18387835,3.4326882
13275308,6.1177263
14264822,3.7978067
15908994,4.9610667
7806682,4.7262073
17980507,4.780865
7998947,5.1862807
13433817,5.106339
16506199,4.487114
20799220,5.673484
9475648,5.8260655
12678074,4.7040954
10907472,4.391088
7419159,4.7521462
2101899,4.346039
12464982,4.408728
690349,5.2710037
55565,5.484025
16389801,5.5698576
17829693,5.2902846
13448114,5.0149083
16471274,5.239101
12760005,5.410136
198478,4.170949
13355002,4.3745904
10799408,5.145913
14966583,4.5310435
11755000,4.7032804
1048688,5.2783394
20624559,4.438675
10683306,3.8806977
17638871,5.5102005
16003303,4.3206177
3354853,5.125812
14672201,4.328209
18442196,4.5970173
17996373,4.7199802
1407208,4.1970162
1716843,5.318665
9558425,4.1237707
4661383,6.155247
14183139,5.2105827
14043418,5.0430813
322800,4.348163
13602723,4.656621
15563732,4.793633
14656094,5.57109
185478,4.9347034
16616410,5.0281134
19471202,4.3080373
1397997,5.178713
6373795,4.9288154
18278857,4.572544
17996462,4.4995227
20310991,4.93562
16258822,4.997639
15602984,4.6860256
1456153,4.709941
9944788,4.4814444
13550629,4.626857
8130913,5.7806478
10083580,4.208186
6102109,4.56083
8583978,4.0494595
4650123,4.5294623
17384137,4.3160486
10311634,4.1158633
11613141,5.152769
5447420,5.024341
13881787,5.8270082
159811,5.922438
423300,4.1715107
8811090,5.258582
13715075,6.394876
18294238,4.1656146
18296232,5.0244865
3818815,5.0918403
13190453,4.0128007
8228206,4.5182366
13417029,6.6239266
7227631,4.330298
11230266,4.470032
15469963,4.881671
7965068,4.977092
1936620,4.6025586
3890435,4.81536
9865901,3.30763
4629211,4.467857
15599023,5.0611453
19745324,4.5560374
1080980,4.7379932
7015094,4.515631
19700561,4.2838817
10469455,5.1888013
1759690,5.3896446
2447634,4.877423
16392758,4.7627187
18210590,4.817819
19594536,4.374873
725462,5.317717
16734212,5.486694
1759060,4.2352085
11481639,5.1121745
17213645,4.6154003
16337106,4.971818
8973156,4.803075
722359,4.0804
1417398,4.2843003
12176339,4.6227365
9943776,4.312104
2074985,4.512705
12957575,4.170603
10654319,4.9674516
9168908,4.919571
17610056,4.864367
5191331,4.99102
13619333,5.25924
20381341,4.502949
10859498,6.378911
18791875,4.953581
16071149,5.7669873
19608056,4.6595435
12173507,5.68639
7874552,4.4442205
7421361,5.204342
5002496,4.5558515
15773903,4.3538866
17481087,5.2061424
9691716,5.1958575
14748244,3.8095758
16163352,4.6361117
9153575,4.4173737
9807059,4.889508
25927,5.0485997
16767257,5.478514
9049607,5.1558814
16475789,5.5822463
9239987,4.0979037
6694986,4.380169
14795734,5.6976867
20641274,4.299764
15116366,4.2848306
17826986,4.0710588
8907433,5.082711
19219988,4.3794003
12583093,4.288402
18403248,4.3486867
3969494,5.951242
14939943,5.6902246
4137756,5.0141506
4881420,4.9503293
14139226,4.6249857
18024380,5.0135193
16353485,5.632447
14836763,5.1210103
699195,5.27181
13373997,4.330932
14948932,5.7337594
11844315,4.6444
8388457,4.825812
19575372,5.6863914
13390780,3.9895375
16943233,6.1018047
1213991,5.6215787
10883063,4.38093
20509523,4.777672
17676493,4.2918224
8316068,4.4436445
4873463,4.7690606
17306086,4.753048
14042284,3.7855728
4948327,4.688987
2075008,4.2361865
13806046,4.3169427
6020044,4.3575234
16848792,4.0501466
17593141,4.083295
14222061,4.0385385
7872617,4.559328
11830697,4.4068294
18565172,4.29366
1813962,4.0876102
8238828,4.2145824
3147684,4.251545
7151959,5.432631
14555547,4.4702735
11620541,4.121191
7301460,4.957231
14109445,5.586876
412180,4.8263035
2023847,4.4176407
9855876,4.195002
5508558,4.575242
6375988,4.3109126
3116245,5.943967
15632663,4.3660192
4323031,4.804065
16736722,4.3102508
20873536,4.7756233
13116327,4.8693347
10053032,4.78836
8743712,4.356625
13064033,4.7441854
13493430,4.9905286
15964171,5.1428094
6277018,4.6242495
17255198,5.4301343
14768563,4.0026727
5667261,4.925943
640685,4.404285
13222796,5.7397547
21170173,4.537132
6084012,4.021489
644666,4.320659
13396509,4.4522457
854397,4.8776593
12325075,4.634031
21228356,4.113333
16597451,5.5952315
2519255,4.6006293
16173484,4.9150114
19825552,4.3268547
16050505,4.7202864
1544702,4.8373165
14680277,5.047175
2125999,4.7662873
12647524,5.014291
14058375,4.938348
17543053,5.4592233
18329122,4.5063577
6633179,4.096353
9924449,4.9379716
8613935,4.545766
12170504,5.153888
851927,5.8136096
18690750,4.2394876
1821633,4.314502
6168663,4.975308
13951702,4.3006635
10273251,3.8341355
3368750,4.370821
1498852,4.469811
13397738,5.0959554
13080617,5.8082237
9234409,5.024084
4854768,4.167748
7535342,4.1270723
8257198,4.8999095
12588383,4.7587934
12388148,4.856307
17721005,4.1645255
15617231,4.7749543
3743036,5.2697253
7651400,4.9863796
9391509,4.9113097
1011449,4.6457033
6748848,5.1750393
16704758,4.27575
15805390,5.1477385
823618,4.8962483
14055082,4.932862
5058010,6.224348
16719453,4.037084
15086729,4.146426
15585231,4.1754384
16476681,4.4805994
13600935,4.992395
17938180,4.366676
13208233,4.8693485
21056266,4.9174056
14330789,4.5531836
7027583,5.309699
7562552,5.753329
8011960,4.665057
16947399,4.0735803
14093225,5.0299473
14880301,4.893156
9303700,4.740113
1767215,5.4779396
13761271,5.021314
11923551,4.0531096
898833,4.5820684
9775397,4.526496
14464699,5.026563
11324531,4.337201
6825131,4.2672276
9841191,4.852856
4905337,4.882425
3282248,4.4506016
2757138,4.0613556
10022062,4.10739
9561650,4.535929
16259714,4.4361715
16497347,4.5352697
19037029,4.89741
17849804,6.1602464
6506449,4.3313756
5782032,4.8266983
2314038,5.844602
14885536,5.232095
12322999,3.4701812
16366956,5.2066774
16259155,5.258285
4775245,5.8336997
17762727,4.927804
9698678,5.656684
5548977,5.241755
11922285,3.841046
10908309,4.0969687
12807929,4.752549
98724,4.1456265
20267690,4.1861925
4586680,4.280212
14911619,4.425597
6450106,5.069558
17240976,4.856007
14037145,5.3996096
434792,4.4947543
13701805,4.531832
18253374,5.0367107
4474843,5.0448728
17862117,5.296063
3929317,4.6010203
21202475,4.5148196
18543371,4.2831573
1448735,4.1172185
5242960,3.9804351
10069795,6.0514913
20897348,4.730116
8738711,4.3335433
17075403,5.2890043
2025452,4.7941766
17073633,4.615154
13081900,5.0700865
20120920,4.773039
6006768,4.4057517
16587678,4.9852967
14071063,4.4923444
13803910,4.7732167
16658215,4.318989
18012316,5.1821065
765563,3.9173834
16243243,4.506782
15890048,4.8910785
5164045,4.943846
17433994,4.1487584
7982304,5.165212
14416791,4.258192
15421041,4.8194294
178740,4.0360384
18170996,5.5606494
15998592,5.5630994
11006149,4.474591
9854420,4.102384
17070796,5.574915
14149127,4.2171154
20617625,4.6980133
641012,4.111993
20953307,4.2059293
1984254,4.4761643
13057808,4.4919806
3768726,4.9619904
13466633,4.939401
20901715,5.165988
18091037,4.3304563
19543863,5.0236964
18151860,5.15631
4339189,5.1309786
11820938,4.3722453
14358134,4.406305
12363598,4.286985
8897822,4.881189
1326514,4.80132
13520598,4.13782
2778030,5.6750326
14138800,4.7105823
12629694,4.486241
3506410,4.4565315
2262298,4.546606
1956467,4.818648
18036371,4.658359
14533013,3.978441
6689909,4.414008
10437887,4.207976
20033730,4.3454723
242479,5.1894655
8518486,5.228036
1899076,4.374973
20010930,5.4266734
14369923,6.6059923
15345,4.736002
10765795,6.4276514
14388899,3.971327
10906958,4.965695
18586264,4.212315
15238971,4.2803793
16160721,5.093581
18389825,4.134628
18071541,4.9997454
1738415,4.298043
15497568,4.6922274
28907,6.084829
15463154,5.759376
1557271,4.7383127
10809063,5.272607
4581577,5.1388025
15937364,4.2959595
9259176,4.450459
6850880,4.771395
2917203,5.907607
18450267,4.4182944
16148036,4.864534
4074248,4.1654134
18472114,4.219367
16639486,4.7634716
8482324,3.8401911
16663058,5.7374425
17717465,4.3479304
6972163,4.285033
6575827,4.296003
1875734,3.9781814
147876,4.5219445
13955160,5.113068
15728962,6.031359
5308844,4.805808
4923718,4.17178
1742654,4.960436
20623854,4.2087092
8013382,4.428882
10575738,5.1644726
15852298,4.521146
9645964,4.936249
3095023,5.160603
3721380,4.6934958
20619087,4.223667
6808628,4.253472
19243465,5.4576454
14696518,5.023241
2817315,4.4000573
10107568,5.2137294
9129357,3.9501395
11224972,5.7588844
8983609,4.355032
13031523,4.9941306
8266871,5.4566684
18330069,4.3500624
3241858,4.4226165
12543338,4.966656
15565610,6.2825394
3703091,5.7164607
9199513,4.9920626
5318346,4.0301623
6844436,5.2016625
13184726,5.054372
19695639,5.224784
12007456,4.9280677
10383284,4.1805058
16899574,5.3749704
18563913,5.117841
5106044,3.2467034
11554255,4.967329
18212287,5.468675
19574415,3.8759117
17282945,5.4173594
5547802,4.544258
12244218,4.8755226
13208683,4.185746
17801044,4.31589
11542455,4.2514844
10747156,3.9181275
20070342,4.431463
7389958,4.349013
6411787,4.2557244
6729054,4.9962645
15501664,3.8679717
63573,4.484582
8337838,3.9655712
8994423,5.0002437
12581749,5.9029713
9325979,4.0792713
8647773,5.1390405
640855,4.871761
5579147,4.309703
6402807,4.2904887
4476302,3.9367535
10037486,4.935227
2431838,5.240637
16337294,4.804054
20189858,4.2644315
15207013,4.978767
20188787,5.240214
14540453,4.3591657
11506193,4.098701
16528739,4.123115
19014320,4.3467135
12994130,4.4406757
10527642,4.0689073
673133,4.5390935
14337001,4.0220957
15041272,3.6756577
1332249,5.081809
703986,5.2494946
3354484,4.7198806
9395119,4.1234975
6151079,5.038687
20421589,4.222301
11417694,4.14942
16573537,4.437389
16053784,5.137077
7207198,4.917823
11356941,4.465942
5404410,4.684361
13065518,5.125635
350525,4.322269
20710110,4.819822
17131494,4.3515644
19379201,4.980703
16208166,4.2357373
15620563,4.4556794
14219515,4.9021206
10020199,5.0443325
7728222,6.629804
13943674,4.7800117
507800,4.298505
11853416,4.2722945
13789648,5.3510795
27141,4.4103894
3493833,4.6714115
17267707,4.490452
14625676,4.9114842
20292066,5.55972
14484206,5.2406483
9530137,5.0174527
9632737,5.0663085
978386,5.734861
9706199,4.0844965
4644828,4.281452
4596475,4.482991
2888818,5.622514
8809578,4.811712
15125599,5.0942144
13379147,3.8659594
9685102,4.462676
11276504,3.9634867
6345881,4.334609
14822248,4.412562
2481836,4.357279
20713415,4.911349
9822032,5.0479283
2941614,5.003555
11760822,6.281409
18597279,3.9827025
6182828,4.033707
9410580,4.4930496
5592866,4.2760205
16570610,4.9610457
20136828,4.807273
3291524,5.431859
9096938,5.1715274
12811961,4.724916
9783,5.2350073
19923377,4.7303624
7570475,5.0080414
14031389,4.113656
14898029,4.515223
8368708,5.601179
9603991,4.1300383
16677891,5.4545026
7756711,4.5365705
6527142,4.962903
3206708,6.0196185
6198543,4.007538
17601533,5.324545
15486188,4.833188
19661183,4.1871023
16533749,4.0708184
13623891,5.2098913
10658305,4.89704
14667220,4.650779
10526712,4.394103
17593445,5.503613
14964172,4.504939
15769814,4.5339665
17622706,4.818227
15843531,5.047519
3605651,5.309982
18332685,4.091129
10554306,4.627373
479002,4.0695877
14899378,4.262136
14992192,4.9396524
17828861,5.0739527
19297819,4.547032
3497198,4.4700084
374997,4.9948053
18407399,5.1850314
14153636,4.2270036
14111670,4.4660754
8311492,5.06033
16635429,5.234473
9955770,4.8744245
12829681,4.8261366
3710661,4.1999035
14654573,4.2629194
17097239,6.7116704
11567275,4.3889647
16910935,5.0800624
18110642,4.5762825
4917308,5.21202
4396465,6.04028
16830790,4.812803
15788113,4.881533
13399569,5.1823697
10554784,4.4661107
20183458,5.086945
5619463,4.0512366
18843545,5.0877047
18127637,4.03689
2939650,4.86585
14984250,4.4087043
18105285,5.2555585
2958412,4.3499713
8656164,4.849796
1022360,4.3101454
14075103,4.9017525
18023759,4.3749585
9435931,4.3006344
6640662,4.3603063
16899058,4.994625
18905088,4.72392
16872847,5.0958204
1590214,5.0555506
16444824,4.3943596
18227775,4.894451
10996466,4.9903626
3373030,4.79661
19379397,5.1632004
12968407,5.1818223
3752035,4.630251
19892526,4.4883294
3644809,4.2597756
6492690,5.3572736
9884258,4.2964664
14148905,5.4651527
8475974,4.9049973
7301517,5.4849696
18613994,5.097732
20441901,4.7931356
12270048,4.964356
12112236,5.361652
16227075,4.5410886
16796296,5.351252
16099486,4.6239376
5105632,7.0615516
13101837,5.711098
7806482,4.8336563
7837690,5.577974
14020260,5.6231513
15552671,6.1488514
9918651,4.2889457
13290006,5.178381
21165330,4.020149
684324,4.29132
10771375,4.075668
10387137,5.074694
6445656,4.5524244
21159830,4.3056355
18109102,4.4397426
18054278,5.20371
9905231,5.5970197
9654155,4.2205305
1284659,5.3610296
11296173,4.1748657
3220365,5.6365767
14159853,4.483765
17763769,4.168267
10452,5.7263737
151127,5.4886303
12230073,4.4172215
12952753,4.948329
20155838,5.982354
13331609,5.2513757
10528170,4.282833
6348972,4.6859455
832288,4.988198
13189564,4.3191214
1097669,5.2045054
1733479,4.153168
6468226,4.494593
5136833,4.6043477
13637109,4.41954
6605017,4.5785546
15964061,4.646664
18310169,4.743314
11284170,5.1875463
18614940,6.0483513
13905833,5.7601542
16504000,4.129245
15299255,4.8952465
6239753,5.230857
12613095,4.572612
17620157,4.7093997
18393875,5.360026
10770909,5.0689692
16599778,4.9258995
18462568,4.687336
3946518,5.0340066
1588156,4.7335587
6271152,4.4445047
17257049,4.3195934
16243974,5.970541
17510868,4.393972
10132073,4.470761
2105971,4.8297
15275238,4.188792
13605174,5.081251
1369384,4.25372
13278654,5.218769
1954514,5.255474
2608483,4.293429
2760968,4.667519
12130620,4.827903
19749927,4.853214
14041617,5.685008
225306,4.151753
21081875,5.8087792
7842406,4.8865924
14043646,5.367712
6350468,4.363458
4868653,4.3178806
3576160,3.9910314
115936,5.217008
862949,3.9961214
4887569,4.9303217
17604613,5.6667595
13737916,4.9320645
9369426,5.3048563
12380717,5.0278416
4008443,4.747591
7713639,5.2074933
5978595,4.442902
5673742,5.721523
19247305,5.279875
13942286,4.3238163
19625831,5.2127905
4588212,4.195368
4268286,4.5498676
15663543,4.3194547
16001688,5.287314
20901417,4.146946
1355192,4.6650615
16413061,5.0351963
1264732,5.188773
17876137,4.4193954
20228788,5.0894284
4446178,5.0412645
5832638,4.960652
365635,4.979606
21200929,5.0404835
17625275,4.2671275
223203,4.89948
18546552,4.3275814
20969455,3.890951
10365516,4.9448957
8869288,4.095341
10786488,5.109876
12366290,5.2538342
1727923,5.2855344
13927747,4.2644525
16000365,4.288761
1949761,5.8163505
19468739,5.180675
12709106,4.469276
17111959,5.4302273
14107184,6.1569715
6763899,4.6637163
12041220,4.1126685
10253116,5.1350107
5249479,4.2031207
16985600,5.1351023
9997050,4.960638
20626299,3.9746053
5858,3.892025
20655934,4.8074307
16873536,3.9435
19555795,4.3584743
6728250,5.1580877
3498038,5.6860933
16767194,5.3792005
13669402,5.18644
62804,4.1289215
19702232,4.8636093
15015764,4.353502
4417470,4.759856
14655368,5.1209803
16156771,5.1461735
7519448,4.4298635
7222354,4.6903267
16070116,4.059966
20573766,3.9952774
479127,4.8613243
8143588,5.0288715
8941232,4.8745747
12368139,4.404168
4541416,6.581489
20549139,5.263735
4105283,4.8807335
1336998,5.9969816
5181386,6.117854
6362947,5.13359
11014562,4.795119
242571,4.771911
15359178,5.263672
17842205,5.1321216
1056139,4.2851686
14732341,5.9177403
14783267,5.926854
17023406,4.4943724
4232530,4.787369
9697749,4.4731426
44506,4.42419
10440163,4.707948
4020773,5.236591
20619286,4.5913596
13451698,4.248391
14775913,4.3558817
10138047,4.9224052
3174881,4.278706
723457,4.611838
9505268,5.262074
4731523,4.360998
619457,4.789966
14563049,4.5478697
973652,4.41187
9188964,4.381313
2071941,5.118099
234034,4.187991
4494588,4.9376554
11821628,5.6304193
20575053,4.3594313
11421796,5.486555
20253964,4.4412255
4668639,4.3599443
19769496,4.3231597
8193837,4.9018645
1689118,4.2788854
18508731,4.497289
1821896,5.027489
15454207,4.253195
90426,4.276835
18584180,6.511687
306974,5.7200503
17652560,5.3576145
3343476,5.1183486
18822569,4.389719
15097281,4.931472
16629180,5.2752066
10231834,5.2410703
7054695,5.8096285
10970070,4.881194
16326286,4.541104
10944099,4.097061
13741686,5.035022
62119,4.655872
13847987,4.776944
10880829,5.011294
20782981,4.7774444
17157943,4.124395
5048385,4.2260814
13493040,5.869815
13379153,4.2243743
10353495,4.9769278
16694463,5.6224337
7857465,5.155608
14240346,4.683742
14168692,5.045331
7619082,5.6862426
14181476,5.5548487
19907826,4.23511
19224202,5.15467
13723404,4.1551604
19573572,3.858409
13784393,5.0863433
11490167,4.404742
16123398,3.9172819
1631938,4.4697065
9458704,5.261819
15898519,4.439104
1355468,4.6393824
15629616,5.6887493
13766593,4.883843
2903204,6.0491223
3376665,5.331832
8719472,5.6883245
15510747,4.304188
16254609,4.4716387
17171691,4.9728675
8411395,5.676194
4934098,4.7375307
3979360,4.192931
17681190,4.6786757
3112180,4.5957994
15596221,4.2730756
7833824,4.4314694
10409669,5.284547
7725030,4.6725802
19372011,4.8895664
19349497,5.709637
1880358,4.5430756
11553697,4.013745
21077856,5.037862
9771001,4.221403
283791,5.05591
17122814,4.080772
4060155,4.409856
16722762,5.2105856
2185668,5.269096
15984863,5.3358207
1365610,5.2480597
10912351,4.3770213
18362533,4.8265743
1925714,4.4333878
18521586,4.1994395
16767775,5.444995
20990901,5.56732
5127571,4.4655566
15223114,3.9630167
17592480,5.7942386
15954650,4.969108
15435110,5.0620823
530576,4.6853843
3758015,4.6646967
13208065,4.543072
19096176,4.165124
17322617,5.036385
19248947,4.761898
2636396,4.1197786
6501477,4.2240844
3664717,4.557954
10107634,4.7067413
880642,4.9087353
14575040,5.113563
3852472,5.087618
6836647,5.4463124
6869890,4.998818
17678455,5.2049837
1304068,4.6940017
15870027,5.4507127
17606766,4.9683547
5174171,5.8751955
14355422,4.443249
13278181,4.95804
13077562,4.8473177
17343338,4.803588
9905129,4.1657777
2487728,4.1925206
13051085,5.2864547
6837110,4.6134434
10477123,4.417934
17845060,4.021655
8114685,3.681988
11952796,4.9761853
18023362,4.3955793
17480784,4.3927097
16984588,4.4394007
13263750,5.1303644
11336922,4.052557
16769787,4.776833
12949807,4.4121428
1212822,5.2370496
7874136,4.545661
13514690,3.8870285
8366781,4.93746
16362336,3.6123753
18619750,3.947806
14711125,4.8712373
14948506,4.5822372
13375627,4.6149554
3791325,3.2173967
14372300,4.6602592
17649690,4.150679
11259847,4.4606175
17386330,4.8442373
1910270,5.5281796
12905157,6.158413
13021103,5.7087345
4401445,4.33543
92481,5.0693803
17586323,4.5446587
16256112,4.5156846
7629993,5.0461774
15706693,5.8129077
14994313,4.5605454
17844682,4.372838
10377445,5.2532697
10370748,5.070081
1881556,4.629334
17964285,4.9500284
3821364,5.0383587
8704710,5.4043036
8431794,4.4237742
65019,4.53395
8608064,4.5670495
17157438,4.653652
6955143,4.772658
14050156,4.3025103
9885309,3.9818654
12809925,4.3448133
9256418,4.096766
10232354,5.419007
17638752,4.286956
312192,5.1043735
6505881,4.3253794
4446024,3.8983686
14013142,4.6908407
10071511,4.626197
15722377,4.640907
123354,5.458743
185536,6.114472
951927,4.251943
16464123,4.967878
20013291,4.591976
20253237,4.389053
9133278,4.168915
7883220,4.6704044
1236964,4.122983
10504508,4.6357946
16652950,6.3780303
5870855,4.9438763
4305143,5.261504
17953753,4.7636495
8590893,5.41686
10813133,4.842024
5224210,5.7704678
11700127,5.149391
16068518,4.2101026
16811770,4.854005
2202752,5.308818
16734253,4.9130106
9107692,4.6290264
813793,4.117889
12321227,4.271721
10366219,5.433066
14281166,4.3700924
214917,4.3344684
18057285,4.5630984
9405895,4.599901
20405090,4.315134
17190525,4.7873282
17335926,4.7589726
15482102,4.236297
8548577,5.2695026
13754267,4.343252
10864452,4.79354
3324943,4.3082967
11162475,4.2523947
2339884,4.3120875
4181006,4.8028517
12999537,4.0330524
4526825,5.228342
16106701,5.242185
17039783,4.7529793
2062630,5.4054427
14486192,4.583324
9594976,5.291507
11604307,5.3470464
9478370,4.7711816
20978029,4.9180465
104010,4.9129725
13866843,5.492511
17111788,4.427886
16414506,4.899524
14337176,4.7957797
1332343,5.095307
20040078,5.63543
7367484,4.3045797
966167,5.0466413
3666653,3.345297
3960855,4.5741568
5206830,4.2519474
1213582,4.7562065
15003721,4.6847835
5728500,4.056828
21057757,4.2322955
7759598,4.494729
19157762,5.025897
4412185,4.2822394
11399265,4.384594
20565481,4.370516
2713887,4.4612637
4244248,5.0915084
6714921,4.7339334
5259425,4.944284
15149002,4.7352967
19829879,5.3653746
1539723,4.797449
4754285,4.3289576
11822282,4.1777124
1613419,4.5975614
10314411,4.0202866
2737590,4.3111844
20459100,4.9945345
14421841,6.14493
8924552,5.297191
4471358,5.5058274
13164770,4.918655
18498466,5.0149455
1520938,5.4714017
6914642,5.6042094
1284776,3.9871879
16828438,4.2955823
20390763,4.1502123
16068604,5.591788
7729217,4.055038
20694273,4.132749
8442053,5.4092045
17191476,4.0985785
14446278,4.2622614
16741471,5.0877867
14535422,4.3832035
3939412,6.13988
4410636,4.079978
20591714,4.4625196
6084475,4.308553
9698823,5.106565
7475573,4.028607
17641277,4.581584
21046393,4.8068075
19621939,5.141521
2637299,4.4695683
18790146,5.2279835
17143079,4.44448
4093759,4.922513
2069709,3.8917348
18090441,5.078262
14807814,4.102152
17750413,4.9947076
16175237,5.453446
11841709,5.2083025
15310285,5.053786
11482656,4.9758677
5454050,4.99706
17719353,4.7181897
12051090,5.182693
16917500,4.8016744
9969226,6.001079
18054742,4.363511
7579556,5.5100565
11462944,4.7824845
15560258,5.1649313
6244013,4.334995
14388651,4.663348
7519076,5.829551
7807401,4.361453
12188768,3.8900766
303725,4.8065696
15665400,4.7745357
3449071,4.8578057
9447099,4.314257
16412449,5.0998006
13913156,4.4972534
17778521,5.5163484
15377293,5.6041613
14395668,4.513517
19532898,4.370262
16572187,5.7197323
8019077,4.6783137
15797986,5.309982
20581096,4.0785294
15967589,5.0794954
19349973,5.707917
15499079,5.083365
3425054,4.247175
15453985,5.4006586
14839927,4.3564696
7052026,4.4562397
12005036,4.559833
14839639,4.658048
1984816,5.686815
15859982,4.479036
6480445,5.198524
9846468,4.905417
8370959,4.3263516
4677469,4.2668614
13379635,4.196765
14168012,4.389446
14698446,4.1987867
3330,5.272109
21119725,6.216514
17383953,4.210153
12857707,4.9994206
16402728,5.2934566
16410729,4.594137
11357182,4.920422
18143197,5.3926907
8683610,4.8281302
14962746,4.497672
640352,4.287341
10041589,5.342824
15498193,5.265045
18312297,4.7721643
11799923,4.079907
11181138,4.262674
4510968,4.1347604
14918541,4.7341423
12169389,5.985319
8077469,4.287143
17499457,5.591049
7388254,5.0357385
1337148,4.134591
5070255,3.9685667
19545605,5.610295
4709882,4.245853
79502,3.9765468
17119886,4.0869775
17857110,5.2582192
13668906,4.1991463
8485093,4.6553555
17069743,5.043337
471845,4.2646694
18074138,4.8189807
17827953,4.6879897
371138,4.725935
13240084,4.9996758
18179684,5.6981897
17498696,4.674803
12431405,3.8048608
14370360,5.9464974
16735755,4.3557506
20636650,5.3720064
3783156,4.238119
2176866,4.4017982
15055709,4.870552
13479741,4.4668784
2739707,4.071971
10049040,4.834714
18734568,4.9825826
225926,4.1202917
8581153,5.1272936
5704852,4.8232374
12202521,4.292889
6643952,4.3066974
16496723,5.256089
594627,4.833013
4377929,4.997997
6625283,5.4874134
6767011,4.6391454
6601194,4.2268763
13587724,4.3751163
2196756,5.5070925
16134075,4.947452
4653987,5.8824887
7272680,4.083873
18108814,6.197908
7909229,4.9109
3139623,4.3082795
4137681,4.487929
16942000,4.3395944
8193538,4.2933764
9509014,4.5211763
7901715,5.8568296
3052275,4.82272
20433388,3.6708956
11927300,4.673427
9350779,4.675914
2446430,4.7675567
16651430,4.275428
301991,4.723235
17547188,5.0782433
9447397,5.047524
10535847,4.269347
17992341,5.2557898
11830503,4.766688
4210004,4.1752715
13532946,5.432587
7093109,5.320404
16026815,4.436082
6574333,4.4614787
18462090,4.7404146
7544831,4.3095417
2146019,5.165364
7328260,4.827111
1096326,5.561289
10788568,4.255973
286662,4.604953
20541408,4.571746
10100177,4.2195306
3986579,4.7213607
20408325,4.8964434
6652755,6.2616653
4431247,4.9118123
18008313,5.226382
4439461,5.1042714
13004037,4.7414966
20439931,4.1963058
17268890,5.0548735
16230083,5.004344
3258040,5.3055124
20236311,4.686958
2123079,4.8263903
12095529,5.0034986
27546,4.375403
20482335,4.431127
19242246,4.377099
8290197,4.4863806
6704897,4.847179
7009809,4.18701
1164101,5.6048822
2432545,4.4043226
18345659,4.2346716
16029183,4.9812756
5647453,4.070584
4379313,5.0715218
6926689,4.3150415
3905190,5.1912327
17419087,3.896157
12882001,4.950781
17226,4.9245925
13649060,4.399018
914594,4.511935
13497305,3.936575
6718545,5.582469
16189905,4.728602
20411915,4.7319665
17481554,4.1707125
17797691,4.3852577
17233693,4.401807
5040653,5.2620926
1056256,5.1555834
875606,4.8170724
10841170,4.0423098
8794624,4.744327
12412503,5.4509215
445437,4.637283
20958162,6.081206
19448302,4.798542
4753419,5.1325483
15536769,4.284748
9533157,4.300956
1096966,5.6750846
6731170,5.1398396
11191899,4.932921
12610990,4.944086
12703904,4.227723
16698848,4.524638
12247867,4.1204247
15535351,4.5334353
20094965,4.4707413
12143823,4.129715
13079204,5.4517646
19655651,5.1881404
13714214,5.5463
9373544,5.009702
20744654,4.989817
20516379,4.124271
14165919,5.0544634
17716523,5.061141
17539341,5.5140595
20679181,5.0596247
5013797,4.143112
13356616,5.517867
20309455,4.558289
18490918,4.9905586
17070664,4.964349
9736164,4.8449707
15766723,4.4525037
16705163,4.973111
1313472,5.6898894
15719599,5.920799
3883996,4.399763
9457818,4.94116
12933678,4.228081
14313285,4.2135367
13883509,5.0498605
19611699,4.981762
1569791,4.73525
18290495,4.2018437
13924403,5.1502776
6930501,4.360241
10161361,4.1169705
4738356,5.2491927
16142220,4.216541
2846662,5.1291375
6337257,4.6953216
17329569,3.9945984
13576960,5.114321
17209548,4.4567246
20638452,4.275881
16061802,5.2392616
13312135,5.6275725
6170699,4.4438343
5447255,4.109467
14030807,4.9637895
20817037,4.254285
13263878,4.5256405
7691534,4.833684
10296953,5.1480207
16406492,5.689263
19114447,5.6446395
16202104,4.1627197
14314240,4.829287
20437891,5.0246124
15799361,4.4118896
16439110,5.1632476
20223912,4.4978156
11045870,4.19391
16127009,4.2825527
3505386,4.135933
10121380,4.4247165
8799100,4.5426
8268849,5.0257306
16016181,4.1629524
46900,5.0892653
21041067,4.0760484
4663804,5.2295833
19057230,4.656464
16577223,5.2207065
7825695,4.187664
14501010,3.5319257
17152840,4.730411
10413927,5.9308143
7499674,5.1287665
14556661,5.0144997
8482907,5.024844
9027426,4.247419
19728476,4.4301376
20432170,4.240489
9198565,3.6605425
16362002,5.1069245
4939779,5.392492
15917855,4.19133
293837,4.6741524
7990302,4.3024592
7804414,4.954542
20014969,5.333046
18221172,4.848706
9186666,5.1014566
11850083,4.931084
17927481,4.8379846
9857967,4.428573
841484,4.2519956
15716232,5.801882
4842895,4.3977995
3751110,4.773201
325429,4.9337044
13356508,5.351274
17281347,4.92124
6542208,4.9547048
9182754,4.690831
623476,4.23334
8426694,5.124294
7679314,4.61378
787973,5.796832
20320428,4.7268376
308885,5.254608
20871446,3.9832523
15599666,4.8113837
626140,4.1464505
19712270,4.1198707
10588715,4.5118513
591710,4.5051193
4537389,5.4439406
16314655,4.3589606
16403388,5.2260227
15058811,5.0084305
9954831,4.545475
1177438,4.831771
6847631,5.0352435
176129,5.2943172
25185,5.8089647
9343634,4.158082
12054286,4.4898643
16187145,5.311252
20171018,4.402039
13670446,5.027622
9725178,4.96329
16382509,4.613976
4498370,5.3488097
20679072,4.4595323
6112367,4.9030066
19312686,4.596023
8567694,4.587771
15100210,4.2197967
13233113,4.0822144
3591359,3.9331577
4423782,4.2611976
17420295,4.4706144
11602642,4.8278217
8507816,6.0319624
14110392,4.7395506
12132022,6.241448
15980715,3.8491902
6292490,6.272052
6645224,4.3352294
12339067,5.591929
17594315,4.421355
6289478,4.8019934
21015032,4.533556
17543073,4.7960005
15232287,4.3237863
10015258,5.055656
7601839,4.9356275
17174405,5.138011
9228112,4.2578073
16289001,5.457369
15888785,4.5782614
9050343,4.850096
14382618,4.682825
9831813,4.5631723
8355204,4.01355
14092055,5.162245
12388944,5.0504265
6992725,4.4463754
975229,5.2225347
16225687,4.084206
10365374,4.302813
20531744,5.66445
12654226,5.406916
12011114,5.1417513
13689374,5.09874
16808544,4.5202084
15498370,4.6270847
1535607,4.893951
4520702,4.098092
10996772,4.1880817
845501,4.528963
20931566,4.278783
16755202,4.114572
9508975,4.2585893
17389936,4.603439
17405257,6.6053157
20051114,4.282339
12889395,5.028315
17514636,5.693739
6401500,4.0758324
19927772,5.6239495
17691162,4.4574785
3048343,4.164356
18054867,4.87415
17907281,4.854609
1667732,3.9527764
16274814,5.358767
17079313,5.0737405
3954071,4.0356827
12174019,3.930016
11574762,4.5568733
9476449,4.858294
12379674,4.9257574
12011629,4.1402316
18734633,4.2436533
13605600,4.895654
17016258,4.2459664
20828838,5.1458826
2658094,4.380335
14612857,4.7661424
10053602,5.224308
13300992,4.0509677
14963458,4.0925756
9448893,5.5499187
13267036,5.1422615
8753649,4.7529855
1101546,4.2015986
18776123,5.3094296
16243197,5.170374
3944291,4.668058
13188856,4.851392
2346712,5.624967
16469349,3.9433503
13673023,5.312843
3562875,4.018075
13880697,6.111233
9348111,4.358429
17254691,4.8920503
13113064,4.246976
12035341,4.858327
8690773,5.9262595
3043473,4.40049
11547967,5.2559543
6513021,3.8006742
12039617,4.894737
15598895,4.3380017
17031131,4.7420845
20953661,4.36932
3594417,5.187513
18368639,4.9145083
4625112,6.130834
18039538,4.497089
14032944,5.122611
17666846,5.315697
13735687,5.450647
15298236,5.658773
20981968,5.25147
13912725,4.094017
7087223,5.3689494
11594052,5.3179073
16883679,4.3597093
16041764,6.0637755
19177659,5.3541613
60864,6.133171
12338954,4.2155657
7957152,4.380929
20263109,4.4556274
19336730,4.2822337
16253874,4.707878
4263694,4.9418073
19441240,4.927638
9236394,5.4267144
15160693,4.1027846
15340854,4.733152
4037522,4.3938646
5781926,4.7723417
2249282,4.9460783
3584703,4.8533325
18487655,4.5454597
9478328,5.353408
18560515,5.737435
16147260,4.1995387
18339897,4.550842
16443432,4.8059015
19642017,4.978137
18310624,4.2525315
19609347,4.840343
2591213,3.8907588
13046643,4.795589
19812097,5.312841
13530562,4.792116
2331154,4.8368154
11371974,4.140922
8596387,4.6431766
82550,4.429865
5010729,4.862339
16974219,4.0440917
7688481,4.690568
16018007,3.9034097
1408665,4.871809
17048154,5.2243257
15409556,4.03503
16042741,5.284497
14223556,4.860849
20235849,4.4458885
12796742,5.3188553
6192999,5.5086164
13319010,5.1958504
3835052,4.214049
5520934,4.2470098
11624915,5.776697
13043566,6.350513
19694265,4.4658427
12955262,4.057168
14919718,5.2420096
1821543,5.5735235
11752116,4.872606
5268432,4.396323
6758462,5.231289
15068390,3.1627905
3394768,4.485024
1403549,5.160661
6573055,4.181975
13194699,5.569876
2818471,4.8029733
20914604,4.374311
18857134,4.316241
2682830,4.9287324
1489289,4.7120867
15206061,5.565731
16560443,5.26152
6121052,5.0874324
15097340,4.551051
4765123,5.247702
9684617,4.7806926
51546,3.9564002
583067,4.705761
2091367,4.930976
15092999,5.607317
17371416,5.337936
13654063,4.2567105
13362486,4.893567
9079564,5.106805
19737116,4.7733307
14733778,4.290649
18356312,5.5008626
11694884,4.926973
13684012,5.150353
13534311,4.1486955
14521243,3.4731824
1747848,4.9089103
17365005,4.9145975
7858023,5.320206
1144707,4.4614644
4263802,5.1311545
13508243,5.058345
16239774,5.1169915
6460914,4.9361687
14856790,4.514447
11087002,4.7737994
923042,5.0418034
18154150,4.3068094
8972002,3.6785746
1421694,4.0608296
10597035,4.359244
7144129,4.7326274
14355639,5.6525655
11143902,4.910656
14553190,4.778052
16740732,4.321872
17529524,5.242442
16546108,4.9811864
17268759,5.767867
854033,4.9074388
4846345,4.2258067
10520825,5.7195225
10855464,4.2070456
16944182,4.1933947
11044453,4.3763256
15183996,4.342466
15765466,4.741054
18314877,5.049911
4473239,4.4631476
18997986,4.6935916
17463985,4.316029
1706103,4.189814
11024212,4.277308
19158777,5.0013866
15806592,3.845464
15707188,4.973106
19102527,5.453632
15888973,5.606415
13509135,5.201674
16193865,4.2673264
17508923,4.371566
10319747,4.6604443
13878777,4.8532887
14299164,4.210058
4485074,3.9328327
21067451,5.1968484
18521455,5.479946
15787411,4.529112
15659611,4.7059355
2934109,5.3658733
3861529,4.306544
16054869,4.98612
20013095,5.0231566
7369846,4.9699583
18895509,5.479075
14575157,5.909257
12735610,4.4365582
13641011,4.7733645
2967561,4.940468
14689935,4.390251
12929866,4.2964416
8865745,4.260083
5384310,4.502549
14911027,5.3024735
14885026,4.9704165
7358222,4.8756847
265506,5.6486096
13656544,5.0606313
14254606,5.4675646
15844134,3.9907987
11983535,4.8977
8418067,4.881399
10499789,7.1104074
990352,5.1950836
13232952,6.1726
16498479,4.337065
12413038,5.039382
19593585,4.408996
25672,3.161525
18410318,4.623788
3950774,4.295671
9573876,4.935591
14275691,4.1683083
2495596,5.6225004
9759559,4.3618927
11183089,4.178882
5045734,4.2372093
19102281,5.219481
3832444,4.9241843
15157138,4.487244
9976190,4.3940105
839019,5.3950267
20646959,4.3635917
18995054,4.4313183
15222853,4.852135
20125722,5.5774865
163786,4.4195566
13641826,4.7028646
17904266,4.9941707
16585655,4.4048405
13879420,5.7845707
7476299,4.8644705
18109744,4.9386163
13632649,4.4160185
16383381,4.419785
6821978,4.2606134
15884269,4.597244
4258443,4.2473936
15329136,4.9234695
2390214,4.4207006
2373864,5.911506
17979029,4.94928
17667188,5.721523
11280479,5.3558526
3727861,4.8091187
16705377,4.721242
1598872,4.8835816
6601839,5.0013123
5735447,4.6388226
16846167,4.8947716
13045567,5.601082
18333674,4.349507
16227719,6.204381
9511842,4.686352
9886729,4.9248066
13464781,4.5947094
14649563,4.3040476
8882347,5.136946
16910596,4.3645544
8270883,4.9674478
3751008,5.305869
8206536,4.538976
31902,4.115435
9810235,4.477998
16545332,5.0404797
6376734,4.722848
17789443,4.6669903
8754204,5.369048
18272770,4.844858
18962326,4.264901
14608919,4.064212
9970788,4.1951885
12974077,5.6448245
18208652,5.981356
17250684,6.094939
7952396,4.600536
4636240,4.647993
15256527,4.1581607
11418326,4.9892163
15027024,5.9472847
18306425,5.2898407
20722165,5.2653527
13586284,4.9020457
515552,4.4369383
16413074,4.496322
13900901,4.8659086
524134,5.48529
8170072,4.246608
12680281,4.8425984
5445714,5.17867
306919,5.3997703
5101552,4.311846
14465415,4.4163766
10126560,4.5069356
20756922,5.078807
1156934,4.32883
17648830,4.2827206
16137800,5.467711
7626430,3.842685
11680025,4.4031777
13565376,4.1654534
19653866,5.718373
10836645,5.097527
3850839,5.0648174
21014202,5.396991
7595431,4.9477873
7051085,5.0168796
18076570,4.308581
2304847,4.2531366
3646059,5.4009147
1613321,4.22826
16405914,4.3222485
5727850,5.064284
15314646,4.8388996
14756023,4.8418427
15611908,5.160362
12025168,4.59373
6916912,6.8340135
18374099,4.8126407
14731268,5.173743
6919797,4.6626396
4288256,4.843549
9372981,5.2259355
8083295,4.773321
13600761,4.4289155
11414235,4.121841
7035556,5.6627297
4482158,5.194755
17904732,4.3796196
8267176,4.2459674
1198433,4.4883614
15714823,4.35532
20303001,4.5555954
14301020,4.9880557
17771811,6.1253757
10060952,5.686746
15073826,5.4151754
1307228,4.34682
19272671,4.828067
19901516,4.347878
16619804,4.8338265
9461126,4.856975
8595359,5.5119143
12930278,4.7344193
14452503,5.517542
17980726,6.285936
16301294,4.6405587
14278687,4.480607
7077220,4.669181
16545819,5.147519
2453855,4.6593466
12175341,5.014065
12523239,4.1731267
10999421,5.1245303
12891037,4.1994295
16797849,4.11408
13239272,6.3097363
18122830,5.259113
16694158,4.8229384
15783216,4.811531
11987834,5.1804876
9343466,5.6863914
16524446,5.2479815
17300196,5.358623
20433673,4.5531697
10265376,5.1067224
791223,4.528689
15216905,4.4938555
16490359,4.506636
12984553,4.666267
17608765,5.022168
18510087,5.122115
19346045,4.225761
19309279,5.8643756
8099577,5.214059
3679179,4.3910155
17384873,4.158558
19784085,4.1936297
5875474,4.728781
13634496,4.5347805
17830470,4.775425
16617409,4.2434783
12221012,5.307743
12828541,4.0556064
18992032,4.142163
7399805,4.5121417
16809682,4.1367235
14115855,5.094911
5807161,4.6989346
14983986,5.264981
5999786,4.0849605
4565015,4.8868666
15195304,4.0668736
13183158,5.373214
17568889,5.254568
15991936,5.05656
13237830,4.7499814
11573049,4.4384108
4595506,4.42411
3156111,5.7385054
19848951,4.285029
14200210,4.3215933
15572133,4.7175627
15967961,3.8462608
12130093,5.5440454
10021499,3.9992354
17606753,4.706232
15771352,4.996485
16070008,4.8794417
17939175,4.8994036
12229083,4.843225
3946162,4.1781287
4266667,4.434439
15695838,5.981434
4558898,4.325205
6895123,5.9079685
489018,5.3850107
20971457,5.173528
7861157,5.110225
16227532,4.3708034
2764202,4.1915984
17809310,4.3668833
67890,4.3368764
19454702,4.2564383
2265943,4.3113384
19348168,4.8441586
842772,5.0681257
7765579,5.0880833
6986207,4.506402
487536,4.5110903
16276691,5.3727055
8266287,3.8960724
5465270,6.2270727
19951696,4.910547
17761193,4.871661
5393414,3.7839572
15466847,4.8759933
20582484,4.063111
14085597,5.390151
16630594,4.176083
15363266,4.4191413
13614960,5.414159
17007971,4.983424
616290,4.2766376
7053737,5.963195
14091281,5.419385
13359526,3.9482396
12096098,5.569624
12957423,4.603564
8487382,4.369471
7564295,3.808512
14237391,4.8660145
5159990,4.7349195
13995455,5.183843
11162527,4.7861543
17368095,4.6456966
13830107,6.0671153
16872492,4.6599407
16570975,4.871978
1702032,5.1217785
12209652,4.051402
15843642,4.483291
14946749,4.304763
5594409,5.505711
8389603,5.1249886
13113604,4.122545
12054723,4.696851
9664537,4.256869
14311755,5.2041736
3946115,4.7259555
3464553,4.063052
10835029,4.088673
20321120,4.1283865
16541635,5.54754
13927527,5.561515
160148,4.3943076
19716643,5.263282
2947662,4.334953
11990388,4.3410435
3511934,4.45185
12995569,5.346295
6757929,4.8959575
9856598,4.7973843
19770285,5.8467507
12737335,4.496902
14901006,4.9285855
20759924,5.26646
13301229,4.8991237
13301943,5.157427
1669149,4.3652864
18444232,3.9803865
20971571,4.160203
9514772,4.882285
12934059,4.8309393
18158847,4.844515
15603261,5.095583
1514927,5.2404404
9133330,4.9523444
172616,5.0340924
9968750,5.001196
6014853,5.192925
16071145,4.513012
15677881,5.0802608
14593211,5.777332
19141833,5.8751497
9822983,4.422641
9401601,5.0158725
16634474,4.5141454
17720469,4.806609
4680566,5.0483274
19611015,4.310939
21152473,4.18718
16758832,5.467313
2611276,4.879473
7480520,4.8704624
2311031,4.1327996
15915176,4.671412
19780093,4.666182
10353094,4.151613
561602,4.841556
17860272,4.1177077
9999252,4.3572955
6290290,4.2130575
1737255,4.1981683
2636744,5.600715
18875512,4.0374293
9844459,4.636926
10297582,4.907408
7970811,5.087892
1540236,4.488717
20407323,4.912939
8792217,4.2047772
12864707,4.180472
5344465,4.1811213
19691987,4.8462043
10115419,3.998498
13845710,5.1718907
12433404,3.9678774
9661919,4.8115983
9214165,5.915615
8336228,4.733905
7651474,5.0689273
12757706,4.462451
21065101,6.13334
1499730,5.0056167
19654970,6.191269
13801046,4.3167534
4270516,5.0342855
15218217,4.2114515
728498,5.0541315
7358354,5.377361
16661873,4.8977985
4793988,4.0142145
6478803,4.754572
18014072,5.662765
17401985,4.247009
17824882,4.7434406
11440182,4.5789013
9760014,4.6546617
3139749,4.395896
17268003,4.15938
8409465,5.01946
288726,5.059023
14569881,4.459412
5179647,4.087433
7688530,4.000593
6216272,4.1658783
16568427,5.0696464
7630675,4.365772
4555241,5.0358577
5466630,4.4448237
9886811,4.286102
18583351,4.317875
14008953,4.180434
4969358,4.0499854
14556629,5.05878
12427275,4.01951
15775732,6.4020133
5519865,4.7361093
15046001,4.431039
10553276,5.600623
17177641,4.16785
4993968,4.2252007
21118999,4.8922873
3379914,5.425713
5549470,4.2864738
5196399,5.3044477
10332001,5.309423
13325368,4.0663385
11378131,4.8390284
14029563,4.3876147
2371946,4.41624
15734713,4.359033
14473668,4.2144885
16570249,4.2840705
3005261,4.548836
9019915,4.046356
9322621,5.0665226
15980559,4.7436943
19983644,4.3757005
13829563,4.105633
5005798,4.669097
14726699,4.882208
16416015,5.0906634
18163535,4.325894
1516472,4.3160534
4503472,4.4671917
14771671,5.2892704
7260826,4.1054516
12000617,4.237162
12676400,5.7611437
9012348,3.9613667
19518434,4.9192257
6452188,4.2886844
2737566,5.6834908
7388497,4.185039
16394790,4.8597383
6400649,5.227846
13079077,4.2451515
18273184,6.1056004
12026856,4.952752
3613494,4.094147
5616845,4.009147
5969483,4.109237
18198439,4.243204
2032727,5.960883
14947276,4.312606
9731855,4.0757184
17716307,5.137013
18812330,4.0893674
8341021,4.0625787
2094213,4.414162
10177726,5.245316
10423083,5.3456955
13652639,4.1437054
18672625,5.1259522
4121691,6.116131
15547485,5.8307977
9642864,5.058808
4550084,4.6954384
16112832,4.12551
21038410,4.395435
6326257,5.472187
1061337,4.1806183
9492864,5.2036777
9758406,4.3743505
11033590,3.849584
6688865,4.409531
17848125,5.1500435
3968434,3.7159028
2092611,4.8202977
12871578,5.6029983
2123526,5.1392317
14418783,5.064292
18823584,6.1540594
14570017,4.4233327
16073158,3.837456
11527162,5.7147307
15223612,4.9035964
16862946,4.8759956
13150667,3.8882704
11184153,4.984521
7053933,5.1942577
2107429,4.0706143
11456374,4.7997456
13318448,6.0588984
9346080,4.3125005
3060766,4.911646
2038614,4.759507
17466670,5.122479
552216,5.6141
15191738,4.936402
15731924,3.756208
17251398,5.5695896
21148758,4.782129
13519630,4.5108566
19838251,4.869022
457555,4.674012
16391620,4.1914277
16301809,4.782654
10502323,4.405548
6914268,4.3197393
14352845,6.264047
9281018,5.2278013
16684913,4.257187
16677792,4.9271436
58467,6.3679957
16533016,5.2910676
19896613,4.9769263
20309353,4.7017393
8034908,4.9191065
19500920,5.503226
14590098,4.758639
14122244,4.2493114
4069164,4.2922196
7531700,5.1422234
20491669,4.588428
8781592,4.4456077
12410264,4.790562
18197137,6.34587
2994536,5.0340004
16290524,6.015177
18163727,4.930758
15094729,4.8148
4244174,4.42588
17821524,4.6931815
2477836,5.245367
16561123,5.7395835
18406772,5.5468464
15250975,4.358216
10860611,4.096713
17249297,5.5229626
13463310,4.6596866
12532453,5.402748
8520094,4.9066787
307844,4.6084423
13786151,4.528296
3066976,3.510488
8580860,4.6809363
364397,4.904178
3143254,4.6447115
18073479,5.1289253
20552265,4.5381365
11885044,4.5884104
13925193,4.258808
18601252,4.9627967
16407461,5.898981
9606832,4.806579
5928742,4.5955453
14614309,4.505284
9812290,3.6307878
16294525,4.303587
17191124,4.0711017
3303497,4.7390575
1857464,5.524415
504362,4.6668787
9999220,5.1281805
2361250,5.0543456
5013137,4.920961
7383380,4.5739927
4387067,5.759771
17012331,5.382216
18865501,4.7568545
12781270,5.351792
14322962,4.198784
20786456,4.6475863
17500053,5.856173
20805457,4.4808435
2925398,4.9674883
10137628,4.3702044
19199391,3.8133216
17654410,4.020212
848508,4.4980216
12433422,5.1029534
19459006,5.459882
13638108,4.0288205
19455656,4.9970446
16498229,5.3598495
4377247,5.629096
20828460,4.8794146
14761835,5.63003
10035314,5.1464605
14169914,4.87258
16740870,4.4285746
17653273,5.178653
14967356,4.010546
18706127,5.3761473
1915172,4.386139
3539510,4.4240255
15790423,4.5536304
10902750,5.0718784
20620600,5.1182613
19529421,4.93824
15287242,5.113117
3616001,4.7400737
13020053,4.799193
778974,5.138742
3157330,5.0113664
6135414,5.658315
454026,5.3098607
17214283,4.998416
20203454,3.9540534
14360516,5.8819203
3939307,4.265518
12308210,4.1724186
19280513,5.3022027
16310180,5.309838
17141081,3.975779
6846209,4.954405
11474754,4.8129354
9047417,5.1709857
18567322,4.780949
16506121,5.757028
19069702,4.8268175
20941849,4.891096
9479582,4.303997
17826477,4.450777
8988074,4.847025
10523988,4.44459
13509450,4.556262
12835579,4.0535455
21026071,5.948481
21090350,4.8969226
653166,5.636481
3923538,4.5486717
13379824,4.9167423
16943395,4.3108983
14057363,4.1833014
21154702,4.516015
18086406,4.540355
8645165,4.3872805
5958080,4.5889373
10598766,4.239209
10247549,3.9700305
5260322,4.948852
15888493,4.638103
6688513,4.203362
5719742,4.1761737
11132775,4.7648134
17424816,4.375644
20087240,5.6774917
5056421,4.4092183
7690408,4.8466673
1429687,5.225209
4632444,3.9635842
18376729,4.9036884
18077983,4.6897955
7750936,4.9852276
1737891,5.4881115
17934447,5.136411
12156817,4.365359
13077627,5.2095
13187006,4.6043034
3394696,4.3811517
15451702,4.98482
14463226,4.624537
15857916,5.319388
8088445,4.2223897
16930585,5.498134
5135,4.310298
3549067,4.2613916
16962800,4.3760443
20979310,5.1403623
14820254,4.2575927
6196000,4.4886684
2569108,4.18136
18308056,4.250978
19163361,4.9943304
3463914,4.7681184
21040889,4.8426633
17157247,4.3425117
13997168,5.596817
18071399,6.3706527
14127027,4.2550282
7998351,5.2913766
10174662,4.927153
14139651,4.4553714
20091561,4.2601647
6515813,4.301947
3877987,5.109939
8653463,4.2731395
13061881,5.2130146
4842507,5.16467
19602515,4.955924
18647180,4.935188
13769222,5.884628
21150668,4.6238127
8169923,4.8276844
17604305,5.225721
7631233,4.045492
600295,4.7489123
13576818,5.1930017
12956122,5.5857534
3277849,5.246651
12154870,3.8211567
16481615,6.277351
10142499,4.460453
17447161,4.9649653
18585549,4.5694284
654612,4.1177278
8673679,4.294135
4183886,4.1377654
8072118,4.0563197
18016980,4.3698754
9466894,5.037946
7801394,3.7439895
6527596,5.597725
3344631,4.482429
14163352,4.910016
9344096,5.541944
10381948,4.892164
3603426,4.2321243
9347368,4.6023273
19019919,5.7337437
19737311,4.7962494
16367184,5.2043447
14490262,5.3481174
19069018,5.084066
15990488,4.2848654
19503354,4.5266814
1107780,4.442595
13999812,4.9109077
12470430,4.390632
20054293,5.0597744
3116428,5.143832
9393744,4.5079823
12956310,5.2562914
233528,5.047925
12758498,4.742334
5487455,5.143106
17015036,4.697947
9075545,5.5296106
15471909,4.037351
15658379,4.9254236
18161113,5.588559
15631853,4.7926865
19709281,4.2777357
2264035,4.340568
16265669,4.2201476
17517651,4.499732
10042135,5.1325827
14966692,3.9630992
20607362,4.2958884
13033144,4.7644353
17657991,5.734982
585140,4.8722014
16331645,4.2891297
13495558,4.455735
12133711,4.4135404
1840255,4.1668253
20828518,4.5339994
18962382,4.3039575
15271483,4.3479056
10411383,4.820452
15037085,6.3816333
11345911,4.7358527
16160189,5.196712
14640039,4.898728
17303429,4.65577
9728739,4.2703176
4518365,4.0650997
7621766,5.1351757
4227554,4.2309666
3005143,6.168244
1566969,5.3038645
17968140,5.186698
19035560,4.9673314
17527059,4.279181
4737949,5.6508126
1817821,4.4387507
12950890,4.9036946
18064322,4.118671
16164151,4.206151
21026272,3.7729614
16795983,4.7757096
17589436,3.9541008
1827491,5.7157683
17072434,4.6382394
4067324,4.785314
666636,5.4824896
9976908,4.454124
12365206,4.743591
14438918,5.348264
13653116,4.7030873
1042806,4.304227
15807827,3.6527138
18608130,4.126501
7919636,4.4607964
17669033,5.9703283
4809457,4.904289
16366744,6.0434947
15407999,5.025252
9856425,3.906803
20972251,5.100427
9523431,5.264493
9026479,6.4469113
17593977,5.2895207
15644051,4.0672936
6731564,5.336665
17864993,5.1712656
16603222,5.1229205
9578639,5.397311
669825,4.4945383
16001494,5.857813
9327046,4.486724
8685857,4.318872
1055337,5.060732
20214044,4.5005455
6475981,5.284974
9493335,5.1015925
15738758,6.0065417
17830058,4.315739
17978574,4.6594787
7807234,5.0313196
11521447,5.3380637
14057466,5.0789557
15436479,5.2000437
1920205,4.9537473
14454364,4.5564647
15499376,4.085093
4040900,4.131103
18466229,4.5488276
1608220,4.5809665
11759713,5.22867
6823518,3.9858537
1640268,4.9799623
10329769,4.681601
9920607,5.285867
9103402,5.190587
10497657,4.6430445
3227002,5.1912327
4821786,4.2122803
8496897,5.073298
19809056,4.4942975
17848406,4.415571
10019587,4.5548553
8569534,4.409918
12782772,4.9252396
10134298,4.875238
2824012,3.8742392
16321714,4.7273145
6820210,5.061955
9045876,4.8698535
16503995,4.4480877
221473,4.2529716
18256349,4.35241
319844,5.0611043
18991523,5.4017053
11101987,4.728863
19822088,4.189095
8459687,3.9977264
12325869,4.770722
4175829,4.158953
14655574,5.583336
1885386,3.9177496
10586052,4.709229
7649299,5.0524683
1827709,5.6646585
2424342,4.426276
5039786,5.625967
6970441,4.102734
18136792,4.920106
15284907,4.303066
1099893,4.479515
15984856,4.3505087
5874408,5.0315285
8200729,5.597776
3139646,3.9252524
14476185,4.409349
18703078,4.36568
4365156,4.37
6044166,4.95534
13512040,5.3162527
17922600,4.4317727
10989683,5.100548
14744592,4.9265676
20096412,4.253692
21087317,4.1670914
20233849,4.3492846
15070636,5.179462
14102563,4.038272
15461706,6.140222
15655260,6.120598
5068972,4.808536
13614193,4.2169156
4680505,4.528963
14696542,4.7917233
7401048,6.4353237
9523488,5.3897696
13992113,4.342368
18025794,4.7252913
4024085,5.091817
12267522,5.148152
11944404,4.657919
14077991,5.206403
16496476,5.2584147
18314981,5.3355713
10124430,4.7814255
19965299,5.600074
11497060,4.5723
14993571,4.9292836
9217488,4.0031743
182083,4.405632
10810,4.357269
560867,4.2563376
16131680,4.4037247
414801,4.728856
14139488,4.0236
7698593,4.7470512
15857905,4.7993674
15149591,4.3828096
2231814,5.1912327
19841837,4.67691
15634920,5.1766796
19069223,4.990659
10165064,4.15119
16960781,5.3438344
11908036,6.220884
18949091,4.9061728
15028279,4.166865
15037640,3.7895668
16363175,5.3878145
16845141,4.0786347
12088252,4.7919297
18330716,5.3115473
14205033,4.372662
2023577,4.4598002
6261958,4.938879
17844059,4.158567
6064632,4.3057957
17013008,4.556998
515430,4.207753
6246305,4.0555468
16635855,4.320913
898544,5.304019
18225851,4.8991446
15336355,5.593492
4786526,5.132206
946130,4.601514
16040291,5.1263337
6237475,4.1252594
7359878,4.676008
10235526,4.747184
14071802,4.432146
20693035,4.0857196
9349010,5.7102737
18929965,4.2191596
13764058,4.8265405
20909252,4.7482166
1559951,4.10856
14961824,3.9690583
16532147,4.1326027
18059231,5.237375
14579397,5.2978215
1441275,4.4537144
13129321,4.6158543
18158123,4.8708463
15176149,4.8648276
16190668,4.7122726
60084,5.3387704
3869779,4.396779
19744503,4.7553787
18157393,5.0377326
17772521,4.3849297
481334,6.1369114
17382679,3.950714
13822434,4.465192
4417774,4.3445354
6249334,4.2839913
16892955,4.5529556
18434133,4.3447022
14666464,4.665469
14428321,4.349758
17528875,4.8931146
8607856,5.0896153
14239534,4.1272345
6119703,5.8728437
5480080,4.963434
14627307,5.200445
6359673,5.3692756
16408821,4.873847
20409484,5.3482933
16491557,5.967742
16443279,4.203174
16221732,6.5713916
18123048,4.8491025
1223543,5.704617
4976033,4.307072
8547627,5.041574
20493398,3.437349
3944737,4.3716393
14027756,4.202827
4379181,3.9098315
12918829,5.224749
18460137,5.860689
9331520,4.5591893
15620627,5.015126
8539505,4.553978
7574515,5.026228
13999043,3.9608183
18656003,5.118671
3522119,5.9740443
15546739,4.863592
10383291,5.416937
9754608,5.113149
16897227,5.0442033
18203651,4.0357094
8196388,4.60079
4098271,4.1298194
863225,4.483248
12492509,4.4246373
15149169,5.104213
20732926,4.3473864
18873106,4.415997
14265327,5.3899884
9064714,4.6768303
15084304,4.8546853
17508585,5.0697184
7582520,4.64865
20817403,5.08949
9231791,5.214837
21102682,4.4839573
14654471,4.773524
13729180,5.0213737
11950632,4.80281
14416126,5.652519
19673878,5.1885867
18378400,4.7091594
15289863,4.151839
11607924,4.1579156
14760435,4.378437
11851356,5.4250216
13900837,4.1397448
2410846,4.414462
19156841,3.7694368
12515067,5.006708
12233830,4.186409
13787577,5.0973206
13547280,4.986372
7035117,4.3019214
2243769,4.7564
14357579,4.7826853
15985315,6.508891
12125998,4.913877
18908490,6.579209
11491175,4.9486055
21026891,4.090098
8686167,4.3462343
11435529,4.7680163
6673960,5.067614
7638083,4.552004
17283456,3.9564507
14051814,5.033723
18670285,5.359452
7713274,4.065868
14611204,6.5456347
379471,4.409144
16213483,4.2201552
16284165,5.5475183
17270884,3.9967492
7310887,4.746926
13170825,4.750615
4685521,5.0722632
16097244,5.1252146
40039,5.2228103
10887948,5.407176
18124889,4.991959
15924820,5.101369
8255301,4.2574716
15542097,4.8820796
787968,4.0084524
6881101,4.0230937
12664893,4.13796
13082717,5.6156173
17909558,5.54508
20514740,4.2727675
1945299,4.9225645
16362094,5.969267
13279735,4.954643
20210279,4.387783
16928523,4.324671
14899860,4.2187595
9445192,4.707255
8940685,4.4201403
14015279,5.813963
17269814,5.1912327
7275108,5.178837
17078095,4.1574426
11496841,4.600868
834961,4.2752037
11169761,4.3615904
6416247,4.454631
13528873,4.543484
19908178,5.9100237
14139656,4.778918
10498427,4.7944536
9346505,4.6101933
19387438,4.5138035
12055249,5.5146337
6885692,5.186663
455864,4.7297993
247000,5.07246
14743440,4.38229
7856323,4.562211
19888622,3.8072462
9078894,4.915274
10489240,4.151802
21163133,5.5428033
16913696,5.067655
14725304,4.9652224
14264040,5.7516932
3036188,5.109001
16314585,4.3250213
16288205,4.003388
4195677,5.0483985
5059370,4.29644
6771374,4.7797627
18433747,4.06255
11583678,4.835388
16541048,5.10974
17569245,4.258773
251615,4.377061
17778664,6.215342
12814469,5.2706394
16218288,4.774888
18062462,5.655532
14012340,5.217084
4760076,5.522401
16885819,4.2626615
17296025,4.8796587
6476242,5.3978114
15055300,5.3248053
886342,5.044168
9108990,5.400716
16006323,4.419418
2943009,4.871508
15522011,4.280718
10173271,5.651868
7009152,4.1808057
13606847,4.3710155
781313,4.2786365
622134,4.3987308
14843660,4.8199997
15760518,4.1866336
15476718,4.889165
3376895,5.126798
6324589,4.9284806
9716437,4.8437977
18755777,5.196054
4283060,5.8167515
16395825,5.2038302
13787785,4.3473077
18025671,4.764913
12656575,4.910434
1048410,4.933091
18005909,4.4586
14722271,5.91551
16996894,4.9460835
3983379,4.8429003
13956600,5.120753
12796034,4.368225
12889876,4.063239
16777820,4.417199
8058693,4.4337554
15273936,6.443538
8273260,4.4765406
7598367,4.1341896
11965767,4.8964643
6424227,4.2621946
17615783,4.5379105
9910133,4.5212193
784124,5.1715407
18026732,4.86005
542016,4.068064
14869440,4.3916783
11326272,4.890435
14449133,4.957958
18605469,4.598363
15146865,5.1991816
20642056,4.8956532
4199156,5.2776756
7676386,4.430468
8975201,4.7950196
16148667,3.9012756
13125270,4.5128474
1185566,5.019393
356723,4.345041
4637470,4.4306736
17638709,5.1160216
16172686,5.281587
1716922,4.050137
2939888,4.3544345
3627430,4.50221
1159751,3.8996208
9747399,5.622009
19818444,4.670366
14948410,4.3289356
298259,5.329439
9937535,4.803213
16269470,4.3312488
10075301,4.5263686
13843301,5.17108
15701848,4.433887
18077238,4.3432965
1230137,4.2721186
187671,4.3855653
18869812,4.1470737
3265191,5.6160545
9029370,5.909153
9184050,5.7251406
18668594,4.524744
12169612,5.026735
8541991,5.0600863
7260012,5.4216013
17206815,4.5193906
11755881,6.251371
798008,4.5574512
11069629,5.1038666
13811836,6.1864433
9707732,5.3899336
9645768,3.8864224
17419508,5.4097614
19736984,4.872757
1347170,4.2681613
16165225,5.343001
11168007,4.820819
12027959,4.5410995
20164718,4.059996
8570560,4.971323
2028360,7.207705
17702303,5.54581
19459929,5.0214477
6723207,4.8486342
7360214,5.337965
10271792,5.4611588
13748600,4.061665
15202893,4.7030373
15943164,5.7101917
13824740,4.870996
8634792,4.6109157
4783809,4.535115
16964771,4.014839
12396888,5.642443
7854011,4.057726
6611126,5.2793365
13167538,5.185967
15338402,4.8011913
19843832,5.697704
19588937,4.3972597
20759226,4.242598
1673338,4.282905
5478359,5.2455754
11065571,4.141284
608127,4.5216856
18229718,4.8286247
18354443,5.063193
9495383,4.594345
12834140,4.8364387
16071011,4.953895
13192808,4.4952703
18191381,5.5606647
14934534,5.30523
3283405,4.8407845
4392914,4.26876
11544575,4.3598666
2345783,4.593713
8833630,4.988857
2114274,5.155998
9905474,5.2117233
5617847,4.776871
19198831,4.2894173
13613812,5.0910482
14835909,4.5555954
13551275,5.011158
14334888,4.9426675
19839113,4.7603655
12871404,4.7626266
530184,4.7236376
1944783,4.4330354
10810494,4.158743
13528649,5.134402
583236,4.9809513
10828944,4.977944
20996620,5.204359
10035942,4.179065
8164953,4.1082816
14666190,5.4672494
11939561,4.0832176
20680431,5.2797003
17495286,5.5044804
12132772,4.350911
1584323,5.069571
6029497,5.0597243
20001006,5.15336
782970,5.1930814
20970771,4.458153
6337725,4.5192437
20730899,4.5478525
15379923,4.956338
13881481,4.4424987
9383406,4.9337935
15072307,4.740333
16449357,4.5244007
2261018,4.3402343
18414972,4.094708
9867808,5.4426374
16755381,4.989182
11239481,5.33536
17332371,5.7820888
20409395,5.1856685
1589248,4.4342027
12497464,5.1946425
2240661,5.023679
16559120,5.095447
2553391,4.9660473
1488883,5.770486
4359718,4.558323
19847464,4.618557
20039254,5.4454737
16338301,4.4463444
9840456,4.8355556
4962537,4.8355484
15400398,4.976854
16883813,5.6600394
1850260,5.582636
4196767,5.865042
9953024,4.306836
11206330,4.747235
7700503,4.9992576
2240196,4.4056034
13114164,4.4705987
16456318,4.4688807
6843452,3.8685308
15700520,4.652686
6655763,4.106722
18464882,4.931481
20634950,4.746761
17557565,4.0624056
16395468,4.187442
10208745,5.702497
728613,4.9802184
12764378,4.505811
4830154,4.981241
7790214,4.3980355
728708,4.660934
7693611,5.259358
8409459,4.4241676
19239208,4.832878
10040593,4.452836
9545027,4.906935
9713116,4.3975463
19289515,4.407878
18891018,4.9158983
9807494,4.669097
15553733,4.400269
15721847,6.60027
7859448,3.8861659
18427596,5.00132
8426874,4.356765
19429287,4.590786
1836467,4.4641767
14565888,4.046642
5374226,4.0416718
19313551,4.195417
15657261,5.1306252
17640302,4.1567726
20663936,4.7102656
9364427,4.5859704
19174707,5.1769614
17212197,5.26892
13941785,4.8105125
16141655,4.1742415
13526483,4.2350283
17094703,4.5514183
18704012,4.9980206
15806228,4.8397775
2823443,4.297909
13743786,4.5931625
15887609,4.87692
18414304,4.0288405
761606,4.35776
804246,4.4684143
19101808,5.1293483
3116519,4.33
13956054,4.503899
17299846,4.46341
15397646,4.9373946
13996108,4.0552535
5561693,4.4922285
18376450,4.7964387
6480490,5.034858
5768516,5.177658
12191270,4.923876
5013658,4.4552875
3842224,6.0360627
12358495,4.329917
2954320,5.1783433
17778026,5.4886017
17927065,5.4965825
16416135,5.3557935
14890570,4.3148885
4619162,4.3839993
6949526,5.550774
6426364,4.1404057
16514760,4.2874136
9487684,3.9788132
13670297,4.9073167
18193845,5.0127125
573036,4.0124936
2232600,4.8922734
18913714,4.3996444
638927,4.4322433
860776,5.3037167
8102145,5.4875975
854589,4.383559
4160934,4.375527
11732393,5.7129393
12151445,4.295173
17388450,5.919944
2429295,4.877335
5028653,4.311843
7243478,4.13241
19468444,4.3263984
11912173,5.2640605
13656154,5.28258
14474750,4.3565803
4233266,5.0884957
9490599,4.3112044
16394258,4.253968
11326539,4.946532
15784865,4.8275514
991765,5.740722
18314835,4.652195
10811548,4.9624724
8721888,4.950162
2127713,5.4953313
17464358,4.9067235
7457099,5.5537353
7699095,5.1432614
1005416,4.6005363
14449898,4.512595
17402220,5.520538
9716378,5.1292715
3479421,4.5330687
19663834,4.515923
16121611,4.708411
3908470,4.2766337
5194720,5.086615
9997449,6.205778
17367335,4.571614
14356479,5.079766
38780,5.618803
10808086,4.815553
19892549,4.929849
15718810,4.943327
7682344,5.396557
6377669,5.4093003
17442248,4.4834037
7540104,4.7280893
8272389,4.5265975
4662379,4.9804363
4170796,4.767388
7547536,3.4365082
6674401,5.759186
19054657,5.2384605
16587686,4.921273
9451768,4.0454116
14568352,6.0851984
6601036,5.034811
11675817,4.393089
15422382,5.707996
6342741,4.089142
17303910,5.6022587
5536844,5.182671
16427988,4.2682657
272044,6.1186423
7495831,4.253843
13296897,4.337174
5546221,6.0270133
12274601,3.8063574
15550898,4.9488096
11700764,4.72821
12830558,4.077251
15353298,4.444506
8837755,4.7673182
15902035,5.5711675
5308054,4.8164134
3240105,4.2493978
14842489,4.3177037
957224,4.065311
17223884,4.1932006
20055786,4.322853
13100435,3.6182785
13247627,6.2735143
7717284,4.2210298
15831628,4.626524
17962113,4.741429
10085052,4.7316513
16554997,5.1906614
18326528,5.661422
5512776,4.8757977
20505903,4.446341
19730536,4.5258927
14925244,5.454971
11338519,4.3666196
16102562,5.7431064
5482196,5.063605
5883697,5.0784163
16095062,5.4721065
4765593,4.802179
7839661,4.826516
17328869,4.8667655
1805138,5.1954412
20440757,4.247736
18840106,5.4031215
1461822,4.447804
18634199,4.220174
18269848,4.8223176
21053471,4.883983
3977417,4.4030128
12211971,5.408536
13671691,5.232044
4263821,5.1359377
17770822,5.0440416
12579094,4.6820126
17845667,4.339085
10805091,5.134428
13907143,5.072597
18176856,5.7424374
310448,4.38253
12953867,3.7124455
8778798,5.0850306
9768909,4.4066634
6585861,6.0445395
14709979,5.2710977
2760374,4.4913836
16442321,3.9614239
13435011,4.36732
4652615,4.151975
13077370,4.4284215
12255045,6.1425805
3667998,4.9504514
9614796,4.411777
9075976,4.55037
16200921,4.4038644
15478143,4.6081023
15649553,5.4240074
4598265,5.0176196
9755638,4.213528
9103619,4.3280935
9754637,4.25093
11574461,5.1240907
14045952,4.4445786
17499633,5.7373705
14959218,4.2450833
57754,4.6458373
19914476,4.9485717
20556483,4.272487
15701789,4.6852736
9792367,5.8239684
797696,4.851368
17735281,4.143863
12156610,5.47906
17224596,3.8619328
21151879,4.8930736
17507159,4.2615814
522020,4.7248783
9958192,4.8802752
20076056,4.291099
6116341,4.988455
9470752,4.9427257
238208,4.572191
18506858,4.528066
8688286,5.091024
7054405,6.771317
14763217,5.128071
12326682,5.307142
14589262,4.0669293
19117639,5.2035837
13748008,4.2565255
4278067,4.3208704
14617330,4.323844
4773944,5.4356155
16289648,4.5467052
19639906,4.974382
16303271,5.511357
20279560,4.2378755
20663286,6.449897
20015757,5.183508
7662160,4.371754
12627455,4.469525
20167454,4.98565
10118716,5.559944
12562914,3.9800382
14872626,4.819428
11757166,5.0086055
15236758,4.0117936
7603299,4.4205985
16861746,4.1149254
13266176,4.342042
18461609,4.958715
4848114,4.2718515
14011728,5.0163054
19428111,4.020505
19715020,4.5945463
16155512,4.2546396
7020065,4.8455806
15930564,5.169539
305670,4.6691446
21096625,4.3074408
7903573,4.252432
16597896,5.938394
9810125,4.0729065
8741049,5.4666004
5432828,5.8647156
10338708,4.9153247
16613509,4.454337
291812,4.333785
16322425,5.353868
6762011,4.680176
19400183,5.544202
11911646,5.9251127
1437593,4.0710936
16496690,5.143238
10927168,4.975356
7597750,5.3491774
2194038,5.050637
13867534,4.2957196
13026615,4.8434076
2087909,4.146943
18754116,4.4514966
4339188,4.4280467
11209849,4.0629435
732917,4.5652823
12709469,5.038554
5806377,4.527393
11065633,4.7225714
9794240,4.319003
15771541,4.37273
9185117,5.6821866
16659992,4.6823726
12326107,4.838192
7975020,4.445164
7976234,4.3952417
7351420,4.105145
8948898,6.4225497
19450626,5.119453
11168411,4.0281115
7860652,4.5228567
17663375,4.4462676
17809622,5.3942766
4988687,4.152218
19548605,4.3087063
13562456,4.47716
6587413,5.7271547
5260700,4.1317754
9056804,4.9471593
12113529,4.4468822
19388464,4.393624
17677711,4.5883226
20138788,5.2467046
10811617,4.7506857
15281975,5.0867686
18560301,5.1306224
21093354,5.541654
14220943,4.637267
17174288,4.0504737
17822849,4.3081007
16381911,4.3510904
16438719,4.012002
14507274,4.2143807
9596278,4.9066963
17224033,5.8774548
11634778,4.3629975
1315773,4.3230844
13426831,5.185146
16230857,4.949562
13702697,4.571683
13488121,4.5043507
16204588,5.022612
10911005,5.8433456
9731873,6.0552897
12135609,4.9299545
5298299,5.5842633
12681868,4.2484136
8227628,4.9314227
5422368,5.682205
4767431,4.971681
8666770,5.346083
4856373,5.671217
17349455,6.3095064
3013668,4.3218884
12271759,3.6899033
7897634,3.8985128
17735430,4.4718914
10547198,5.164422
1053404,5.0006447
16084670,4.430209
13310597,4.287688
20074442,4.6002603
10610160,6.020871
15736068,4.3916707
20530264,5.291185
7071593,4.5141783
18527257,4.356806
2637902,4.3051853
20699111,4.851071
14401142,5.4206777
11125166,4.569405
20999685,5.0074034
15037140,4.404429
18139812,4.84008
13844032,4.355029
17586122,4.370089
19720342,4.364392
1049354,4.8261914
17826447,4.2759933
16839502,4.890453
771282,4.881542
7645438,5.388645
3791415,5.397735
13235863,5.400898
14120622,4.897672
14320099,4.2137203
10012011,4.798025
20857688,4.433923
1344551,4.683322
17698148,4.6860046
2895511,5.154991
6492589,4.2438188
20034279,5.4695773
3906258,5.703501
799785,4.1686964
7632182,4.663853
7116864,4.9899197
21092518,5.2550592
15042574,4.386664
9116734,5.1318727
20775239,4.4501295
8807842,4.0034065
16312124,4.6981115
4652629,4.2263217
1009883,4.346292
681607,4.364154
17122821,4.6466775
2657791,4.0992312
5045267,4.0468345
14182668,4.0581813
6821784,4.3473706
12208768,4.7479153
3354790,4.9504037
4887417,4.8991547
19372893,4.1583824
12713976,4.4400973
12603268,4.851722
6850488,4.3656883
20698073,5.2403584
46699,4.4101167
6855624,5.161133
11456952,4.014008
2553668,4.7453504
17042673,4.3799553
17451933,5.1258063
10660072,4.3710055
14576717,4.2071223
464581,5.5591736
9557226,4.7604485
17732728,4.872373
13763522,5.1638556
14671675,5.0865707
14501006,4.007853
3731110,5.1619163
15859962,5.284716
10526202,4.977354
13926632,5.1111927
16845769,3.9949627
3554585,5.258829
5294453,4.856415
2447138,3.8374884
490221,4.948156
4777117,4.384528
17074602,4.9329824
4823105,5.066415
11302982,3.8341722
4097700,4.7506394
8337125,4.3000207
10784420,5.6246133
10710046,4.4588795
12545769,4.9967704
14042406,4.9608283
9837205,4.660335
8814070,5.2591
7464990,4.921545
18073785,5.1471205
16894437,4.3687696
10610,4.7320304
3947427,5.3300314
1370405,4.2881913
9433764,4.8326387
14887528,4.220329
12092179,5.086252
8406911,4.704193
16720574,4.349907
21108624,6.0450797
20982593,5.213169
11552737,5.2805357
17604998,5.1029596
10982458,4.9224095
5534660,3.9279435
13381201,4.582243
19305374,5.2597547
18463609,5.220737
10516424,5.171683
7618475,3.866714
222304,4.7824945
18213825,4.1089664
15284426,4.220424
13714127,4.3511868
602854,4.4579077
11607061,5.414655
8883269,5.2133245
15066543,4.3631597
1039096,4.9083157
209310,5.122442
20333969,4.231031
20960223,4.6696186
10783991,4.8922367
20425693,5.407766
4660875,4.359668
8924392,4.8915186
9727618,5.5833817
1079335,4.474375
5116621,4.9633074
806040,4.368404
14945,4.120875
9935888,4.1208296
8069456,4.3757877
1725110,5.091364
5661539,4.3761334
9350060,4.73027
9776055,4.4477377
11784410,4.7688723
10516427,5.3624973
14606464,4.9512086
3974464,4.6445136
11281958,4.642969
18892598,5.098338
8758519,4.209574
7732851,5.413787
17190341,4.2774205
18225912,4.2622538
2515646,5.145056
14150184,5.0926476
12843467,4.401851
159913,5.230689
16394608,4.7362127
13117863,5.513686
16519495,4.7066946
15249635,5.216363
15876538,3.9388926
16084499,4.2722936
10967026,5.0134044
19855708,4.333928
16159058,5.743009
15327869,5.614094
16469991,4.365944
3251823,4.789084
5422535,4.624206
18176595,5.182483
6383557,5.4976654
16841494,5.158085
5660492,4.035647
17778469,4.7515745
16605075,5.7804785
16810041,4.88688
6580308,5.3824725
5783492,4.2698007
13540233,4.1685314
11443001,4.4741483
29187,4.13923
13125344,4.8253775
12288394,4.310491
18471319,5.125429
10038410,4.9528294
9316470,4.3753896
15313198,5.543256
17027912,4.0029383
13619629,4.386125
20895202,4.153486
3986794,5.1060557
7582706,4.5306945
15322998,5.983552
8629638,5.515308
3473170,4.6451654
18277856,4.922061
15419976,4.936253
20439529,4.10565
16559061,4.2108355
5686949,5.054646
17482215,5.24086
16678571,5.0255923
13960801,4.690351
6181131,3.9887724
10407723,4.781653
3673938,3.7551026
17622695,5.0233765
12929687,4.027664
5903014,4.252973
17963855,5.881894
19622613,5.0255923
15493003,4.01524
19617178,4.3309255
12084205,4.093587
8014811,4.8406906
160142,4.42904
20571371,4.4237566
19117990,4.354196
15300956,4.3172526
9494726,5.366352
16544785,5.0242596
7089639,4.34844
15649127,4.591243
17892443,5.4003806
18324610,3.996972
4334136,4.73173
6452788,5.683336
2008518,4.3700476
7579892,4.5555954
18449852,3.9836197
16558316,5.565854
7820526,5.141973
20648350,4.4415445
7256961,4.328064
16601458,4.9946265
7583774,4.6557226
18898042,4.2057395
7902889,4.4298635
15943497,3.986015
14838028,5.5097685
16019177,5.013925
18327762,4.617847
11562327,4.6119523
15320048,5.2255316
6184030,4.441312
296345,5.329389
6990764,3.8832958
17945744,6.095405
18823940,4.700041
12435812,4.425261
7761523,5.063573
20453302,5.7285295
16194732,4.696628
8600584,5.118548
757007,4.036439
12346372,3.7122815
6318530,6.0804334
12630697,4.177677
19115109,5.4207625
13697770,4.444578
16349645,4.41322
1633126,4.4207153
3798482,5.109449
16061068,4.924796
30474,4.205901
19911540,4.8668566
5571684,4.9401746
10177753,4.011274
12127405,4.0183654
4250185,4.1564126
1056644,5.766887
8049455,4.916067
18849787,5.149043
1427084,4.796647
16464998,4.608122
7149408,3.9261556
1868877,4.975642
10746071,4.770815
6793913,3.3545659
17876369,5.1991816
16507174,4.7986875
4348161,4.4373097
10548768,4.1797957
3913873,5.1330767
16408223,5.538666
807680,4.5811706
11484489,5.120838
3015844,5.047357
17700365,3.8447118
16649754,5.284552
4162901,4.9437647
5935275,5.3413563
14171788,4.7259626
15759415,5.0937533
6465341,5.083973
9823505,4.694822
12930048,4.0365777
17778426,5.3805556
9630526,4.854382
5163155,4.8629856
16926581,4.63299
1460558,5.206495
744227,5.2056546
19946965,5.1642265
7496720,5.887505
15718719,3.8702128
468751,4.4174843
11534269,5.004737
11868495,4.1913085
21140527,5.1039658
15240889,5.4567294
16827508,5.2894015
19530067,5.774686
10503392,5.980614
11770800,5.3590155
7272530,5.155433
14864014,4.0758157
986727,3.987161
20122292,5.823602
548799,4.3171453
14873303,4.6566896
16568543,5.6818886
2158067,4.6063514
16497710,4.6892734
9016585,3.8476994
1890853,4.163337
1623609,4.4521523
10299047,5.2187138
5383435,5.1856537
17173473,5.136845
19054683,4.9938273
17266255,4.4273896
4231934,4.922091
11606802,4.9463363
7497370,5.173867
15341744,5.5039444
15390748,4.7379985
7789408,4.9526043
16188579,4.8343945
12897713,5.478303
5755232,5.5349064
14000485,4.8892508
14202480,4.3237925
17697735,4.786181
6237756,4.5560827
10362615,4.7305956
9130782,4.6128955
6146164,3.9832838
19594617,4.258101
14785540,3.9258606
12736761,4.649485
6881043,4.1990547
16331969,4.7201543
13412641,2.7765272
10098118,4.669097
13148370,5.056462
19363944,5.4673486
2899146,5.4625316
6121996,4.3072968
19522236,4.978699
17333415,5.211427
15807842,3.366262
18414993,4.066526
4198764,5.218084
11243376,4.9960303
4143849,4.264222
7074668,3.9486918
5573050,4.2275195
17848009,5.1683393
12384469,5.626231
13613450,4.2369833
14559074,4.0241237
15565275,5.5433273
15645144,4.770292
3262930,4.8931627
12519774,4.382401
16427395,4.416298
16177132,5.1457243
17075535,5.2403164
8856196,4.8008666
211078,4.565979
18086134,5.6729636
13740409,5.192829
421539,4.946451
19450121,5.0608587
12856890,4.442123
16896530,3.6217127
19915204,4.6730337
18057783,5.541864
2930663,4.971028
2751736,4.2753963
8390348,4.1225095
6471117,5.868817
21039322,5.0210752
4573964,4.928047
13192807,5.110469
12111075,4.29442
1108077,5.4831595
5784897,4.3700747
18035872,4.3244596
16275635,5.9409537
2931271,4.864637
16839227,4.990828
18396135,4.3358636
5806273,4.1689754
1589328,5.075478
17958329,4.274619
3369898,6.097958
4923194,5.134651
9795627,6.194526
17279472,4.4260197
14522689,4.211487
16793030,5.0918965
21038103,5.528034
15067956,5.1881948
14094182,5.138872
14213456,4.252542
15149137,4.442159
7619996,4.2703004
6292850,4.393056
7899683,4.6573777
20532901,5.151797
20616848,4.8962994
12970522,4.613484
17237728,4.508153
4767711,4.820183
13462575,4.7806306
18194161,5.083003
12133672,4.4326234
7126110,4.79039
16067986,4.407032
5773300,4.2421603
13432842,5.8016224
17925617,4.8181515
8118888,4.8128915
18841072,4.366287
4565171,4.593648
11187498,4.9029202
8116720,5.747165
6051322,4.972819
7652138,4.1443653
15819226,4.4096947
762015,5.4002757
14516582,4.5121427
16945495,4.737433
13573663,5.2304645
6284471,4.9867296
21163990,4.2114506
14502657,4.5262737
16083506,4.240684
12319329,5.2468815
4862476,4.7679505
7318825,5.0117
16834485,4.474487
10787056,5.15415
12737808,4.347635
20851971,4.9441175
11891948,4.0549226
17753503,4.147708
20224936,4.673373
14886663,5.715813
13152923,5.1587977
17140536,5.1256948
9451492,4.8650956
11708688,4.3089695
6613263,4.9808755
2160982,5.7529845
9733227,4.65296
188661,4.400558
9252531,4.371483
18288371,4.2405095
20511790,4.1950064
16929266,5.1679707
20038749,5.727104
15542745,5.183506
82919,4.1313095
3496438,5.9083076
19380091,5.9845557
1966872,4.456068
9864486,4.8902426
20928140,5.1603255
13006657,4.156486
15809545,4.3574934
13862985,4.447038
1994216,4.8711963
38663,3.7127125
17743857,5.327097
15872298,4.29831
4293652,5.220208
12022403,3.7559373
16631820,5.023106
369411,4.312327
2538192,4.4560432
6317095,4.9212155
7380063,4.496902
20919370,4.422527
1960407,4.994084
16015716,4.799941
6031948,4.68118
10212862,5.3784704
732746,4.405229
14566386,4.595124
11724255,4.030856
6524549,4.3911943
15396528,5.215132
10595838,5.055897
3665537,4.7200875
1215627,5.269492
4978214,6.536285
13183631,4.9830036
3021191,4.91236
19227077,5.921271
525672,4.373716
6481699,6.100544
16344877,4.7016325
1778910,4.455645
13998293,4.6898417
18484208,3.9609575
13915106,4.8861713
14984002,5.634811
15466179,4.9726686
15678146,4.7932496
13282801,4.004302
333323,6.2534347
13296349,4.242219
15298129,5.192984
16008703,5.5582776
1866051,4.9802475
2089712,4.0326967
9820483,3.9707882
4437053,4.6416993
9366138,4.326379
4639402,5.4270306
18489317,5.7021
9616217,4.982807
15640689,4.8846836
16560671,4.315222
17980937,5.6370363
11390374,4.964363
14538181,4.508809
18501989,5.098784
15803779,4.7310247
9926044,4.873593
17681338,5.434447
6712434,4.513065
13532366,5.0134544
21066622,4.6017084
13200896,5.3474507
16225594,5.1783295
15162388,5.2496805
8595828,4.334121
13165929,4.4831944
15114715,4.954746
15707655,4.4354887
5814328,4.6117063
15378237,5.4587674
7674659,4.6273723
18208738,4.90695
4904582,5.552633
13496464,4.3100176
9495031,4.4094996
18255708,5.0447965
7331831,6.452885
13077603,4.797469
9090360,4.6374803
922764,4.182253
16571915,4.123007
14041642,4.4692016
2508745,4.4635205
19058927,4.5556674
12508909,4.355698
16664657,4.008262
12357598,6.085611
10143116,4.545405
10233626,5.195277
8565538,4.444684
20367796,4.6297274
2000722,4.376627
4395112,4.123724
14221817,3.997934
17623793,4.8141623
17080387,5.861168
847856,5.7463417
14594842,4.478311
2332284,4.6556573
17699982,5.018712
16160897,3.9348001
9939746,4.9847074
14241537,5.5401125
16172895,4.899858
15565532,4.82005
21023051,4.832371
3441311,4.166981
20051513,4.9290843
4417147,3.8636813
18972181,5.4173512
6362662,4.355257
1874928,5.129905
5029204,4.079873
13798859,4.0775294
4587059,5.4799695
8531976,5.7058372
20476066,5.7431045
21037273,4.867641
17001661,4.1956205
1429445,5.8623476
13002333,4.3004947
17666014,3.9240723
2876032,5.157454
522081,4.3814664
18157879,4.1590834
7774182,6.6077337
13398514,4.675283
8072329,4.0840263
4730634,5.3784657
4182158,3.9856935
13122932,4.820108
16179710,5.4216256
9556983,5.326206
17295742,3.9255257
7809534,6.0345244
6211495,4.038331
15176877,4.030385
12505852,5.3508863
17076149,4.4017076
20499229,5.715175
11571841,4.521532
15301022,4.411561
16126184,5.0246105
4170460,4.8195586
1918693,4.111706
17031368,4.3181763
19362751,4.3542867
4539520,6.3278913
10023618,4.953968
4745674,4.538743
19329748,4.4168816
17134357,4.2859216
3385966,5.089658
13343630,5.3660407
12807280,5.149521
900383,4.8643217
15038862,5.9234934
19516485,4.5922246
3414993,4.0426135
18584987,4.7162585
7330664,4.3944
2108635,3.8740187
11237441,4.9630713
42744,5.309853
13190773,5.012278
1472559,4.72728
16030166,4.4358163
1087793,4.2568774
14446252,5.336672
6450240,4.696589
254837,4.85121
4089417,4.4292154
11323416,5.4008374
16651576,5.167802
8047082,4.4768786
5281291,4.421037
18039559,6.070747
15837086,4.1223207
3529503,3.9536102
9798242,4.7278323
11377381,6.2338033
17920249,6.29507
745916,4.790711
16418179,4.0647225
12642052,5.0216513
4052680,4.913542
14087436,5.133065
13848709,5.22669
5030765,5.7746153
2658124,5.2098274
15843930,4.866092
19469485,4.8244185
5998890,4.1546545
17925945,2.981829
18263839,5.0871725
14164319,4.0093117
15601285,3.8579633
18635351,4.2968383
17975805,4.6130843
19628242,4.2963276
4612712,4.3865366
16380684,4.686737
15284277,4.832568
4119371,4.3890595
20852099,4.2439036
9155021,4.4660106
16298925,4.456881
17880059,5.3630133
9239252,4.4316325
190974,4.4629893
7460451,4.865969
12101959,5.137033
832947,4.594468
8480087,5.222481
9810271,3.0912983
17031063,4.4986286
16163805,5.212981
3906676,4.8656945
7689063,4.995546
7111050,4.7474284
16778566,4.534946
16523231,4.4491334
2022303,4.4795413
2396340,5.2192125
4343860,3.8837194
1135064,4.8198256
15860884,4.444456
4016268,4.3749948
9975150,5.852919
20459144,5.205286
14984718,6.002707
8287457,4.9094744
14470786,4.924385
10706442,3.4100213
18359593,5.004945
20433634,4.3946514
16821077,3.5487342
14111975,4.244123
17273178,6.194694
16424061,4.681432
18820207,4.140446
14747337,5.1279864
17367759,4.411421
16791425,5.085412
7699107,5.1365175
15058488,5.199382
14860691,4.3271184
3290739,5.0882874
7223426,4.261206
18241991,5.3716908
5862211,4.8990064
1588843,3.975852
15160791,5.0598407
13748499,4.4525237
4409819,5.07293
1267991,4.7862744
11946732,4.332018
9681261,4.048926
9388214,3.9591844
11209798,4.071951
16301606,4.874764
12176027,4.188394
20258481,4.842491
14389559,4.880725
4144519,5.053225
17984591,4.2488847
8126091,4.3617105
8028382,4.284571
13863669,4.6925697
9434495,4.975605
17960577,5.1501966
11511688,4.4187
16404289,4.318464
15602372,4.069302
17875002,5.86437
18501679,4.991998
12283602,4.145279
7839251,4.149128
10069448,5.238114
19968961,4.3982296
7038319,5.2177143
19789878,3.962069
14323803,5.0679193
3629141,5.0575233
20919723,4.8291183
887129,5.425056
8920988,4.932221
17606513,4.4427357
2619342,4.093721
1574191,4.118893
11565853,4.2319803
628227,4.0959444
3465670,5.0446277
990725,4.5567784
6767535,4.2963376
17034967,4.887282
11851803,5.2978044
11813641,6.1028285
2960183,4.2241745
20734,4.3769674
7038801,5.2097178
17704230,4.4139104
8032596,5.2729025
9992479,4.4961147
18209634,3.8379586
14569562,4.2612944
19751140,4.136758
2062608,4.614103
6259905,4.7726216
8553197,5.085273
4261837,4.919637
16239810,5.556554
2431784,3.9668643
8757920,4.1174235
4994173,4.276913
10704778,4.609004
19139234,4.981044
10018550,5.1248484
16453878,4.0689044
18018735,5.005957
4574225,4.9341993
13135589,4.6767364
19029310,5.4875164
15639615,4.326843
13513738,4.9040065
7110732,5.234377
7517147,5.0702305
18612685,5.016467
15775189,5.0131526
2942732,5.489894
11219289,4.3506002
10673497,5.287193
19521605,4.8727636
20605810,4.3267007
16302192,4.7568674
7820916,4.9048533
17578199,5.7662787
19702245,5.045603
2728146,4.2152414
13327777,4.209707
3088192,4.805747
13914825,5.1479774
17957663,5.2465677
14342643,5.796159
11015221,4.234661
645942,4.3333464
1180103,5.3927684
14855656,5.9432
18073037,4.8107066
17759582,5.068794
15943946,4.188441
15678763,5.291017
9747186,4.93057
9708499,5.2365584
16517011,4.569597
17040129,5.6017246
212544,4.8542705
19676676,4.447345
16829155,5.0011783
17689998,4.8957176
11256529,5.9531913
17989780,5.3576274
5825173,4.222718
18305270,4.631058
12589516,4.658312
19210372,4.2566714
11970678,4.320889
7734176,4.1491585
13419520,4.887268
17254770,4.3066797
13478138,4.451923
19621042,5.614565
13129891,4.9324255
3091872,4.154751
18638549,4.6648555
6546210,5.759088
3907483,4.520145
6783846,5.73666
10880241,4.715541
16491326,4.18446
18722173,4.451829
6370883,5.271201
5780698,4.1999054
7530703,4.839926
14341397,4.232971
18274527,4.8311443
2111172,4.7537646
4135920,4.452866
13797162,5.1911774
18239652,4.9754004
15060731,4.440428
9533360,5.0076947
11868703,4.205352
9136810,4.3937197
15192894,4.338629
13429298,4.245228
6586401,3.9757082
11459807,6.070216
4572174,4.6596494
17435385,5.707356
13076592,4.30495
10342888,4.3672853
9989322,4.9298434
15978933,5.1741695
13191347,5.388408
9946991,5.0717497
5432751,4.510359
12026623,4.612024
1407244,5.414946
5717608,5.8535657
13828424,4.0693164
6659857,4.752665
14784992,4.471612
4387931,4.1562967
18523182,4.7453575
1060442,5.8357363
8292622,6.1150208
10320697,4.498271
3633634,5.054694
11491051,5.044366
20270141,5.167528
4352150,5.3787227
17894683,4.5347047
16041366,4.536749
2793740,5.414937
19737449,5.4036903
9117625,4.2337165
9427051,4.6480527
20482130,4.958697
12069335,5.7270184
16019734,4.4722047
20542488,4.344311
18984088,5.155413
15161347,4.507744
1106534,4.654583
18582571,4.2014093
1071855,5.481358
13859059,4.9422607
16603199,4.459588
3120545,4.0278864
14421440,4.3871155
14426674,3.8228557
16273058,4.851166
17764085,5.0486617
17497867,5.1319666
7601924,4.62106
15344255,4.772124
19473132,4.4592137
4593985,5.0935626
7161256,4.3931046
9428922,4.230646
9301998,5.2483487
15288407,4.6845603
19360434,5.2383475
19965184,4.63916
17738174,4.819379
12706347,4.4332085
15529937,4.1549706
8389302,5.4082603
332740,5.154141
17571875,5.806544
3803590,5.5706325
19504985,4.237525
11075529,4.9873796
831725,6.394836
2291995,3.9992843
5810061,5.062505
16300332,4.0800095
7881023,4.54182
14761108,5.5822887
4726448,5.888773
10631450,4.3281555
6502685,4.1275544
6727770,4.699647
17191522,4.278906
9771629,4.1885576
14139781,3.7690704
18550385,4.9138513
19839741,4.4890122
1497024,5.0109487
17423971,4.4988194
14321957,4.902057
19928708,5.259603
20535805,4.1787963
7749818,4.4301424
9676890,4.95115
16325886,4.514876
16573278,4.4906764
3666146,4.86407
3267902,5.1415606
17642814,4.515698
8131587,4.988952
6445173,4.4870296
666988,5.6328635
545675,4.5379815
18957205,5.0339785
9461803,5.206647
15422273,4.8434873
2944146,4.1897492
16848409,5.4661136
4803964,5.355363
20748950,4.7673416
14523308,4.3882656
2823209,5.964796
15615535,4.978954
4921514,4.3452106
6820637,5.083117
819206,5.144132
10933042,5.7146244
3065843,4.796726
16269854,6.2670774
191733,4.8997865
20944572,5.0151796
9995163,5.7337284
18355480,4.5724587
6937480,5.0708227
9063028,5.1171317
20896714,4.372293
20470007,4.356416
6993520,5.014863
4576487,4.6643176
20426006,4.348544
15889125,4.684981
16042777,4.831024
20913509,4.1970043
17651018,4.101825
4769391,5.777723
10045963,4.057198
11214666,4.798294
18216262,4.9775867
20711007,4.745417
13840774,4.910464
19694951,4.2081637
15421829,5.4335146
8924709,5.4144397
12648471,5.2012424
16900929,5.0490365
8442940,4.9662595
18112836,4.8277545
839320,5.668032
15043178,5.5771017
19409691,4.305264
15086235,5.1866713
21053075,5.3820033
4344061,5.6228504
8341092,4.6451535
9576995,4.4160676
11268648,5.902346
20166059,3.7205431
13716698,6.2137136
154106,4.6029754
14383209,5.9708858
4941771,4.194829
314442,4.5119424
15956836,4.162121
4463165,4.486639
17357072,5.804486
16583928,4.509008
13973083,4.4802175
2739703,5.1333547
18182145,4.7581244
15422565,4.9534807
19630122,4.3848066
20407903,4.3345313
16310153,5.5888643
15025181,5.096867
14776203,4.343296
6600264,5.1313357
14633419,5.0775228
13292422,4.57988
32037,4.181302
15930229,4.329139
17187094,4.230322
769734,4.903918
7762110,5.565132
14147697,5.264192
10106056,5.9162855
489965,5.8493223
8563025,5.2608957
2909006,4.884343
19007359,4.506137
258397,5.564226
5220722,5.1003394
12585689,4.275224
12627781,5.034301
19052102,4.837299
279673,5.2329445
6462454,3.9877083
10105584,5.5199738
3985462,5.3420014
20167684,6.1626315
11148869,4.6235757
12274481,4.6037736
2713477,4.6586523
3499251,4.9942203
17029511,4.317209
2785501,4.8798738
18413879,4.252449
4424511,4.31384
19490069,5.3872066
20063641,4.2171965
17482247,4.17351
13281460,5.611724
9512345,4.892409
6809304,4.9245214
14785384,4.2131352
17462882,5.370248
17224080,4.294744
12529306,4.0651274
20509949,6.3826065
20550251,4.4056635
8473811,4.7675266
10102601,4.4558463
5892693,4.3181973
10405545,4.4530997
1280301,4.4473147
16086086,4.8330884
15286104,4.6548133
9615727,5.049863
17493606,4.2627273
16379624,5.704617
13699396,5.5559273
5328746,5.1814456
9669049,4.5618863
11159093,4.5737686
12325795,5.1742597
3358803,5.293162
4392562,4.1572886
17366751,4.264724
10771400,5.132815
15731983,5.5676584
3093240,4.108852
17575828,4.2417507
7921362,4.0649223
12755256,5.6521697
13188220,4.882081
299062,5.9877095
17714367,4.7663975
15739930,4.3158674
16618663,5.23314
938015,5.1924024
19163623,6.089886
8689108,5.1654286
7803475,4.529531
15805642,6.281207
9147731,4.288531
9487424,4.4409237
11044547,4.9141517
15888632,4.7195344
12611248,5.270929
13413386,4.20138
19997111,4.4952273
3518114,4.129178
13816385,5.788028
9476822,4.6659884
6805923,4.707405
4773949,4.042377
11150118,4.0721693
2564544,5.4685054
4456997,6.4641433
15346479,5.3173304
15468556,4.2716637
8867364,4.2000914
10753070,4.568011
17483093,4.1093965
13411367,4.921407
2652861,4.243464
16643518,4.906448
13673164,4.310614
10729692,4.8994365
2291084,5.625969
12809730,4.3929696
17707963,4.402719
5424792,4.1115303
19292347,5.28247
2637385,4.9713078
16364491,4.745822
18414121,4.1956024
14611861,5.339334
11827607,5.530991
18609864,5.977096
19071262,4.0838103
4494303,3.975776
16544552,4.9839964
7982270,4.8314433
15422991,4.9894295
5685743,5.262237
15304572,3.2841988
7196849,4.1490655
13173203,4.2452755
6936951,4.325491
19729004,4.7973814
8752525,3.926657
3309982,5.4854712
7677499,5.4746385
12158216,5.2492104
9116915,5.0140896
19942242,3.8960385
6526309,4.1461596
12451425,5.3635726
4022640,5.7104874
9413280,5.240105
7576897,5.31828
4264211,4.438548
13732992,4.1079926
17620085,4.235526
625201,4.8356404
1255225,5.075412
18312625,4.8650937
10104291,4.1545095
6317282,5.385442
15537588,6.0297265
14900567,4.2599163
3469171,4.874358
15716189,4.8972855
8409234,5.34327
8865499,4.441215
9916357,4.021824
9627500,4.4430623
15535322,6.387302
1555678,4.430292
8472818,5.068043
4173751,4.4930587
16686337,5.363586
2055819,3.5030422
14237068,4.383571
15485880,4.0704226
18269005,5.220316
8590198,5.2174225
449660,4.4899487
1141045,4.420059
20186834,5.513473
18433862,4.616859
2478188,4.3848786
11718329,4.9530506
2933899,4.9244785
16536695,4.2147303
17989537,4.841104
19211778,4.9516697
1239293,4.3027644
10513228,4.2504745
13371809,5.240845
18626944,4.3849964
7823524,4.312607
19721664,4.302231
3789685,4.130374
246413,5.301823
19381437,4.988936
951365,4.1080675
13333542,4.219791
4301625,4.4953184
18272467,5.1985765
3570745,4.2636023
9974108,4.3011966
16374392,4.290699
18370840,5.268367
14219489,5.4490323
12036892,5.128142
11986802,4.2967987
17921412,4.1942196
18009035,4.068092
942233,5.064549
12342190,4.256592
8986585,4.1108503
16241282,4.361343
8907265,5.5099077
17903944,4.150612
14251887,4.4297843
13912472,4.2694283
15470890,4.551
9841955,4.638953
4929392,4.6469364
16196694,4.914477
12932496,4.4050436
5760832,4.3384175
9018434,4.3039074
1183236,4.2537017
9637500,5.870463
14624028,4.252919
13170498,4.5677395
837103,4.940155
10524804,5.119715
5967421,4.467655
14077117,4.3456945
16589596,5.4284344
11910257,4.3697863
18490567,5.7564893
9146595,4.8280964
9372941,5.808265
7841904,4.3310857
21120328,4.148367
16072983,4.698909
10994515,4.7822676
3819946,4.880555
16805050,4.5311604
13603582,3.9970117
11960804,4.710741
9219893,4.223022
5505643,5.430469
9542131,5.237828
13972090,4.93238
20871275,4.372963
17620638,4.8102827
16584033,5.978885
14388924,4.2831078
1692470,4.939918
14948249,4.918769
17892026,4.9115286
1268022,4.4590254
10283357,3.880861
7699550,4.407836
5414178,5.041764
10653901,5.018784
10051637,5.2975254
18944289,5.0938263
14944159,4.608787
231194,4.9949284
9757277,4.26889
4932293,5.0953197
13955374,3.9814656
5930009,4.462424
5074013,4.726473
1099244,4.2112575
5523654,4.483807
3250171,6.034232
20176139,4.3553314
18609421,5.342095
18924273,4.619903
822169,5.892712
8290724,4.7891135
4569465,4.419555
17762525,4.674265
16945596,4.9206324
4100985,4.6643724
18288660,4.3534102
16752501,4.6760473
8671862,4.3532495
15706750,4.4140224
13175199,4.8024855
19624565,4.249874
13497893,5.3827543
13973348,5.6813655
6515119,4.177436
10085688,4.2312245
351881,5.5090685
19549649,5.5354295
18718498,4.300839
1008814,5.3811398
19926351,4.3222957
6680201,4.7730017
19549547,4.8436346
3664439,4.7407036
14138066,5.1034093
855549,4.886961
13430038,4.6752625
10425572,5.227667
18242394,4.319221
13897470,4.252669
7714658,4.250732
10351249,4.4373813
10999085,4.431565
16464577,4.3815045
1426198,5.1125245
18871297,4.132855
8537400,4.430643
4695477,5.265756
15917221,4.4716387
443844,4.361499
640601,4.33136
19379532,5.89358
10755419,4.4835424
18915167,4.1984105
14912548,5.0242887
3674155,4.681336
6610511,4.338643
15202936,4.443549
4469892,5.0011554
10752160,3.932338
17849288,5.613732
17565878,4.2232985
17362708,4.711956
6341337,5.6543083
9136734,4.905667
16096170,3.8735654
13929245,4.606204
18062148,6.385332
4133847,4.3915105
19893367,4.3870764
1262392,5.7479887
893863,5.5463157
8015034,5.501168
1466081,4.904812
5268918,5.0639467
15628435,4.879447
17746222,5.4827123
6277479,5.6320167
15160470,5.1363072
15484080,5.030914
12271773,5.59509
251271,5.086108
4275461,4.1075974
8336595,4.355819
17905264,5.0154843
3304307,4.7986827
17462144,4.3249884
7713352,5.116572
253839,4.186193
12680643,5.8891034
16325808,4.8417172
13126582,4.9781084
2585378,4.825728
14373079,5.0542617
10943915,5.249348
9792203,5.120604
17528183,5.6419353
1777197,5.187255
18438986,4.076566
17370193,4.990717
6323824,5.4046636
7092072,3.9383047
9217460,4.130311
1093977,3.973151
10370687,5.25113
15324956,4.5490317
16846359,4.338183
17574145,5.2169356
17417018,4.1727724
19844253,5.075201
13213590,4.9256606
6835132,4.455607
739909,4.0665193
13570789,4.1764345
4616825,4.7780075
15251279,4.0188923
19983223,5.197766
12602880,4.451326
6921974,5.2799172
17408518,5.1622806
9998974,5.6736217
4170452,4.3611584
2072298,4.204573
10547772,4.1681952
19376182,4.5268435
17288818,5.0498314
11572259,5.7094007
16509087,5.7281203
14153586,5.314577
12550454,4.9855475
16570063,4.186115
5525716,4.395116
16528260,6.184229
14089094,3.1432629
16192497,5.687704
704793,4.5086093
3656251,4.9484854
9813508,4.5274134
11391384,4.9729934
8172995,4.067294
10035109,4.2346206
17972644,4.5440936
3710685,5.0575433
17097898,4.893523
8722841,5.5507307
17207134,4.424916
1988823,5.0892954
17158662,4.2769494
9884175,4.4254313
3720231,4.9925513
6983246,5.0748405
6261372,4.372377
18236779,4.012514
483485,5.413192
11758988,4.445067
5946238,5.119678
873024,5.4365287
8971749,5.725625
11199645,4.236344
18258027,4.2205486
4514042,5.357084
9651139,4.4029226
12988929,5.19481
8365172,4.343798
20927977,4.537584
9863570,4.2987285
8462800,5.2899084
11921964,5.5115633
3811907,4.7975965
13495361,5.4512544
13694042,4.630085
10926089,4.7184267
15405332,5.103483
13699008,4.5591855
18152855,3.9101446
13638099,4.5535297
16354537,4.4203734
12522344,5.731848
330535,4.0042124
18259084,4.872515
19950947,4.362892
5213963,4.6670494
11161427,4.461857
11970512,4.3028693
9239508,4.0327754
15044483,4.232674
3945142,4.6391826
16633571,4.8287463
3102110,4.098212
8688941,5.782421
9786021,3.7565014
16487874,4.518036
17987692,4.953119
5882394,4.079497
3272181,4.985807
12036288,5.3709917
13501642,4.731892
19176371,5.2481184
20979534,5.3161454
16585008,4.6374664
15452024,4.822333
8045639,5.672046
14447291,3.9059713
18923450,4.9904737
14348959,5.7706404
10674299,5.0899396
17811571,4.506627
7325063,4.7366467
958370,4.9807167
16076,4.9217176
5457251,4.482695
13879372,4.76078
3687227,5.4919605
11983644,4.69291
18463851,5.428944
12052288,4.5327435
9992903,5.5798454
8099186,4.636628
16810665,5.0609045
14691847,5.186743
13816362,5.045753
20331468,4.6417403
6988905,4.467733
15471093,5.0034394
14184335,4.992301
19675756,4.9020376
1510726,5.4918647
15165971,4.342128
19564704,4.95103
2189450,4.98307
13296735,4.683906
18778675,4.346039
877450,4.4136314
8146609,5.1030684
9758070,3.653675
9494210,5.4350142
14071357,4.464795
12474957,4.9952254
19616582,4.5198603
17554298,4.1259856
7915596,5.2481494
9606796,5.3023677
18076623,4.3591914
7511610,4.6124654
4454031,4.39853
20932035,4.599492
9769423,4.5760913
5269042,4.3625264
7302136,4.429067
20692587,4.3208284
2909413,4.9002123
18141978,5.331574
19811587,4.1055856
15973366,4.6512923
4912544,4.2988286
10881222,5.9496536
6054864,5.126089
812938,5.396733
4164672,4.7655554
1208076,4.9630375
8863398,5.41284
3783296,5.7772517
18346042,5.2605886
13280672,4.4875264
14639048,4.543816
990385,4.8828354
20602384,4.3701787
18229115,4.4702024
277038,5.2276726
16490852,5.0679903
1488096,5.3282185
18211851,4.4426193
3953841,4.4644027
3441221,4.788277
19546899,6.3130584
6924363,4.9759884
9635223,4.244995
408983,5.310049
11264054,4.457651
16683957,4.865644
8225518,4.186809
6555794,4.4247065
17445068,4.2896976
10545518,4.291404
16140807,5.1319456
2721610,3.904363
19528326,5.1823926
16977823,5.167829
3309941,4.8810434
16516107,5.4791913
6794912,4.145409
228517,5.0080705
12964178,4.898216
5360412,5.090152
18126531,5.03406
12434953,4.978278
16390105,4.629765
12433898,5.7151146
733039,5.2878923
18426073,5.2332864
13997091,4.916937
789898,4.227354
20748309,4.873043
4575206,5.6543517
21153966,4.5746975
13127453,4.292726
4825097,5.1392975
17494091,4.3556848
8918151,5.0984554
12343793,5.1462846
18142927,4.361313
1632715,4.3475122
125163,4.946013
1086598,4.8743258
9470677,4.642989
55737,5.016935
15329781,4.368841
15216703,4.2221107
20285330,4.144313
2074653,6.131367
17797420,5.4090276
11284520,5.698248
239899,4.0691876
9219752,5.7732997
10787059,5.1223874
21040832,4.14167
3585926,4.927867
7714880,4.228952
13687255,4.920948
16815615,3.605473
2998518,4.8842087
5863395,4.46684
16333776,4.903242
5020267,4.842214
13358424,5.204221
6228461,5.1853228
8068363,6.1491137
15658995,5.0795283
1278457,5.266754
16778028,4.4349732
190968,5.1099668
4802797,5.773955
328040,4.4007673
14075135,4.226174
11470374,4.9942446
15042742,4.3176475
1171779,5.1086893
5499928,4.7842455
19629899,4.063661
7494583,5.5338554
11718223,5.1861005
710459,4.167008
12113879,4.4040895
14884485,4.4156957
13079053,4.299017
15744813,4.6052175
14931714,5.4010515
7638156,5.648584
6450836,4.314179
16304549,4.8418765
15036268,4.326585
17877828,4.821434
15070512,5.4739866
6801204,4.7234545
13733254,5.313592
2419574,5.378942
20852769,5.027375
7763272,5.0959067
7918799,4.8801913
17516330,4.860854
18570121,4.249342
17946053,5.2711816
16576925,4.9011016
5505918,4.6457562
6729222,4.4847336
19602883,5.4894605
13657090,4.8657103
14454086,4.3575
10886689,5.0141063
12432739,4.3513227
17846645,4.3566065
17553568,5.2724667
9715759,4.135639
211986,5.049525
9530999,5.2132177
3474958,4.3643446
17643672,4.312121
11189779,4.8280067
17559756,4.893819
13669926,4.586455
18104648,3.972829
17283045,4.340669
11693299,5.2705154
1251653,3.9840662
21088326,5.2609577
16828918,5.2095027
6195564,5.6548615
9734950,4.322638
14945062,4.4126635
6059738,4.331502
9779425,5.2738457
9632711,4.6112123
798391,5.2716937
1810653,5.019926
19824694,5.8721676
14577789,5.0993915
9560162,4.7265306
16012941,4.8999014
18309967,3.9642842
17592573,5.3330593
14022754,4.1943536
6716020,4.533412
16339314,4.5546727
16616256,4.0645185
3757057,4.387741
8826628,4.4186325
16113354,6.3991666
9249060,5.6446395
17640459,4.397274
20900206,4.6265106
339680,4.274429
17893727,5.2042704
9435531,4.2006717
201996,4.936327
20836802,4.9101243
15605179,4.3347297
18614893,4.3137755
16351864,5.650433
13867999,4.222742
4179420,6.1596174
21175685,5.065475
15678924,3.9900048
13979807,6.0142574
5736329,5.1479783
12292409,5.440988
9731178,4.9058714
585510,5.0815244
16576092,4.265706
15759558,5.3205075
471712,4.793657
4235547,4.586546
16205941,4.6399026
65763,4.8480515
12896684,5.112744
16369784,4.3523903
11276570,5.894067
18516103,4.425629
17248804,4.088657
16427608,5.093006
13685228,4.30574
15874007,4.973759
16068164,4.8432055
8067138,5.5819077
6554200,4.094854
7911571,4.966868
18674619,4.2921915
16156563,5.7618113
17171235,4.3311267
18181064,4.143658
2098060,4.973264
6913969,5.1322217
19593659,5.026177
16220723,4.3306336
18197148,3.972544
1950311,5.1924305
3467876,5.1748676
11275963,5.879696
9391161,5.645321
12484859,4.1404004
4720083,4.9804482
2844042,6.0882344
19059321,6.2133904
18375701,4.8810177
9903922,5.1733003
12629023,3.8165593
19102964,5.1380405
6797615,4.5896797
19144853,4.002249
8749247,4.983229
8402248,4.209333
10105964,4.6632314
6936157,6.008062
6029809,3.4157214
8411209,4.414146
13218392,5.717872
6194718,5.0065904
8235932,5.0783234
4082268,4.3430524
7789695,4.4745026
13749078,5.7325273
7715259,4.439998
5407230,4.5335674
17508300,5.216764
6466074,5.0025344
8187052,4.558668
17959615,5.048447
19634230,5.808444
9714880,4.4716387
16400971,5.154932
14570963,3.929497
636391,4.320407
14574647,4.090458
1602551,4.9355593
15772118,4.591307
3759009,4.912167
129515,4.082947
9342219,3.9854023
7219051,6.274732
2863530,5.5930653
12833275,4.262466
11572744,4.4792795
18142309,5.175814
4476226,3.96862
15395910,4.330828
4586330,5.2066236
14057387,4.4171367
6785216,4.7468896
1725872,3.8698652
13798188,4.1447716
8753832,4.8007994
1627455,5.616002
18441903,5.7290955
20115453,4.161253
18361070,4.215441
13183285,3.9663029
7331326,4.2223163
6238781,4.759703
16855887,4.2468853
10264737,4.6708503
4469990,4.3087296
238658,4.3989477
17152735,4.7724447
5488307,4.4234533
16185920,4.5044236
18432943,4.83733
5965216,4.5406146
18448516,5.1983747
12989303,4.422701
16705218,5.084914
16711346,4.3702455
14125801,5.2839766
18590415,4.272501
15826776,4.909723
447856,4.6527276
16519674,4.800645
7224826,4.45558
1375509,4.685328
15393523,4.46928
18008937,4.309756
9833558,4.1758146
13779358,5.235299
16322835,4.291883
10745682,4.4908214
14917352,4.3459473
9926058,4.1838326
6383376,4.261642
5316266,4.193237
18040947,3.892985
16736881,4.5371118
16978519,4.215002
5302719,5.781751
10863182,4.0885086
7648134,4.260166
19444974,5.8739214
19246634,4.017275
15817486,4.329957
4902729,4.9139223
13222669,4.120622
19021484,5.317404
18308373,4.1110272
2166521,5.6717167
15708946,4.163816
19679035,4.2870045
13188501,4.46037
15834391,4.312554
15053461,5.2138925
15788478,4.787536
9802131,3.9580436
9548246,5.376117
14613591,4.330301
3751355,4.9672704
18561753,4.9265933
17531493,4.1937423
10271968,5.516472
14950378,4.431047
15748789,5.4202585
6942211,4.4373293
698094,4.0353765
14720550,5.412572
13331330,4.6468453
20456466,4.3749814
15115566,5.0597677
18750597,4.318234
9765762,3.8394716
20409110,5.448723
5697091,4.4829745
7130487,4.056197
3917869,7.090483
15044499,5.1294913
13282840,4.7354426
14282425,5.770755
10875244,4.6657944
2937902,4.81284
16405940,4.869568
12036459,4.193074
2984805,4.561963
1365676,4.6742992
8090484,6.1945887
20916311,4.0261116
13398702,3.9976542
14222699,4.36124
7453537,5.0988617
14549226,4.737441
16851969,5.1319666
6677647,4.298102
2917698,4.264335
20634122,4.846984
1137587,5.009222
8514753,4.97144
17157565,4.7856865
17530279,5.346941
14445481,4.9116287
15146997,4.370223
5758234,5.5817294
16531848,5.4312797
16635016,4.4008994
14124430,4.898616
14628818,4.74603
6325652,4.451574
12547169,5.7987876
5310153,3.8565528
8721610,4.4471846
19711528,4.6095996
9730117,4.1073565
11528125,5.6840487
8055632,4.759201
16316481,5.0025625
6317778,4.222545
1618339,4.905809
4293935,4.105955
7839767,5.346991
17416583,5.015269
18308107,4.0330997
14826445,4.152297
1296106,5.042033
12988290,4.161919
13999301,4.526064
450790,4.3755555
5671922,3.8508387
18398973,5.5952315
6424291,4.2644362
11223381,5.841642
11013650,4.527589
6836391,4.3957744
21176693,5.2773714
18158716,4.3919187
6334614,4.2392745
16752013,6.0313168
7398419,4.3765736
15082387,6.308725
18774120,4.4875584
14595303,5.060299
10319699,4.045591
19913191,5.0379305
8964308,4.951966
14221987,5.1365733
15314922,4.707023
13190594,4.966495
11036071,5.8292613
20692664,5.3176765
17500509,4.109396
20498407,4.2201166
13168102,5.015583
11255314,4.438264
21039710,3.8093646
2478418,4.1415854
18090498,4.6325636
15207249,4.2672925
10499255,4.259443
964901,5.104542
5990953,5.025711
892469,5.0738378
8741782,4.0926294
14127595,4.2898726
16701575,5.1874
16296071,5.130514
17516146,4.679783
9886013,5.830677
19715121,4.140646
6134622,4.402164
17446858,4.4291134
14425401,4.512475
10657771,4.9214234
18423403,6.176591
19307872,4.4121118
11885446,5.45364
6817378,5.749936
15177667,5.6066127
10901583,4.196171
8174638,4.2196712
12472258,4.7928386
15327611,4.2903194
14779684,4.208475
9772152,5.3329206
10452803,5.74839
12303347,5.1769185
292927,4.691796
15315398,4.9766417
10250433,5.1661997
13176342,5.083445
14205043,5.2094584
16840040,4.0775237
11905849,4.8151593
17669758,4.474076
6365190,4.002788
16148192,4.9567566
14351602,5.6059217
4848500,4.04687
16703869,4.9385047
17664413,5.0258675
14694615,4.3236265
14578160,4.8557534
10211953,4.6929746
13359578,4.8653927
19905148,4.870535
9953924,4.5555954
7061239,4.8535466
2671926,4.72374
4704370,5.064394
16707105,4.339968
17982264,4.9174995
95747,4.1293063
20960316,4.3617516
17118367,5.5263796
18416365,5.372172
17178348,4.6218176
11243074,4.8204913
15632125,4.515581
16778186,4.3407836
19528363,4.212123
829083,4.722202
6827217,4.929691
14029798,5.209663
12755553,4.868009
14014239,4.4737177
17812823,4.8791027
1683808,3.9534488
2008441,4.723026
10527707,3.9730828
6044620,5.1429114
16284824,5.0995417
16189705,5.154758
7998127,4.374031
13995107,5.0802093
1304808,4.7876363
17576489,3.9215603
14522961,4.6882315
172870,4.432849
12137477,5.636287
16498335,6.0581336
4039789,4.0567307
15830338,4.5340786
18841599,4.798645
10095611,5.6763196
13062471,5.757064
14372664,5.043172
5145999,5.846405
20905187,4.8782597
20783815,4.1676784
9838419,4.810384
2879843,5.3733244
20356181,4.851373
15884259,4.4920797
8370508,5.2559743
13566201,4.6843514
15718412,4.3335414
8439030,5.460987
17561224,5.0915885
18492585,4.437104
190170,4.820378
18541736,4.3018856
13998208,5.1838536
19502013,4.984992
20674126,5.0154343
20393477,4.47456
17106705,4.7041874
15873227,4.926874
15249986,4.196179
19049166,4.44134
16637180,5.1364202
4594620,5.1790357
14389726,5.040834
19449463,6.81129
746430,5.9793754
2197283,4.2845097
6044839,4.7983313
7380142,4.2050433
12021858,4.761246
19830169,4.927139
5931103,4.4867525
5315798,4.7551064
11733256,4.335927
20759291,5.392431
15754561,4.963293
18447199,4.946003
17237411,5.3373437
20833393,5.1454277
16530447,4.2200294
5956649,4.195366
21175803,4.3059387
258284,5.1799335
4111549,5.152381
19818393,4.925851
18214511,6.1460285
14072546,4.124446
2949790,4.457655
20755969,5.076015
19385595,4.532417
16456120,4.977447
13355213,4.167176
14606369,5.2142797
15504162,4.2525506
3209866,4.866255
11753760,4.6105614
16308925,3.8375542
11171264,4.578924
11874525,4.546015
8117490,4.0425706
12987348,4.12987
10992907,5.2057695
5934904,4.4216685
17154856,5.3955593
20033157,5.6358576
14673975,5.362615
3056451,4.871215
12741471,5.1702914
45936,4.5481997
9095977,4.7770896
10076477,5.3919616
13513389,4.699437
15380469,4.263855
17753121,5.286738
17340036,6.014451
7228259,4.2702427
15745346,4.4401493
16299413,4.8670316
6704000,5.453439
75512,5.1707954
5749936,4.9969316
16000494,4.635427
13671653,5.2535043
20757519,4.386758
7706555,4.4023213
13884339,4.9687386
16665181,5.3127403
13727835,4.2208548
21022270,4.15106
10877774,4.0149255
2919858,4.31784
4698247,4.6513195
16315325,5.3229
14383742,4.857876
19155632,3.4229636
84636,4.0615907
13686891,4.2503204
12776465,4.1627684
1148380,5.674188
14502227,4.966426
25765,4.392392
17254706,5.999935
6032921,5.5285797
14331996,5.3238263
19963878,4.452547
979926,5.314789
844386,4.7509956
6048412,4.1756034
12764112,4.5861883
20932820,4.708088
11594280,5.2818227
12972076,4.399819
3462626,4.3337383
2939670,4.3212247
5642981,5.5409446
15343738,5.2583914
8028210,4.695256
7004149,4.2095523
2319598,4.348858
12453456,4.988218
564550,4.489054
16546248,5.838817
15067459,5.876751
18560569,4.213257
736187,4.907918
10052336,4.4453745
12381255,5.3223085
15149108,5.172683
4629753,4.4199834
9526057,5.0175734
20327599,4.9797277
9194248,4.7303066
10380115,5.054646
10452642,4.7397137
8797534,4.669097
208727,5.163598
732969,5.309061
16842440,4.326318
19768107,4.365629
13487348,4.2293425
9760192,4.6678715
9747039,4.495388
8679596,4.8960285
10764797,4.7607646
11610515,5.229596
7618153,4.821505
16739265,4.2736473
16489163,5.3603787
7939934,5.193324
17300624,4.9808874
3709013,4.170731
19898570,5.042284
4247869,6.1127644
18527037,4.178289
19309321,4.820559
20888216,4.3165755
18159358,4.452587
15287863,4.6775017
14654676,4.0871115
10009737,5.3125124
10163152,4.430202
17611001,4.3055396
20803220,4.1016192
13389175,4.409682
12989986,4.396242
4287603,4.720754
10729123,3.8246508
14913899,3.0280442
7396662,6.3157983
10562606,4.1721663
2079189,5.060399
4294969,5.022924
17904694,5.8529563
15142531,4.625506
11697378,4.639177
9674869,4.291601
6799957,4.384681
3664714,4.9264708
6568683,4.329308
19475303,6.1858273
16757472,4.980441
15311849,5.229543
14600945,4.6082253
20151690,4.570853
16338071,4.038712
18343888,5.0069523
8615468,4.6836953
15957295,4.7291384
13529498,6.190351
7280528,5.1274304
13782654,4.075454
15146626,4.686721
11362231,4.5471168
5372526,4.739586
13331735,3.9639986
11778358,4.0108733
9343350,4.1910915
4371199,5.0548553
21136805,4.1494417
20761389,5.2292533
10546027,6.244116
13528281,4.309903
2515870,4.6081634
10593675,5.6934466
14108757,5.4489946
13860606,4.4503503
14915590,4.7874384
15856861,4.070223
2004411,5.3661613
2075284,5.3021603
14886854,4.578379
14217898,4.1202383
11740725,4.7792315
11441301,4.555039
6292309,4.3525453
18052903,5.2591305
16453909,4.945239
190722,5.4407167
4965275,4.359935
15216895,4.6604896
5068125,4.235483
11144760,4.1528144
16001334,4.7220488
926181,4.584109
1824808,4.460401
8371328,4.926575
20848152,4.1860595
10549219,5.357289
18160355,4.605717
4716607,4.8430843
15341783,4.844188
682179,5.1488395
3378797,4.356848
6976,4.1958017
5194517,4.7886524
19219624,5.5082607
18388570,4.4212265
16984296,4.961786
17246552,4.2588797
339208,4.4281735
5194721,4.362931
11653350,4.3551073
7916127,4.8776097
1166109,5.156731
16779469,4.4333305
19949403,4.0954432
20439520,5.043549
69369,4.2690086
13397549,4.5633297
12592466,4.401237
7764302,5.1523256
20277166,4.4494443
10726034,4.117899
3018867,5.0740867
1478914,4.262485
1609676,4.286681
4915953,4.429582
4165037,5.92482
5651968,5.3131647
15041998,4.3376775
8163660,4.9894433
20466247,5.304873
17921546,4.14366
20967325,4.9076858
3532347,4.867611
19572579,3.1262205
6630775,5.875526
4926230,5.1393714
14395832,4.3861694
1751638,5.463463
14203065,4.2511845
18332722,4.593733
1602770,4.3871827
14725265,5.141754
3835681,4.2485313
14507861,4.789591
3820089,5.483819
2020881,4.396496
7792243,5.18907
17238819,4.855078
13005599,4.5492554
14472873,4.0694265
17811033,4.9206657
6334236,4.6185794
5500426,5.189356
11441692,5.879751
7843604,4.3111386
15631990,4.2065907
16191055,3.8861985
7163908,4.581463
8008601,5.1017327
14522870,5.0676293
1335634,4.681825
3400739,4.9648504
2573888,6.2859178
3788288,4.2198267
8487735,4.9451523
13045629,4.305037
14237954,5.1682205
9867938,4.011529
9461231,4.4199996
10553095,4.37957
19824051,4.1829877
2835343,4.383926
670064,4.4637012
13928534,4.776393
8405555,6.1019616
815592,4.3806257
4174847,4.1847653
19769328,6.241038
20506568,5.4523945
20186060,4.493912
17297340,4.316664
6451098,4.308287
15957209,5.1319866
14212111,5.1551156
17133181,5.0681343
10612564,5.013666
11014002,4.3286643
6512986,4.8204985
8857842,4.041893
6627931,4.658898
13655313,4.4451027
16258977,4.061716
7922641,5.1478176
14122786,5.2642903
14187218,6.3292794
9647558,5.4276175
10657080,4.666701
7464395,5.998042
3102027,5.55611
15326027,4.992245
11434829,4.245492
17891388,4.149312
15579760,5.3263283
18690620,4.920422
3790017,4.7937055
16555869,5.025134
13913555,5.101597
10417430,4.802352
2010971,4.013184
17975638,6.240945
13676842,5.150375
8996582,4.5215616
13193036,5.114462
7457673,4.7649145
8689632,4.560677
17223032,5.026805
6922558,5.0490246
13311481,4.474588
14342720,4.3496585
1294438,4.496703
7954596,4.4202766
16677131,5.066777
16290974,4.1700435
17417489,4.560326
15240927,6.067529
19123066,4.33807
20155822,4.1095247
2236624,4.0097165
1601459,5.918754
6715426,4.7023044
11204018,4.1717725
20815396,4.112314
3821374,5.0605526
17210021,4.4821944
6675769,5.9163322
19099454,4.7577906
11868448,5.1150227
14946585,4.645329
15133087,4.8033304
9741327,4.7891636
11926246,5.0860558
14304169,4.1911235
18987249,5.072428
15506426,4.8160834
4430645,4.1193295
885580,4.773696
8424836,4.6260543
1735259,4.500777
13189124,4.170656
21056319,5.1776633
21135749,5.1035385
248713,5.2933254
13884549,5.752257
14775090,4.2452793
10138218,5.0036907
13986672,4.547842
8809245,4.1068134
8429327,5.5858936
6461609,4.9294977
9259002,4.428652
21013080,4.7866173
15254346,4.3273067
786693,4.682922
19457729,3.4741807
13947346,4.5690165
12492474,5.1945744
19451117,4.2175503
19411805,5.5991917
533193,4.28253
6662521,4.808783
5730126,4.970129
16114510,4.9907985
15286892,4.2386875
17157615,5.710599
14724479,5.385685
13395674,5.0523643
13604278,4.057855
1175027,5.1357565
16691817,5.5418415
14992722,5.2039804
15096525,5.982098
18342727,4.9559145
13753106,4.368063
18748762,4.3378215
15966819,4.622429
624219,5.170691
5775139,4.300857
4830158,4.8420715
5396801,4.8299484
19386564,4.838253
13129607,3.9579546
2189129,5.115358
17000454,4.224285
11581443,5.215491
255601,4.8494377
15056946,4.457736
4895881,6.5286555
9820968,5.41641
9497858,5.08723
20284467,4.1547437
19333802,5.2727814
529077,4.2981467
6180642,5.2812085
20150376,5.274831
14323257,4.978086
1525602,4.313494
17975697,4.8754516
8474523,4.5737596
13334292,5.021144
9185291,5.3140326
14612001,6.3246846
7510176,5.2652607
16179778,4.609068
16796659,4.871778
8775324,4.7677674
16284479,4.998005
11234747,3.8934765
13452881,4.1805415
17157502,4.19244
12358454,4.0211554
8686231,4.664991
9695480,4.886679
8367355,4.826613
2989576,4.0814524
15369274,5.8587
16148021,4.8109684
503722,4.4039197
211974,4.1616206
18928565,5.013912
6642187,4.427551
5978999,4.10587
16179637,4.3719764
5581272,5.228052
1137270,4.0658755
585326,5.206268
8986011,4.781833
17151465,4.578295
8523936,4.6171346
1092952,4.7413044
5545876,4.4597707
14372086,5.5221715
18449225,4.35815
19439896,5.3380275
260618,4.2614346
12183872,4.8913407
11594225,4.4850187
13431969,4.4309053
7558612,5.498932
13964338,4.832975
13881317,4.1386843
616846,4.0530915
17911489,4.9052935
19940687,4.2405915
4887154,4.4810185
15544269,4.646212
15889904,4.147399
15857974,4.8901114
13565735,5.0813937
9484892,4.630007
9543593,4.149615
7498821,4.1165624
13620412,4.431718
3772256,4.835262
1478708,5.175815
17473389,4.7851567
15343573,4.180949
63299,4.4449015
8595563,4.5969357
16470569,4.9714265
13529874,5.281558
17857197,4.2601976
413528,5.735538
18719830,4.8733964
16928185,4.3123713
5365041,5.4782205
18585153,4.0429955
12970794,3.9342859
8135784,4.6197214
16842869,4.089822
16634452,4.3488193
17866497,5.01523
6992939,5.393589
17025057,4.336067
18039406,4.1910396
1966985,4.0165434
13168316,4.0409937
1399352,4.023187
10940860,4.526854
12246159,5.029099
3968797,5.190066
17419435,4.733299
1598821,4.8051634
5318042,4.528963
9842323,4.966573
15051958,4.4441633
17766887,4.9259896
4959182,5.42375
15500908,5.4147754
1578240,4.186781
13278282,4.1506715
2111965,4.2739124
14401988,4.094463
12309858,4.3358006
4204083,4.409982
15095869,4.3153834
6427200,4.890292
4895022,4.673565
15094880,4.882026
8210662,4.795006
20663721,4.4867296
587519,3.7761068
6430646,4.78179
2695042,3.851196
13278590,5.021102
14251966,4.5085106
8338312,4.828597
2782449,5.0572605
7679930,5.1820917
7162515,5.1668553
18240637,6.6223116
11970358,4.8183203
17829852,4.5245857
18358606,4.983559
3716193,5.1451755
18276063,5.7101583
2267519,4.3706956
6153176,5.187655
15898619,4.678275
9788783,5.792602
8501346,4.376386
17702188,4.5219135
34180,4.14071
8988671,4.2021294
3755730,4.372517
18520798,4.4684014
5602759,4.9384556
19261697,4.9537277
14466625,3.907825
5859294,6.0311146
8256789,2.9343889
12566931,5.4575667
4076676,4.1615944
13252336,4.8527303
4513190,4.117797
9039932,4.1042333
3904474,5.1535945
9662070,4.6379457
18137618,5.146736
16133192,5.022628
16478910,4.285553
7516219,5.1485887
15565416,4.0098715
21107564,6.032771
18507811,4.700697
2425222,4.4849367
8987171,5.0104156
13722149,5.017537
10812058,4.8377485
4918117,4.8899255
20873868,5.388737
6959726,4.5626965
10962069,4.1731744
3575029,5.1905293
13915824,4.473835
5258014,4.562544
6588703,4.6821995
15232882,5.180631
1013554,4.4520874
8721995,5.242297
15507289,5.3370795
15251944,5.47924
14962062,4.3688083
15547856,5.5246034
19142325,4.268895
4365969,5.168771
13865089,4.384921
746309,4.2689524
1914231,4.592153
18137025,4.670288
11585921,5.501509
934686,5.206718
16415932,5.2369685
17241281,4.811943
18395345,4.12037
20361914,3.9158974
18309423,4.7159424
14804430,5.188151
20954875,4.7253504
16960376,5.6910524
14450363,4.2134337
4916150,5.0085483
4199365,4.7900023
5717674,3.912903
18773448,4.46819
16604226,4.101029
16228498,4.9796996
18980195,4.364225
1936397,4.023504
4129518,4.437635
803237,6.1217265
15854348,5.3070107
15834879,4.8162107
1785463,5.2096767
1542007,5.144851
17289486,4.8051033
19050041,4.150001
19366175,4.7176156
2919081,4.8765593
13614714,4.223058
18945938,4.247335
6676462,4.555502
32289,5.6593113
2158228,6.1810136
16033346,4.4491816
9812471,4.433354
18646319,5.0970006
6245649,4.621588
2339096,4.87721
1377820,4.94491
4587068,5.8120112
19823304,3.8815267
19274358,4.5057425
17862060,4.3969665
19154676,4.985993
12202225,6.363194
4047932,4.052064
13996790,5.047954
7582014,4.6181235
9549937,4.2868247
16052687,4.624915
12308161,5.0101166
17850042,5.403393
8439758,3.9945512
16345587,4.934202
162565,5.001447
15310417,4.668371
13028092,4.5098825
13787219,5.0863414
9756362,4.838893
1557272,5.103533
14216505,4.0417867
17366907,4.901739
17137626,4.3947477
20353421,4.242626
19160115,5.9683933
10205130,5.54072
6257770,4.092675
19522520,4.952277
14789838,5.0243244
16664559,4.4107094
19986637,4.515615
13636041,4.4652605
13497953,4.384011
7820825,5.2199316
17027112,5.7769322
13698734,6.2059207
18033653,6.399965
10191343,5.327469
20758401,4.8356137
19811816,4.877667
10160215,4.6349463
12558102,6.1452785
17116411,3.9024875
19997367,4.213664
13128992,5.1280994
18650393,4.3212495
1360756,5.019767
5970919,4.2999935
18273842,4.3689895
8170575,4.9479837
15635436,4.7282104
19590104,4.4993024
6249284,5.009397
16040400,5.2964373
20190740,4.0563936
6713059,4.2783504
13124099,4.296501
8686886,4.3829184
1467097,4.790798
3173259,4.0590835
12095061,5.876588
14094499,4.441101
18672688,5.5394897
14587518,4.8029833
13027997,3.710488
14844179,4.729663
20270107,4.3458505
14696082,5.2678895
15058397,5.3147955
4387019,5.845502
21152592,4.7797394
14385616,3.9623525
8596566,5.086855
14670482,3.9861443
629745,5.440224
9011614,4.874983
13436195,5.1068945
5264560,5.2749553
16362651,5.126526
11360562,4.1335664
9476370,4.8881636
3630424,4.678397
16366905,4.3027616
9633740,4.1324735
18081991,4.332281
16082746,4.346086
10724373,4.9089417
19416317,4.1696854
19298754,5.1599507
14206171,5.497227
1319855,5.8063807
16337890,4.479792
17019601,6.002257
7020266,4.0133314
16220385,4.309637
9539912,4.8581743
16348973,4.543366
13864060,4.3119836
12934873,4.7936797
16569236,5.0176644
765914,4.98312
12203030,4.3145037
20730993,4.6337814
13046279,5.4804134
12783482,5.3544326
1185357,4.847023
18525012,5.1825795
15321861,4.978494
9326969,3.9399168
18894086,5.0559597
1109582,4.8913965
10850091,4.1228533
15289169,4.3123717
300311,4.2170134
6436035,4.1376686
20946833,4.1856527
10231981,4.290669
13064287,5.121476
16065265,4.2516246
14446045,4.989249
10411964,5.564705
17636883,4.2375817
13083988,4.399521
11326229,4.1150484
20748520,5.105536
15383658,5.3507004
20849101,3.8660562
13668765,4.2343493
7289693,5.2467585
19607818,4.5054474
9007591,5.617246
9842148,4.215578
10543985,5.0861125
18035261,5.106803
12287938,4.8879004
15201389,4.0331388
5680210,4.463608
16595723,4.8527675
13928621,4.1367173
1688914,4.3111424
3123678,5.1639614
14603013,5.1599393
17416504,4.2593327
20254464,4.9673533
19506279,4.429578
4510851,5.168106
16779705,4.872986
17558492,4.81044
9489321,5.2732944
10840730,5.01402
11656393,4.751105
12761203,5.123869
17655072,5.681606
13686978,5.091842
16009490,4.9104958
10178082,5.179259
317838,4.8606963
12151638,4.004
4581364,5.4935393
20302206,4.9729333
12265833,4.447552
15774468,4.4086404
16779425,4.4703856
1929321,4.2601204
5838026,4.340205
1778616,5.8175025
6585394,4.947886
14774856,4.861468
15635167,5.4097786
11720001,5.018593
15759935,4.905696
20607771,5.208149
17593021,4.162442
1868004,4.1870303
2119657,5.0074816
10190770,4.5028214
18444127,6.250462
9682053,5.4087934
7509321,4.895218
18314524,4.2964363
8521458,4.297058
17811525,5.2770095
15343221,5.6258583
6590800,4.6964316
2688193,5.7447243
19671620,5.3184843
6504811,4.9805546
11324326,5.05968
7069891,4.902839
14692593,5.0478806
10568415,4.0323853
2066883,5.041071
13060456,5.107763
876792,5.320547
9262722,5.2356415
23265,4.9002857
6688780,5.137519
7665771,4.228503
334781,4.254225
7462814,5.19213
6514861,5.562005
12064283,4.309521
1984382,5.227607
16013973,4.441083
2736951,5.607663
4791587,4.378601
6820117,4.3183618
14609611,5.0393248
20135625,4.254452
3414817,4.3262253
778453,4.7060657
107970,4.646618
2521708,5.206601
9112879,4.550575
12449594,4.5503325
18239100,5.610134
20859583,4.7134037
15026420,4.319341
15925363,4.4057837
17587122,4.4429026
20687964,4.3470225
9776054,4.4442196
16438067,4.9180984
12653801,4.122308
9593354,4.331172
9281870,4.735687
6006387,5.211816
13698578,5.0363903
1258048,5.1849856
15283105,4.0367
15000377,5.141504
402182,3.8962202
16439694,4.033473
16353458,4.3475423
15438287,4.7024136
8796084,4.4297237
11142154,5.0722585
13411560,4.27958
10106906,4.975736
15866577,5.441357
2278677,4.569925
11270175,5.0562754
20748152,5.8767657
8713089,4.4397793
6957662,4.641677
11758214,4.4361625
18775794,4.242489
6701678,4.543607
7622792,5.6895776
20956813,4.5805297
8459072,4.4674077
19212024,5.481242
15546105,5.0440545
8190747,4.400277
19084981,4.298765
21165010,3.550248
13751291,4.827811
15139748,5.06231
1940256,5.262722
12684755,4.565541
8164773,4.6647964
14518257,5.4893527
17810550,5.3799095
20694397,5.5541306
3201011,4.0192447
15143124,4.0055733
14103052,4.2045364
7844607,5.6015925
9776245,4.9336615
5955626,5.882561
14815875,5.2552705
19609161,5.0422845
13027661,5.6686
20449125,4.603444
8650772,4.197142
3624952,3.8443089
13652851,4.5382075
18226972,5.1199026
9316143,4.730821
11621771,4.31196
10512575,4.9568553
12494558,4.7954826
11843267,5.240315
9877055,6.290128
17169503,5.226659
14232159,5.2165947
18957055,6.185198
8072783,4.0813503
1288452,4.534142
14691086,4.7401357
13431305,4.6936803
5766499,4.6585045
9348579,4.431298
3773682,5.469662
5102132,4.028169
7043817,5.382216
12376888,4.208128
15036004,4.8355646
8800374,5.533398
10253899,4.1558547
16807114,4.552919
15760343,5.0448728
16663731,6.237975
10010345,5.3599997
2501198,5.3363247
18490599,4.364001
19998731,5.487735
10101791,5.29346
3208188,4.728239
20131627,4.773996
1981656,4.3978586
17405389,4.8189535
4882316,3.9135127
20358824,5.024063
17433218,4.3556547
14987023,4.5508986
13674363,6.1815977
9775055,4.8455844
17443238,4.974056
19952060,4.805933
18327972,4.6786227
15148862,6.0524187
2926901,5.4820905
5328631,5.2007804
8671742,4.40209
10266928,4.2354217
1475647,4.773974
13359877,4.0492797
9695552,4.5454164
19636977,4.284774
12759018,3.8540018
9460003,4.309289
1025018,4.8444085
2023081,4.010253
19730987,4.646712
13712131,4.935511
20136238,4.676336
8345393,4.3603797
14357258,5.321542
20213687,4.046451
12175508,5.064318
855579,5.328087
4532551,5.2486567
15495441,4.879109
18949917,4.061193
7349633,4.0235353
8474260,4.3046675
10869168,4.9964066
5678143,5.0255475
15037461,5.490643
8419146,4.172287
2788894,5.4712596
19475393,5.4181304
13392635,4.167272
8615012,5.276847
253828,4.3557725
14832244,5.174215
17076350,6.1789126
18076560,4.4804316
11823125,5.1758327
2969919,4.917661
7872412,5.21793
14014298,5.037223
10163240,4.631539
20601052,4.941905
12411680,3.8587487
838707,5.072269
2486953,4.1250343
5258355,5.235435
16996452,4.3537354
512209,4.7896533
5686550,6.123345
5407486,5.1330795
12966974,4.49675
11952919,5.90327
14503754,4.628026
8275971,4.266062
20377931,4.566035
1966694,5.2807193
13715313,4.966396
17363100,5.1229124
17640634,5.2569356
4462231,4.324387
7095534,6.112391
1461814,4.390992
12356145,4.888488
12756967,5.650655
4902779,4.4332504
20687552,4.654035
9614024,4.416864
15191774,5.2830005
6064790,4.6083665
1237815,4.1804767
292954,4.1179605
5840936,6.3999457
153405,5.5508194
8592695,5.2020774
13346901,4.9278693
3594285,4.375572
16674947,5.0280685
4766976,4.5380936
15991989,4.105391
8345349,5.6569724
1786575,5.6874332
11243359,4.3274517
2466942,4.273021
548056,5.7997727
16843072,4.1671214
2925639,5.1818175
16178704,4.477696
1810457,5.099527
16392656,5.250788
19083282,4.6288204
18503421,5.456064
18788498,4.9677873
7161943,4.25443
16812039,4.6248593
11360854,5.4424605
20193830,4.9266706
18012201,4.2149377
13532718,3.8737595
13782774,5.1359234
18359429,4.374436
8339134,4.4387474
12156984,4.9916806
4866867,4.8612237
4855248,6.0025163
5203241,5.7385535
14842876,4.33666
18251574,4.7401423
13515865,4.261303
7421008,5.055441
1702552,4.2723937
5783307,4.3118725
16590794,4.232043
16678182,4.318527
16558982,4.484855
8906056,4.112505
10608951,4.831849
7384752,4.195122
18580573,4.9561706
1912357,4.669733
1089542,5.58137
3442463,5.257035
20961043,5.0347786
16424011,5.56087
7790115,4.6670933
8424975,4.529747
1151109,5.5413632
18163662,5.2767854
13175122,4.2368674
782063,5.2165117
2501384,4.9955606
6034103,4.3092284
15954457,5.0731964
13461123,4.9681864
5006885,3.6062958
19526601,6.5160027
147586,4.7663183
17992629,4.5025454
17369530,5.1714125
14522925,4.8415265
5102601,5.370539
409582,4.843475
15393421,4.359466
17779803,5.359855
18855694,4.4961133
18432993,4.8518205
9882147,5.336871
1814010,4.715282
7724136,4.075172
15803162,4.167269
8089051,4.4785542
2141766,4.8545356
17239287,4.68776
14315789,4.1727567
20901820,5.3254356
13478957,4.143479
16463445,4.931576
7935934,4.274396
13621933,4.3900433
3062316,4.856743
4059800,3.8984537
17700967,4.704331
16986251,4.9940453
21141535,4.795578
6972426,4.5889874
17879850,4.809671
7387919,5.2553144
16082923,4.0527983
2970867,4.123117
15900688,4.8505898
11075198,4.286735
14360742,4.0838866
4235843,4.1897492
13732842,5.2547398
877329,4.971613
17675806,4.834525
1506702,4.754657
13129546,3.6952982
11169175,5.5876813
20620313,4.960841
19474011,5.2154675
5847593,5.231283
21163054,5.000361
3076049,4.910916
2707225,4.4727235
984743,4.1598306
16532427,5.4349675
18897423,4.873672
7292992,5.035364
19330704,5.1325474
2237981,4.883749
14372222,4.6900177
12036686,6.203464
13622840,4.943056
256182,4.9887867
12738105,4.045162
9607920,5.8677936
3659544,4.154822
9031928,4.311055
4281898,4.080389
6669443,4.3102193
17905286,5.2119107
15740473,4.710226
260451,5.4626017
21177608,4.451021
16335085,3.8753667
7823062,5.9136696
13417691,4.3546762
12549210,4.2785707
8383378,4.068598
7518329,4.028208
17418992,5.1055093
2310518,4.378158
15806439,4.8026304
15193419,4.903064
2038551,4.3762856
20435714,4.611008
1517917,4.3776116
6121290,5.039083
4921548,4.22776
8162306,5.667379
10566523,4.9611363
766948,4.221939
17423307,4.745333
15553405,4.730647
10702220,5.054822
18789766,4.492565
3672198,4.8011346
12130232,4.2817855
16438523,4.3226714
6006661,4.523097
20174902,5.057778
633950,4.822643
218068,4.3079915
8503810,4.740581
7183253,4.1973405
16126150,3.9835577
11018447,5.2749543
10998711,5.2940536
295661,4.0770564
3534798,4.3032947
7358093,5.2714095
6710036,4.200746
6399640,5.117621
8580593,4.4128833
3432979,4.686379
8594351,4.4158335
5884735,5.7750773
662172,4.2784753
18997047,4.312627
11610316,5.5365586
1834738,4.9819403
11226321,5.142026
14125948,4.763539
18463157,5.404261
16365878,5.4052243
13327034,4.229713
14881574,4.5003977
10032994,4.3599224
20728508,4.062917
18430404,5.0559154
12256288,5.1518693
21127861,4.485371
1746726,4.1618524
17139040,4.8231936
7478627,4.327056
1225060,4.2460017
2012116,4.9667616
18043160,4.614834
18023259,5.019631
16315924,4.294716
5918615,5.5692143
16504513,4.213941
11909853,5.085431
4517673,5.1460714
8228217,3.8208365
18182347,4.631461
435391,5.565648
6166870,4.8731427
2771257,4.9849443
8736934,5.4411182
19824554,6.0515
747029,5.0712585
20868619,4.430734
6529917,6.172589
18170647,4.4830003
15471568,4.2314057
7493513,4.0129795
20453698,4.1632743
20196942,4.401831
7961477,4.165355
15775437,4.4957476
169938,4.5118866
9809631,4.533175
7610785,4.5680575
8969307,4.439694
7895104,5.869996
14138706,4.1491694
18735563,5.1910357
18389367,4.2584167
15847244,5.002675
16545632,4.1091175
18430314,4.36982
11503335,4.766746
13062742,5.0952106
13318171,4.5049005
1552406,4.353093
356631,4.8093743
9153742,4.5715494
17621006,4.692426
11119585,4.116167
4136596,5.4185147
8975372,3.9779375
2267350,5.1954365
6550596,3.5968704
18126981,3.8576343
13772057,5.3141994
9327506,4.1759706
2208049,3.7930899
11513731,4.212592
16675055,4.8962
3867654,3.9484072
678515,4.7442646
19212437,4.9661503
14969136,4.9953485
1083648,4.269993
15547268,4.8314247
8063870,4.250542
18690295,5.3145385
7675994,5.2178483
13001184,5.5339065
20452107,4.3634505
17592161,3.7952712
292723,4.959303
2320101,5.192827
6079381,4.5555954
17815594,4.0381565
15345702,4.16501
13128488,5.039045
19576827,4.5106983
17833502,4.655489
1252638,5.0875416
10120241,4.477197
5928976,4.831729
16779165,4.754478
292121,4.2985644
9773252,4.3810306
9636536,4.3792057
2126868,4.7283754
17418177,4.585475
7142734,5.163113
16416369,5.0942364
17026213,4.2752075
18730136,4.5520744
4315934,5.463723
8964989,4.6450634
7562547,4.6952143
13740793,3.851459
15026595,4.7358866
19519312,4.5890346
2007744,4.1902485
1655824,4.737453
16396370,4.3697634
20359408,4.459266
16465485,4.1838098
13208869,4.028763
15673767,5.78843
4929917,5.4956136
15023023,5.113453
2254582,4.29854
4216435,4.3473763
4995176,4.5924444
13923941,5.5581694
17928196,4.447628
8754773,5.3229012
9378184,4.761348
1818856,5.650667
20132821,4.0495844
11550177,4.7268276
4778483,5.253008
10617957,4.903407
15152777,5.5226097
6271429,4.8778925
9652591,5.0977645
18048682,4.7314005
2629613,6.109803
9837051,4.3327665
2236483,4.2268214
8848754,4.942584
13801439,4.1156416
18520843,4.258973
20677285,3.7753258
8924371,4.6144753
19567173,4.0737147
18024772,6.0843906
21041723,5.0731874
10826060,5.3134894
14845750,4.940911
8387361,4.2813287
16131259,4.1645656
21112601,4.6706376
5786557,5.1406245
20783900,4.898939
8497286,4.3032484
692397,5.392565
4325533,4.2994175
5318112,4.6976953
17543583,5.133804
19071061,4.3192
6966472,5.5043845
12050885,5.0363874
18163718,5.0070486
20325986,5.1015797
1515692,4.3460197
18025501,4.916134
17209740,4.4858384
12038456,5.112631
1127661,4.587401
16587759,4.47514
2115662,5.001243
10280355,4.380138
13798043,4.7783265
9901107,4.531225
13758905,5.040706
16688625,4.2953978
9693107,4.138877
298782,4.14546
13098658,4.8834457
9675609,6.0676513
14745197,5.2647233
11191951,5.0352087
17809474,5.5522504
3288625,4.3411837
16114087,5.614736
13911898,4.6685076
10570862,4.6005826
13657993,5.0147514
19783043,5.932823
6094046,4.4957566
19475005,5.5285563
19471948,4.3004456
10446776,4.0904512
18240259,4.6291146
17546023,5.525414
3144135,5.207749
12948844,4.2216983
19203972,5.06003
12582809,5.5358996
18191908,4.658202
12625830,4.962007
6225935,5.168179
16465923,4.3416977
17343446,4.255111
12040331,4.0638824
8610501,5.114237
15887617,4.7278585
13857230,4.48948
20913913,5.0313015
16552108,4.1293483
13098844,4.2597194
7694072,3.7952712
17927078,4.1157103
6410511,4.245219
12592005,5.2872057
589871,4.964373
3792354,5.5278053
11873498,5.113369
10082572,4.3414335
8362098,5.4335556
16974,4.1960907
14389040,5.0437007
11659923,5.063129
394575,3.123094
20278076,4.144589
9014652,5.180634
12158902,5.105858
105790,5.068604
21012537,5.3202505
623169,4.259177
4511517,4.4146976
16663488,5.031592
21095546,5.34689
20727269,4.0711665
16515365,4.9990244
17191808,4.114842
4155987,5.538981
20458607,4.9067035
61492,4.8085876
3448200,6.251185
19715386,4.304641
15563563,5.2874475
12156748,4.8942895
13717259,4.400692
21022616,5.22083
19397414,6.089504
6501271,4.910657
1203062,4.4569197
9702745,4.7690954
18060066,4.1137166
5734824,4.225109
15483012,5.2281866
16424802,4.604731
11612857,5.4540534
19026885,4.2965574
1494934,5.2019014
7481387,5.905914
16755891,5.050664
11462136,4.357305
16741224,4.173235
5805232,5.6312337
10082054,4.52176
8472069,4.926526
820076,6.3327956
17319951,3.9619207
8342087,4.503791
14886280,4.3482304
17906998,4.38814
18812367,5.335612
149287,5.0194283
607525,4.8211117
6065047,2.9987252
11925344,4.8536954
7921496,4.315758
2050565,5.085112
6939759,4.8739676
18566623,4.445957
16566765,4.2456937
13928656,4.8401713
17842893,5.191026
2150750,5.8464584
1614869,4.443756
15858959,4.4483013
14576243,4.2602234
6585312,5.6111937
18095094,5.242983
16481119,5.150167
17608425,4.7611203
20549799,4.1831965
13454616,6.2829885
19843040,5.125966
18239416,4.2382035
11455321,4.5990167
11721762,4.9598327
5904367,4.972805
474261,4.154564
9841695,4.1561155
15884291,4.022455
1821276,4.978572
9181840,4.3724055
1209887,4.242367
6056375,4.80463
2028925,4.65385
14556936,5.0382547
1104378,4.21281
26969,4.2553797
15562371,5.0398264
19143439,4.3260674
19856899,3.96685
16226184,4.8563123
1614453,4.0842543
3992862,3.988957
9823218,3.8702836
9283045,4.1924024
2003807,5.945874
939724,4.2579694
15344749,5.268457
20783657,4.349197
9330884,5.2596393
6736478,4.383489
7331076,4.157195
13395297,4.187414
9216865,4.83821
12774975,4.8553796
14213504,5.375118
7809904,5.1923876
6870655,3.8312495
3050409,4.5089464
9511231,4.1218863
11244392,4.662158
13732047,4.607357
259946,4.6817646
17806646,4.827148
14473911,4.1575437
15916332,4.289515
16207482,4.815539
13374561,5.2241273
1236435,5.356566
9678100,4.7841816
18423707,5.3542657
16557021,4.1932473
4858023,6.1636667
4317172,5.5603385
11228512,5.0502396
17946046,5.3118796
1237000,4.074882
13173944,4.8261857
12434997,4.941551
12436517,5.423807
3923395,5.2607064
18449130,5.059941
8341345,4.09936
15057686,4.8757944
772710,6.1049957
21081736,4.324525
18237064,4.4031324
8019237,4.4980974
3884136,4.977276
3429765,5.0575857
18916321,4.719108
18343565,5.27875
6348998,4.5349183
4504493,4.7181535
12287516,5.211114
13531384,5.2202544
12234407,4.5084934
6852871,5.400589
18111915,4.139921
16378313,4.9670506
1042416,4.61966
2107805,4.7980742
3101058,4.1002584
9679720,5.936754
13374738,4.133719
7844193,3.5194662
10933809,5.124798
16331974,4.9666357
9844593,4.879516
53945,4.4993696
12836625,5.578044
4549248,4.9435744
20582419,5.176556
15820271,5.362604
10679740,6.159518
4833384,4.1930737
19274728,4.9059343
6661916,4.104139
14661553,5.250555
8921684,4.2755303
13041397,4.5469894
3122230,4.1801906
20886177,5.095106
17940041,5.735311
16041421,5.172154
13549269,5.068289
14076129,5.495978
285853,3.9570196
3385799,4.1922703
13926029,5.301221
10524154,4.5555954
13098099,5.2948947
13788789,4.8492994
12186043,3.960556
12447273,4.1348257
20744113,4.8947134
8559784,4.7799525
20931172,4.5088196
2806375,3.9780385
5890689,4.773787
7619168,4.858875
13393930,4.3186164
20469589,4.7055826
15483365,4.3874073
18235853,4.338701
7955889,4.4535327
3440226,5.3268585
9367923,4.6346335
19672894,4.0635924
16726525,5.0745645
8613137,4.00953
654663,4.1001897
18476483,5.4961495
10589384,4.760957
5278024,4.158422
5847724,4.5171037
6055430,4.862085
11572634,5.060078
4489920,5.2623134
15969709,4.7845035
16962538,5.2091293
18508087,5.703786
9311493,4.3878026
19964062,5.784511
14918050,5.039285
6716444,5.586056
4720733,4.646163
12883073,5.957195
9792440,4.4365373
14785240,5.4483495
11299251,5.169819
20067361,4.5755663
16930825,4.3277955
4393619,5.6330214
17176220,4.406346
10136634,4.1586046
262581,4.903533
15296005,3.4807146
21139175,5.651404
18002685,3.944787
16189275,4.954145
7906205,5.6863914
13770959,4.2373834
16977515,5.626516
10253159,4.8631787
18283948,5.5674663
10012130,5.002941
19653554,4.75823
14009341,5.1957955
8354416,4.94571
16381405,4.2073135
6104388,5.024261
8866435,4.781411
12539243,5.997854
727835,4.577872
15251398,4.7360353
15535544,4.2304606
15464381,4.6899443
13201614,4.3702927
13624873,4.9935694
470686,4.0437703
18054286,4.363374
6119085,5.25867
4069230,5.0879745
19694938,4.820676
20155633,4.3216367
14936162,4.363914
9638273,4.363204
9298442,4.1662865
4223903,5.0170403
13745898,4.8821754
5619670,4.629423
8224594,3.6465306
13078273,4.629422
921738,4.8255157
14025315,4.255703
17303868,4.1746106
20024608,4.3107395
254244,5.323989
16851973,4.305511
8801963,5.0173235
17704182,5.129602
10435323,4.250667
17178379,4.2141986
16722632,4.9253707
15230181,4.8825846
14155064,4.9027495
15720784,5.0044537
136598,5.325011
10489923,4.2168922
10711301,4.09605
13265653,4.298774
818106,5.8665485
18464236,4.30134
13697966,4.891208
15990498,3.444829
8051571,4.393161
16910011,5.1168733
14729863,5.1097565
17279759,4.1467953
13699944,5.134276
14485048,5.328055
18506292,4.5178304
3570214,4.869337
2454328,4.9124494
16626315,4.1209846
8687100,5.0419683
8861340,5.189314
14360124,4.7540073
8487910,4.7006855
16150844,5.0300856
7557114,4.9302397
10883520,4.1985407
10921244,5.2945023
18039805,4.1568646
15982786,2.9909234
6131818,5.661443
18080179,3.9784386
14746367,4.1601934
14070500,4.280399
16776474,4.4871936
17537893,5.190957
15808768,4.049225
9859456,4.3057384
2424012,4.174548
2336995,5.436478
13319332,5.6674013
17788229,4.2107778
16578553,5.512744
9095143,4.2892804
5659754,4.3660855
4257235,4.4655724
17925066,4.367439
13642438,4.3826866
11964204,4.553054
15059292,5.538831
18634359,5.220219
7902505,4.5870724
17993774,4.915947
20833334,5.38752
5734385,4.3428636
12979462,4.788404
6210989,5.1565323
17909967,4.2429423
14820644,4.7155914
808476,4.988704
1988060,4.3533826
19306176,4.241337
19926722,4.528963
15611785,4.2225986
5740147,4.5608015
6975715,4.9625044
8286476,4.2716846
11553908,4.1354876
8069864,5.061343
12974133,5.7276273
9023240,4.783496
7869049,4.859391
13859896,5.255521
2599391,6.308286
8018120,4.559
14741768,4.5526185
17254918,4.855901
8048252,4.8415184
17104272,4.2985473
8812730,4.669097
17161412,5.1088953
18342681,4.2829366
1847096,6.0856423
14567685,4.821063
18308288,5.064598
7720627,3.962773
17813228,4.875945
16604081,5.265302
13636327,4.4110518
300476,6.4136896
8304399,4.5587125
14022086,4.9254394
5997677,4.1164465
16620440,4.8307905
6001733,4.4195247
12172270,4.421257
1891798,3.9270992
17655210,5.056335
18274552,4.418912
9096381,4.8909354
872179,5.0641713
16764106,4.2689657
11461363,5.447762
18159942,4.2302094
2043364,4.160796
616659,4.049644
13066383,4.302579
16285789,5.7404723
16797865,4.9145274
9476010,5.2837443
470593,4.986366
4069681,5.0858727
14521332,4.9424934
16257710,5.605195
4121984,4.643459
9277608,4.184231
7322189,4.4162593
16481298,5.403896
16861615,4.3898177
17716221,4.456169
16285014,4.7460732
7798558,5.2978253
14152775,4.1080513
692596,4.6588593
2227698,4.7070947
1337030,4.3209586
10013355,4.406375
8642982,5.524681
15988278,4.5537696
8155052,4.3908834
15301517,4.374694
3849127,4.2418933
9677581,4.2260127
4216183,4.9075174
18460756,5.145342
14717511,5.1941338
12837544,6.0092607
12607802,5.0492535
6698963,5.208551
9660751,4.318387
12926448,4.1554275
18287946,4.4444656
7939785,4.766
13674419,4.9911623
12171671,4.3081193
6908837,5.8993216
443710,5.191126
8831071,5.2753816
199492,4.193133
14162696,4.2147465
18427422,4.877937
5336338,4.0606594
2412174,4.923648
11903376,5.6960874
18360175,6.2758226
4280227,4.1800776
5793707,4.3438582
20279076,4.81352
9835402,4.794192
19765773,4.0128875
16704118,5.427388
13996884,4.7413106
15966074,4.8768907
8729819,4.0998507
8365561,4.927854
14854446,5.204085
16242173,4.403099
6410814,4.300174
12406971,5.4678245
20992963,4.3150997
4513058,4.781553
16335709,6.0331635
14127470,5.8219213
10611598,4.259529
8422253,5.032942
16532410,4.3768134
14319729,4.9975104
3060038,5.2170553
10105617,5.441603
14840734,4.263258
13878031,4.8337064
15086036,5.387887
17109374,4.888872
13693976,4.8109283
20189290,5.203319
490278,4.862742
19274249,4.566553
13079618,4.219222
12170773,5.090967
15894378,5.17108
4347296,5.8729477
18562272,5.96965
9629995,4.780007
18547261,5.858919
8154992,4.3323917
14404369,5.561038
10771947,4.091356
16423443,4.883308
8648668,4.362495
12523287,5.636351
10998267,4.6494074
14705237,5.637194
15582903,3.873538
5882524,4.8359113
19721546,5.260388
12320398,4.6257925
11987376,5.304195
10641479,4.38064
13731033,4.8253093
9113032,4.865546
281851,5.1232853
15805025,5.7514014
763912,4.4668894
5882068,4.145538
13638234,4.9395556
2037632,5.015937
17778216,4.1522527
16307983,5.4612846
16660233,4.8484745
12357576,4.925585
7482391,4.934703
24685,4.2966027
68765,4.2304063
6452211,5.341553
1570233,6.163256
5611893,5.3407245
14786255,4.5011063
15082723,6.264098
15188975,5.145207
19182296,4.8330917
2444713,4.933888
15166182,4.6028867
20468805,5.1186333
10548910,4.2558823
16808949,4.222433
1944545,5.1396155
17574306,4.102314
19770847,4.7390327
21020089,4.7417393
201579,5.4923315
18060256,3.9360917
10342713,4.948309
10155735,5.2517686
15337504,4.6501746
4588530,4.2130136
7837670,4.460121
16527604,5.785711
16755165,5.2969894
12806536,4.778186
18449954,5.1963925
6452027,4.316776
9406748,3.8938558
13266235,4.2332816
15451638,4.4172497
16353035,3.7095892
13153701,4.446263
79867,4.966522
18587279,4.879314
13065032,4.5556016
10001830,4.044199
17609502,5.442172
5482031,5.033082
9919042,6.270926
9765944,4.435579
6302460,4.3274612
11907960,4.406059
16602138,4.9141498
15928774,4.241994
14934883,5.381678
15071313,4.380706
4874904,4.426044
17641941,5.018473
8392929,4.416266
15484515,4.35714
19594567,5.039802
16119265,5.717953
16689079,4.5257325
18917540,4.6333704
17240769,4.374427
7911936,4.815516
18580460,6.7236204
1430650,4.660995
11673345,4.964238
19565362,5.8422537
18291840,4.223351
17864286,4.035031
7119361,4.4816394
15806126,5.015755
13956788,4.2440724
13096049,4.3488297
15857441,6.1896305
5871900,4.3059344
12071454,4.0586305
1887607,5.241361
755837,5.176409
3067093,5.1180077
9129371,4.4159102
11475308,4.4030123
11985542,4.8648987
16443977,5.0292335
14499881,3.9864438
5558596,5.4845963
15706304,4.6533604
16885114,4.8068275
16736025,5.1233807
869573,4.5348196
3013404,4.99084
9574823,5.2259755
14628145,4.250139
20726546,4.165152
19876349,4.1646504
2659961,5.125818
8609364,4.181323
12384692,4.0409083
16661908,4.4994135
10253966,5.653236
9348561,4.477214
9836960,5.1847634
5660151,4.8886056
4957202,5.489866
1108309,4.126427
15804560,4.866051
12525453,5.1918764
16268891,4.682828
11376684,5.484781
161366,4.532091
13978228,4.348921
20132802,5.6986094
16468105,5.2708344
16363579,5.709385
16096254,5.281533
2794725,5.2222085
1600917,4.9779367
16255259,5.1167707
18657197,4.396613
6164719,4.7493386
13081963,4.9348307
6245923,4.610665
18507843,4.779315
15938836,5.042454
20678024,4.3617506
13007964,4.0950303
16721027,4.2997413
14742080,4.2157607
16873922,5.251554
18027089,4.4505696
4000127,4.292441
15338,4.699767
18291134,4.581601
15177460,5.32433
12343491,6.262584
17981389,4.7045817
1545924,5.813864
13974584,4.0819335
17992978,5.1478667
9010664,4.932333
8954189,4.5499787
9592800,5.3342447
15858137,5.245047
3508355,4.206693
14871074,4.159438
13206404,4.4636645
15521569,4.5555954
14198733,4.4536977
2661116,5.41179
6572270,5.1855803
14442678,5.204598
15307603,4.2277193
16286765,4.2269917
15361823,5.2288227
17923576,5.3173175
12972161,4.8676395
17188790,4.8706546
12560787,5.851631
5550377,4.4255495
18139886,4.511154
7773021,4.765758
15271308,6.058575
16731782,4.487271
5948553,4.001528
3172443,5.034103
20857268,4.6643963
17778941,6.3740115
9880541,4.2307825
1577314,5.0081983
16690525,3.9811027
9423782,4.8017025
18309354,4.3941336
4126394,4.301925
20929903,4.438939
8629384,4.429775
16214199,6.1270385
18487700,4.905719
13725138,4.3067594
15482627,5.327123
8863296,5.472002
9489347,5.012768
7219544,5.0212445
13332523,4.6425414
15256873,4.8420386
2114825,4.922851
9289159,6.5756373
3802561,4.80108
9473056,4.144663
17878341,4.934514
17685139,4.1190934
2046837,4.8476458
11641041,5.31283
18793420,4.4918356
4573388,4.997279
15506488,5.2717857
20935951,4.9499836
11528337,3.7418866
10483785,4.365552
11593024,4.2415643
1420295,5.8705707
17095592,4.8376184
19045550,5.0319886
18376189,3.3679497
5066963,4.2368207
4720719,5.1665025
8408941,4.942589
16026075,4.8486896
16363328,4.9913673
1291245,5.027375
5620178,4.2788415
13642024,4.5651164
21089964,4.2031155
3297290,5.6699977
13635731,5.4604945
3655721,3.9493544
8886910,5.704945
7473102,5.0073442
11971293,4.82343
16365308,5.0792985
15468953,5.402336
17990998,4.2053523
19946866,4.819921
16733827,4.174341
10927558,4.375233
17848838,4.261377
13453710,6.290873
2687468,5.321819
1552454,5.086192
15867712,5.86102
17077760,5.066278
10431444,4.851249
12556300,5.11703
5756476,5.08878
18383751,4.406438
17556287,5.0735135
12268850,5.076159
1163484,4.26655
18037423,4.3045254
13619661,4.7639213
1140208,5.035905
20329086,4.4790454
12134687,4.855175
16788613,4.528737
19619512,6.0614395
16870786,5.324364
4280354,4.444282
769570,5.1594067
15300902,4.6746197
15677936,3.6294796
9949819,5.8677106
3636803,4.24529
8613175,5.388729
13036622,4.668996
8348797,4.832714
16617254,4.2236867
19454877,2.9702497
19730998,4.742419
16620385,4.627077
4963442,5.378027
15782266,4.345354
8907630,5.5076575
6262496,5.7293596
14585335,5.2379346
14858456,5.105517
239740,4.73679
8334574,5.0900984
4581249,4.348224
17668817,5.0210676
8743842,5.2849174
4284302,5.5481153
18393283,5.3993344
7116071,4.7697287
13013212,4.2964373
8581502,4.338998
20936293,4.3525634
19020812,4.1747246
13552346,5.00097
11258230,4.2654824
2479488,5.0463967
16707096,3.9362411
1886260,4.895659
1819124,5.0741744
6747090,5.616984
16020084,4.6190124
268281,4.8794427
15310760,4.705719
8908300,4.887867
11023993,3.9896376
1211904,5.0685325
188089,4.2983484
15472200,4.45687
17304194,5.2356853
13414367,5.1658187
3524259,5.192081
20831716,3.9788783
651761,4.5881243
8632421,5.4631963
10732341,4.2761674
17547295,4.1399508
15735939,4.262584
10526930,4.215632
6705213,5.782696
16274292,4.373562
13908031,4.040511
1401826,5.084171
17996701,4.730356
19608483,5.239648
14529806,5.038582
7396507,4.30355
11776428,4.538261
20310964,4.0156984
4242976,4.9240985
20546407,4.3102283
9051457,4.9651275
9855043,5.057226
4137129,5.015102
18390907,4.9910526
18072858,5.329963
6893767,4.396181
20710877,4.921895
19750868,4.9206324
8411978,3.934193
15154809,6.0583835
17905042,4.059603
3712827,4.711933
20621718,6.1554503
3750775,4.687898
7403108,5.1264963
9368365,3.9608738
16393701,4.898319
16206870,4.8165345
18232204,4.4931955
18380250,5.0148787
2284027,4.977505
13849458,5.0528917
17791888,5.3427315
16435009,4.470066
8110761,4.8402524
17907018,5.111143
16653528,5.3280187
8620134,5.0055985
237965,4.3503323
17299883,4.8512473
3467633,5.623595
10702489,5.233597
9486229,4.7480083
15968686,5.187552
2649834,4.5394416
624222,4.5933
14711066,4.483765
1227528,4.910916
8714485,5.0702343
18372981,4.038777
1791502,5.0705843
3371940,4.3384175
3053490,4.478956
16489149,5.391755
18586142,5.7433596
13030573,5.314383
15145507,5.562573
18251681,4.302702
4582087,5.047436
884770,4.3124466
1885714,4.3000097
2790204,4.9489937
14670074,3.7607424
14016295,4.5791717
18272941,5.3609304
162501,5.9096785
786762,4.862313
5617409,6.136078
16455403,5.419173
8025718,5.5033464
12973475,5.7282424
6554546,4.6789804
455801,5.0427384
8444973,4.853712
6662418,4.375737
15043894,5.183721
9434777,4.37816
7972210,4.2719917
8227684,4.8282022
13748557,4.9776583
16374783,4.0268345
20703296,4.7707872
12873159,4.282729
17337380,4.397756
4530084,4.7692237
19363636,4.3811674
18563383,4.2586794
17665943,4.9183216
5429358,5.831449
4642269,3.9538593
16298489,4.3712106
14790439,4.248507
16740002,4.29434
10494118,3.925493
16313220,4.790358
18070092,4.5118694
12509442,4.759941
17996529,4.40359
6184475,4.242101
13797266,4.416437
352651,5.2332134
5871440,4.086437
8635380,3.9892468
9914098,4.0331993
3325051,4.564
5666413,3.9179926
14823325,4.6989393
6731379,6.8193593
1046156,4.599248
15466899,4.8742285
8304809,4.1269183
14196041,5.5355844
19680206,5.352052
15834530,4.3873906
19844263,4.35525
18211527,5.217717
9488449,4.3585086
10423846,4.490501
8667555,4.278432
18810763,4.997843
11933676,6.1806736
12202949,5.43052
12472667,4.0852365
19174415,5.742377
23630,4.8803535
16204431,4.867162
1995873,4.248141
8342200,5.0885715
15187909,5.014187
18916155,5.08524
16492476,4.2568464
3185161,4.401825
16191688,5.474401
6673893,3.989892
7225947,4.043636
13997415,4.8527417
17566490,4.36984
12360583,6.026789
16156779,4.793816
12888131,5.489519
4625517,5.0428367
1847756,4.7921615
16944002,4.282454
1994398,4.4227524
15455859,4.2635264
16099052,4.2465363
8717912,4.220696
16009487,4.1816134
13014120,5.3194065
9773707,4.8790617
19733011,4.245106
16810160,5.176347
9794448,4.6817446
14276565,5.0074105
6330321,5.1159062
10946246,5.0014005
4236298,4.5443807
12904204,4.5293164
2050034,4.7956343
1277972,4.118342
17576374,4.8726234
10455533,5.7461934
14918329,5.926666
5802174,4.33358
8516438,4.1289735
15656727,4.848131
14775886,4.2420115
8402207,4.231442
5736448,5.5819187
17665223,4.611978
8311822,5.2095766
4105373,5.030155
20206733,4.9908047
4581662,4.942201
19826980,4.270501
4632852,5.0518556
16300686,4.9688888
2898119,5.6245
9495318,4.284199
13709214,4.228246
6993370,6.10381
13233253,4.7942204
9107788,5.6072083
17160235,4.20934
17143812,4.175204
7693794,5.42735
18254110,5.1946316
11605674,5.3905587
17530140,4.9334345
15166927,4.72786
12654751,5.3586187
4498688,4.314129
13846921,4.994279
16000082,5.3510075
15282119,5.197063
13084019,5.395074
7348510,5.7730627
5639177,4.1321073
11676984,4.663404
3984487,4.991448
3847733,5.512242
16568422,4.641024
11845487,5.138161
16845953,3.9368627
2774381,5.104514
13294824,4.471234
18788839,4.6175213
783307,4.822956
6272432,4.2552795
19996962,4.9853063
19247993,5.049356
18057273,4.453169
12034085,4.598265
4655098,3.5959275
18408815,5.223791
15326555,4.6817975
13863117,4.3463907
3978049,5.092935
8869066,4.3272643
461682,3.89929
19891896,5.1819415
14302295,4.437372
21070841,5.0588574
16844016,4.706785
13208394,5.084171
19744547,4.3428073
8487785,5.4387355
220739,4.4132075
2949128,4.4717107
17806559,4.177203
19136921,4.1914153
17986818,4.1182055
8405793,5.0463123
16268440,5.364691
13945387,4.669097
1042244,5.0341797
7561410,5.158107
17263707,4.928985
2979322,4.296607
1651142,4.847862
7884263,5.492528
2026952,5.0971885
16074023,4.2325172
8910702,4.3081007
16676011,5.2642336
12832173,4.19615
818325,4.3483295
16627888,4.2265034
14028586,3.9627323
11985793,5.1861615
1566931,5.3048244
12485862,5.494299
12447752,4.1866903
20137618,4.2660947
117425,6.312196
12569384,4.4699073
13997894,4.976504
13490579,4.2791276
16490813,4.2041926
1955844,3.9902503
4471474,4.459453
9689477,4.08383
4636874,5.1658626
6568621,5.7634397
1321422,5.5788784
19413075,4.9783864
9370343,4.1789126
5203102,4.9334583
11632924,4.894834
264370,5.003324
17263550,5.356185
14800184,6.1587286
18395450,4.022057
5250986,3.7690904
17904661,4.9006205
17715463,5.1881723
1327974,4.833657
2254589,5.7424216
17350373,4.420321
7818601,4.197112
16004815,4.1710873
20812899,4.7637773
9034581,4.875989
16377021,4.3845177
14254348,4.269519
16910723,4.287607
13359416,5.0136075
18292044,4.5555954
17845631,4.042335
5965946,4.538057
18933650,5.535898
13006602,4.6168838
13685445,4.2095838
14971184,5.439207
16899482,4.5080132
14851530,5.4543915
3390839,4.892797
19380233,4.002884
256328,5.60564
6003054,4.1427546
14218751,4.9782662
17896365,3.5453258
16442150,6.247447
18343585,5.528314
14899955,4.229759
2292361,4.4994283
1807106,4.4211607
6612941,4.224039
15909282,5.0082684
288428,5.054712
2203321,4.1648493
4149673,5.4308267
11842362,5.6456475
21142247,3.686516
10363272,5.1286726
14316033,4.7259874
9250196,4.9012494
14039050,4.5330215
18423736,5.8875313
3679353,4.5377493
4430821,4.908089
18377747,4.0511093
4618235,4.256561
11084142,4.256969
5049582,3.8894308
4249255,4.866029
13462915,4.43318
822298,4.308158
4119345,4.225517
7072662,6.3178973
18344448,4.772042
16817222,4.3225994
55236,5.4702606
11161984,4.9990478
19402841,4.968376
20847505,5.1020665
13479034,4.647706
1815353,5.0499506
17559842,4.3628216
19744604,4.204394
8621133,4.3097
13511680,6.958647
1582618,3.4882352
6092079,4.2600055
20325539,4.7324057
10788926,5.098069
13751992,5.339252
20145787,4.936588
16063467,5.019835
10829701,4.6323266
4631385,5.1908374
9707498,4.2727404
16479760,4.8763885
13841200,4.329526
5834313,4.9806285
20361869,5.142932
6749427,3.909902
9275838,4.2082367
13515816,4.618679
7545751,4.3654857
18700291,4.3041525
14589695,4.4113207
2108953,5.6148434
16105967,5.487251
14865465,5.2159367
11906382,4.240803
321064,4.9040318
14325921,4.325098
14842991,4.9778585
6555650,4.376469
8596659,4.0900025
18146377,5.4357457
9636006,5.2112174
7086742,5.2888517
15942034,4.895853
804911,5.2882633
842568,4.496648
18375437,5.4985604
14685847,4.940704
16323084,5.0593057
9119340,5.201196
7950510,4.8497763
2956443,4.324496
6286307,4.283218
5025771,3.996796
21026522,5.3035655
4557370,4.485345
9865463,5.103374
18225274,5.076144
18429342,4.476396
15047711,5.018932
6027682,5.1718893
3010664,4.465312
7800582,4.5067673
9532913,4.9498224
19226897,3.9330587
9275385,5.4464707
15664018,5.0882354
8283693,4.2909102
16877389,4.886289
3967613,4.189943
16281547,4.4650483
17109092,4.35254
9925289,4.242792
14359424,4.7650447
6067056,3.8718994
11738047,5.809523
8141545,4.481623
16366584,4.8020377
15470101,4.975778
13636946,4.495706
12187266,4.476941
4294546,4.309009
18274450,4.2241035
2257433,4.397115
656963,4.377524
14627817,5.3118944
19701460,4.6785746
16269084,4.490373
13783094,4.1500664
15455678,4.603427
9479084,4.8587255
11418974,4.8909516
19638414,4.0170317
15085544,4.376889
15392930,4.297063
2093181,3.9744427
17704147,4.1993775
7933149,3.845475
18253442,4.368786
13123665,4.8058386
17957063,6.1319895
19428130,4.024561
9235371,4.081336
9657,4.1118636
14168409,4.7031746
18240743,3.6924767
1713391,3.670587
9805274,3.0906339
1226151,4.8325787
7390157,4.476467
9617219,5.7430806
17142233,4.683819
19484825,4.469491
4853437,4.4781346
3767801,4.2103987
13112601,5.5511975
9504910,4.3188667
18181705,4.5228324
16778843,4.4308076
18429930,5.4646125
5692807,5.2526307
5241951,4.632978
5960570,5.6838584
19018157,4.480139
5231420,4.370617
6167817,5.6778126
7949889,4.7693534
12731932,4.2379866
16056428,4.1593494
11847204,5.877073
20423020,6.432436
1813644,4.277725
19926911,3.9364333
15504145,4.845864
17979876,4.271979
14452128,5.755586
7734034,4.757195
13356533,4.258108
6914332,4.2611814
17367373,4.744833
15981951,5.003973
19702506,4.289131
5297087,3.8726537
17902639,4.594315
14564158,5.0002685
20173972,4.247758
13174599,3.9470618
20520499,5.3119087
12984462,4.5425935
17347987,4.6720066
19830738,4.891692
9004664,4.3733773
17552185,5.767904
17329090,4.506996
4021404,6.19037
11712306,4.340942
4157327,5.0825276
8849684,4.185308
9814133,5.446278
15853705,5.2409506
3230132,4.548755
2521531,4.800852
15911434,4.579914
12018733,4.8117685
13002543,4.1221704
6701117,5.2489276
18286031,4.5176177
1198347,4.9694314
7728262,5.6995387
17408595,4.3529043
12492608,4.5739794
7687937,5.6994786
15359703,4.575485
12494870,5.964996
15021346,4.3155007
12704399,4.1423726
4831071,3.7809696
7825308,5.1154585
7824173,4.052327
12932903,4.2045407
10755415,4.5862255
12827022,4.59019
11609854,5.1741624
13394025,5.2060075
8306292,4.2692294
14301401,5.156833
16134950,4.647865
6391427,4.2864766
19307997,5.2300644
7383804,5.6025195
9578848,4.1143446
10383664,4.4764147
1792884,5.1888103
16335618,4.3823385
14280074,3.984782
9486887,4.09802
16545024,4.31752
8750901,4.748154
10984016,3.1308658
3873605,4.714894
17538067,5.265722
6091491,5.0210986
20145430,4.211873
8687096,4.6642056
15706743,3.3730094
9332396,4.3200846
8741124,4.1233892
5240711,4.7194552
20235361,4.475819
1140678,4.645148
13433094,6.234681
16110990,5.155415
13194721,5.0182233
6384560,4.065408
2748478,5.2905273
16146708,4.367514
16302612,4.265599
16487967,4.642486
1198430,4.355996
16114302,5.124664
13705277,5.52972
7615409,5.176725
11149702,4.838827
15559436,4.2135878
2128029,3.6864777
20975716,5.422682
5339857,4.414108
15503063,5.0064616
20152540,4.300531
4672465,4.8615437
8877466,4.5702734
18477226,5.27838
16164856,5.073434
3726665,4.5223584
10567332,4.676213
1078956,5.6607523
6737827,4.3922954
18374330,4.810509
875697,5.114888
6901856,5.2129235
10336440,5.0598702
1228561,4.304436
1646432,4.6868706
17937309,4.0363693
17317496,4.3261733
3248010,5.039321
2620895,4.949307
12430597,3.9150395
16738823,6.2637258
1786408,4.3532753
18182640,4.6020494
82525,5.0787916
7245202,5.782674
11243921,4.35586
20551414,4.8292947
13078052,4.4716387
18412267,5.2263546
15330008,4.3455935
7461720,4.219243
12145787,4.1041656
14093209,5.222871
7808104,5.304281
15642244,4.8579397
18341150,4.6934414
5192524,5.326671
18392309,4.7673903
15987217,5.404319
13680874,4.7446337
506527,3.5544891
11024614,3.9327164
9185329,4.3789296
3094942,4.4186273
15420428,4.0521293
16389870,5.45453
19248283,4.688825
19092945,6.194301
14108510,4.415562
8957301,4.4520535
808919,5.239072
12930338,5.203295
15874365,5.05859
12831088,5.0163107
781722,5.337118
4077258,5.422605
17286682,4.4163494
12596422,5.13039
4931662,4.0714335
19572489,5.2477565
15355243,5.3070993
11389072,4.2305183
1503756,5.435234
19093046,4.963416
16847188,4.258542
9208381,4.68531
17864579,4.7359653
8146498,5.0625734
10631509,4.7926874
7037918,4.324396
3706213,3.90767
3698666,4.376916
16016075,4.304054
886283,5.6220202
16416528,5.6050587
18387798,3.891351
17667639,5.3669686
18673613,4.366568
9556765,4.694555
160994,4.7246532
13236053,4.463819
20173820,6.4720073
2102251,4.386986
12444577,6.072528
7034609,3.9537823
9563868,4.298287
14387694,5.0776258
16313134,5.243256
10388512,4.150887
19120657,5.5724964
10117649,4.7981133
12055255,4.260462
14474046,3.912098
6640094,4.511325
14654068,5.485773
4503042,4.8055744
18158353,4.289845
7203585,4.775994
11140165,5.2039337
13591642,4.3839817
13550146,4.2716565
278631,5.5066333
16337188,5.1331887
1922863,5.4754233
4653799,4.226768
16331457,4.5171967
13958151,4.6607237
16750852,4.9763265
3449208,4.439384
8740042,4.0301
16164139,4.7695417
18054943,4.8520894
19981334,4.7053933
592785,4.4585824
16896145,5.153278
8550376,4.2471676
7238562,4.4266257
11619794,3.9175177
9542259,4.343697
3835740,4.8837204
16546132,5.1520457
6656023,4.414735
3650961,4.413812
6190025,5.2793612
4469308,4.8380857
11826892,4.582026
18956599,5.2337713
10432527,4.3884125
14451365,4.3665876
32100,5.109323
17026625,4.8555083
7454426,4.45102
16736650,6.2095814
20781301,4.8438654
8869857,4.6577663
16675897,4.250653
12005176,5.7387667
2118102,5.317948
1837195,4.2383537
976333,4.4319034
1240264,4.3939385
19298911,4.4553337
12347801,4.8473015
14184210,4.9481306
6155857,4.0014076
13960272,4.380028
14667266,4.077234
13223946,4.8746853
5368098,4.4289327
741486,4.199935
9047538,4.035288
17109022,4.304853
14284044,4.813856
19981311,4.259288
18465345,4.9964027
14195003,4.566336
7369899,4.294916
14031404,5.2659016
19555894,6.054861
5271500,4.780354
15254452,5.204692
16613156,4.55264
15917248,4.297972
9786769,3.9940283
6336738,4.9209595
8088701,4.700535
320876,5.0643907
4059899,4.8547206
4199411,6.752879
17531064,5.7403336
20212582,4.2892785
12310652,4.686953
20124372,4.6431885
13532703,6.3491697
3779262,5.06769
7613457,5.0124893
13447271,4.290368
88329,4.696061
20621664,4.318705
16040801,4.6575627
21012590,5.242601
14953748,5.117007
1112193,4.7180557
10941617,4.8657966
531662,5.7045703
8498323,3.2478452
19984378,4.606105
6669698,4.280224
19343700,4.4798546
18449426,4.6610694
4974526,4.198064
3091017,4.459967
11873372,5.402378
19209610,4.1537995
19435087,4.5506053
2803080,4.3767304
18011412,3.7402472
18226089,4.324045
19594225,4.9798136
8134772,4.6037116
16543538,4.365478
8501697,4.404503
6782887,4.0814643
9239512,4.342724
7637346,4.8773465
198761,5.204521
4725525,5.2535768
8848243,4.3176503
10018690,4.2997456
8339990,4.370184
13527740,4.177921
15133237,5.3852654
13079512,4.2004166
14014180,6.031481
4397110,5.129297
9654636,5.211728
18664875,5.1697726
13993376,4.8705974
16845440,4.4136167
14090665,4.2917676
20388226,4.250609
15026428,4.916674
19563053,5.0251813
17437025,5.6284103
18721341,5.0611567
5214511,5.19063
15743922,4.361767
3615525,4.35436
16426121,3.8007119
9857556,4.933008
21074607,6.077363
19010965,4.948792
2670842,4.757464
9834617,4.5955076
17779243,4.4415007
13201296,6.3623495
19139040,4.9316707
4644790,4.386005
17073296,4.6506248
19861683,4.4854646
20243718,4.4884744
11590585,5.2050033
20540178,5.233725
3979815,4.577253
182649,4.2581334
20250330,4.3205
13314206,5.438328
16573155,5.28904
8308797,4.97533
12564215,5.2392983
1012052,3.9384136
234394,4.3276076
311965,4.6232686
13413787,4.6437745
12965341,4.3779006
18567266,4.397482
19895364,4.80106
20175518,5.452048
5826013,4.005026
20257216,4.084593
15855471,4.6017046
12253499,4.474046
13655779,4.9145
13250317,4.701005
7071272,4.735743
6619797,4.9750237
4410626,4.5978746
323818,4.525374
16255523,5.331045
7280443,4.2438087
16039266,5.1664004
6639200,5.188533
19355878,4.428287
14087481,4.1410227
3656168,5.321864
8583164,5.966542
18580927,4.4856415
474107,4.844178
9596854,4.781104
13996398,4.960302
18386105,4.794176
19376872,5.365407
3985721,4.247808
6033731,4.2460747
10710389,4.739021
11974165,5.072885
10862901,4.3645935
9751520,4.113846
7727798,5.3932695
19122424,4.200244
16519767,4.2718487
16613071,4.5013127
305478,5.0520453
4040288,5.825109
12814997,3.951195
20567199,3.8812714
17866946,4.9469757
12650350,4.9206324
9925588,4.148464
13495499,4.4277353
13768369,4.4324617
12610297,4.474018
5299538,4.0000668
8226115,3.9958637
1764111,5.1280155
7003280,5.2646723
2030001,4.1861815
16661804,4.053455
18597852,4.4045167
2919885,6.454371
14058416,3.9279344
13073701,4.8007135
17699413,4.9680066
16145337,4.916168
2690557,5.0056167
12246336,4.4201846
13137665,5.143193
16653287,4.2524614
16859921,5.0872097
1625400,4.824674
14903074,4.583135
17209802,4.6115746
14809565,5.0749483
21081911,4.274249
13640799,4.835062
10522163,4.671532
37106,4.969096
20164989,4.2838035
9412522,4.7088437
9999011,5.072364
9505990,4.015045
19963338,5.3038754
10336064,4.5226445
10946838,4.2041073
13812527,4.987841
18475428,4.786198
4932075,4.965778
13640973,5.3326387
17140323,5.2436037
11841988,5.3930864
15357486,4.399199
8195073,4.6688943
16755630,4.3013
14578107,4.9601297
19681568,4.323292
10877191,4.4161363
17957475,4.892894
17310907,4.3408303
15256339,4.8219047
16364474,5.884219
15336922,4.6218066
4243533,4.821338
10502874,5.029235
18055225,5.93628
11699396,4.3866906
8281567,5.308673
15658007,3.7934196
14613245,4.4489
5671891,4.4919014
5671323,4.3818045
9150564,4.369478
17573208,4.6312237
8669608,4.6777706
20506481,6.2915964
15633311,4.903308
13389163,4.964351
19503519,4.505136
15717865,4.371882
16677866,4.2406287
7130139,4.9109416
21165287,4.7517605
17657646,4.6465507
16395627,4.4359713
10132452,4.2453895
13619786,4.8255177
462761,4.247101
11991853,5.3034463
15707865,5.0323973
16624197,4.5286546
5748062,4.317351
7530470,6.1731796
16782301,4.056904
10912441,5.6862593
14148550,5.5365148
336085,4.249794
10370225,4.1725817
3261876,3.9705305
8241047,6.260644
8079482,4.1872277
7636280,4.7047753
15356852,5.21992
6196860,4.6269145
6705606,5.8647976
16260261,4.451759
5858866,3.9304757
15267454,5.1191044
14969264,4.6665154
19049956,4.7667356
14983345,4.738505
15935306,5.0317616
14685903,5.304452
14385417,4.35485
883919,5.627582
4490787,5.5710154
20175117,4.1937976
4881408,4.45398
13787217,3.965453
14045579,4.673234
14245494,5.012767
17387152,5.9624715
14027107,4.150747
15321291,4.9435496
16768488,5.061523
5857212,4.248093
17559095,4.5836024
18612312,4.2751007
15508735,4.4380555
10655519,5.8469133
19971039,5.435861
421056,5.5836267
5933788,4.301071
3628550,4.3144717
3677769,4.685899
15147801,5.1517577
929709,5.613765
7085722,4.779565
6480494,5.2402906
19142365,4.910719
4038988,4.633005
20994349,4.2601743
6993585,4.782098
6692633,4.9164486
2925113,5.016129
10128415,5.5418797
8438983,4.827914
13644509,4.6867323
8389670,3.943521
15664756,4.767114
948066,5.0225515
9443911,4.9953017
6312726,5.2762065
9679314,4.8491626
7699156,5.492364
919491,4.414024
5638572,4.6929097
10647977,4.77249
15609256,4.908779
18138817,4.377082
4380289,5.399393
10960335,4.063001
17774363,4.919829
1588569,4.989116
7708956,4.38096
3884177,4.3399916
5242156,4.120237
7133073,5.6776257
8919439,4.380742
5773014,4.855589
13492147,4.4248986
14088580,5.158464
15413315,4.440052
21010620,4.151186
17139921,4.852547
18192212,4.139934
11532825,4.992775
7115956,4.6384373
16192278,4.142482
19328794,4.1481767
16650612,4.174397
11963803,4.900033
18236644,4.545704
16568426,5.136441
15468130,5.2644563
17302109,4.433772
10987971,4.962061
5804184,4.9046874
14841128,5.2825456
20205643,5.0950527
19038731,5.7966504
15951308,4.815162
13998679,5.1785836
8316959,4.547554
16289538,5.7218895
17027226,4.4343405
2878367,4.5907674
21112044,5.743436
2649307,4.4340734
13722918,4.1566324
13709628,4.7632284
11474664,4.9625945
16192994,4.371347
14589787,3.5515544
17832901,5.8017664
9771817,4.213589
13908582,4.49446
10318440,4.023401
18094311,4.5202084
21056101,4.1957564
14859205,4.607437
8908984,4.447077
17880821,4.4301057
10542679,5.5499005
16439853,4.2439747
8369918,4.612708
1273732,4.017011
20823125,5.456892
12084009,4.8985124
4568184,5.553889
17685745,4.886298
6262562,4.4532804
1190059,4.0571866
7789261,4.1370745
18249107,5.6412973
13733878,4.315252
17609541,4.725851
15600320,5.0014997
9565613,5.232439
7729378,4.3304415
3152,4.8523483
423015,4.638238
12812618,4.5077376
19928373,4.704438
15471576,4.936866
3199646,4.6790886
9474780,4.732277
2291575,5.1122375
1668703,4.948369
15820741,5.6760387
14615244,5.1704025
6051139,4.432546
11591276,4.9664583
17787042,5.7524934
15220486,4.3484793
15859766,4.8835874
11444324,4.5979567
17450135,4.3314037
19365218,4.4158764
15202245,4.3553624
18177473,5.044078
15149244,3.9665267
17041719,4.272647
16653003,4.177164
14281824,5.3553658
12497789,4.5274973
18041988,4.3988123
18962999,3.8089342
4014004,5.5542293
147057,4.8328004
14055172,3.867112
9211258,6.403695
13280223,4.9447403
19531541,4.9200406
7309889,4.4011216
6383124,5.101619
1039388,3.915709
19907558,4.74937
21062944,4.898025
16164497,5.014058
12628500,4.53192
7718281,5.2478366
3600426,4.7595534
16684462,4.9109864
17637439,4.7807984
13226860,4.8352222
18484608,4.8061156
10682977,4.4458175
20672473,5.3603706
15821372,4.9150653
15914815,4.863606
10452379,4.375452
5716928,4.473906
18672200,5.249566
6108121,5.0481634
19525675,4.3150134
13982530,4.915606
18274492,5.5983458
2102083,4.2644587
6561328,4.575485
17207282,5.4011135
18303012,5.095873
13315940,4.9084187
14637596,4.930096
4726329,6.0807734
17436192,4.268036
19637270,4.2519894
20708739,6.3127055
9575455,4.569281
14237524,5.4766207
20587492,4.9234953
8112802,4.0435743
15194626,4.2523956
3478519,5.017833
14092217,4.388459
17776375,5.151765
5028869,4.2609453
4616984,5.3594146
13301861,4.680273
17078429,3.8955154
20850384,3.963352
783533,3.8562381
12307699,4.2371955
7742389,5.7824135
14730782,4.1087546
14732666,3.9390113
9846050,4.902558
14014074,5.4688864
3911632,5.222873
15806629,5.3277636
10789518,5.5297036
4508643,4.0812964
16137860,5.101791
10646179,5.1417375
10514631,4.0343227
7859360,4.823638
6227307,4.4568043
1286024,4.110581
16119911,6.230411
12794929,3.9755704
4766198,4.1310353
14858777,5.1114154
17729080,4.295843
14962616,4.5301943
15546277,3.962527
15843080,5.0681157
20708079,5.966205
18123700,4.8260183
18111734,4.4057603
14122307,4.9083977
15545469,5.0603695
9867521,5.3202686
3984079,4.35113
11083719,4.161004
7199664,5.560337
13600015,5.345818
19271871,4.6515136
8523729,4.465936
11868984,4.2994123
915185,4.202651
9157599,5.119865
14038894,4.3553185
20432888,4.9333677
5985721,4.3064957
18954540,3.9303102
11060323,4.5633717
5834571,7.172371
3963063,4.9869857
6505178,5.189017
18275140,5.2754717
12192712,4.953371
13668121,4.2062535
6898500,4.1307454
8626843,5.119453
14853506,4.2800565
18239489,4.705471
21227973,4.324082
12028699,4.4788322
18058833,5.6991997
16332242,4.876984
13358067,4.757519
6184436,4.201775
15009750,5.0414844
1145599,5.0707746
1393795,4.0426917
12798049,5.1715045
15827529,4.359868
1262615,5.230558
15632470,4.9628615
12111530,5.039324
3611314,4.4596977
15268492,4.7660794
21058445,4.9992433
15010784,4.6685247
20270476,4.3416195
14109962,5.2805004
10860601,4.3210354
15085218,4.906211
15362398,5.147523
11637237,5.0338397
15604820,4.842035
9596347,5.1646595
18586018,5.1654124
16114354,6.8972263
16517828,4.316554
13371059,6.691989
493889,4.072577
20071116,4.931377
19897761,4.422751
2835738,4.0451555
18271258,4.5308285
13532767,4.8358307
20583437,4.4175777
13117094,4.4101768
7911249,5.214654
2405505,4.685957
12115480,6.2293386
14115711,4.298151
10339306,4.562924
15547078,4.4608803
14554162,4.8952537
8569939,5.1048617
9695052,5.869603
8015917,4.5482545
3464920,5.402892
13431471,4.5608106
16482721,4.351624
9727669,4.2879195
8720730,5.166726
15564955,4.9002604
1954679,4.5548015
12451774,5.3926964
19179842,4.7542844
496108,4.659848
4658566,5.4542866
501809,3.7881546
7441129,5.629745
17698990,4.978176
6450635,4.00244
12083628,4.2527933
3262667,5.700171
7074591,4.150462
18043100,5.598844
2976805,6.002159
20703786,4.835185
9402433,4.378063
4574276,4.0703425
9778049,5.674247
19976803,5.065058
6993593,4.9506245
15524161,4.9678497
341982,5.087698
20697209,4.7977395
15758511,4.9544535
19862719,4.812809
1205103,5.817635
8091534,5.677003
16388417,4.8356037
18734294,4.024982
13315146,4.3082614
12671359,4.661313
2435621,4.1994157
13578156,5.2227373
15087800,5.006315
16177400,4.7658877
16157731,4.696239
20981676,4.14501
16986759,5.6999397
18612976,3.8244264
10989476,4.708391
12870133,4.299841
19750192,4.8724866
18584041,5.3824854
10988716,4.331662
8876857,5.173913
14301885,3.8177583
13097527,4.566038
8276086,5.415567
13453952,5.5501485
1327713,4.3218474
13782018,5.04706
14233948,5.10966
7034496,4.8195586
9695421,5.0357
9895911,4.786028
19848191,5.142065
1311010,4.3486447
1693171,4.175226
10592499,5.1352673
3929669,4.353999
11276602,5.1165633
3750941,5.4789276
7729478,5.0449357
1932459,5.204569
19766925,5.1724005
3510929,4.190684
11899979,5.6640296
8065191,4.64961
16404941,5.046484
10990428,6.036108
7561285,4.961354
14697055,3.8672206
4122052,5.40416
20023862,5.5727134
18078627,4.2393293
16516179,5.1499286
4553412,4.815941
14807771,5.9830155
14536328,4.4525547
3580577,4.8365626
18356600,4.3312116
10417384,3.8938015
12710373,4.1247463
60029,4.433777
2356531,4.869083
17317730,4.2787123
16146828,4.2864766
10634388,5.7035317
15036052,4.143844
11923955,3.4206245
16470794,4.1838236
10423038,5.132626
6819620,4.7876134
20968536,4.795937
20842436,4.980004
2592518,4.7888875
6992650,4.9891834
4988271,4.0342183
15804772,5.4907937
14869870,4.8560143
16492690,4.9577947
831911,4.1588316
4612058,5.22867
18025811,4.564901
11984924,4.943846
13272022,3.916564
16438253,4.7907114
17241345,4.8343344
11575073,4.5994096
12984578,4.0187364
9282536,5.1017547
11961592,4.4868016
12537595,4.9516807
9548458,5.63961
20308967,4.4155755
37036,4.402961
11510860,5.3219357
18231512,4.8827276
17188729,4.152241
16408218,4.363492
11981170,4.0595465
20585140,4.6546535
10560532,4.7904778
8286902,4.5469756
18655459,4.3518066
15099822,4.871912
14725758,4.392812
19910241,5.281479
20387244,4.5863485
1074477,4.3911295
4160153,3.7927856
747538,4.166433
5203,4.9532723
15700524,4.9683924
6404431,5.262945
5413059,4.399043
14353740,4.7509236
15702522,4.262978
9565600,4.1540046
14089329,4.875105
7174695,5.2805147
15840973,4.487708
18841491,4.4569044
14126074,4.1084285
10225698,4.3414907
16618158,5.016214
4870883,4.3650017
18138876,5.018998
25243,4.7484164
12932878,4.3400006
18599084,4.595906
13697125,5.2346506
20721830,4.359362
13220100,4.6271405
14840260,4.903918
1687895,4.908977
17123723,5.023147
13921768,4.4138875
2048834,6.2165365
18124698,4.890911
12853547,4.569366
17938399,4.243431
15563455,3.9829044
8468414,3.974693
3082686,5.6565933
2162069,5.081793
17714228,5.0764747
16505752,6.6971154
169063,4.1378264
5364045,4.412399
921624,4.1915126
18229453,5.1352806
14011511,4.310359
7094262,5.4349627
3687736,4.9916735
157442,4.9324293
762136,4.6034617
9289207,5.238723
6766894,4.8650846
674802,5.3571863
6953447,4.792195
1281248,4.4970255
254862,4.509355
6746143,4.256387
14142081,4.8751717
16543637,4.795917
9394266,4.508767
9295651,4.962568
16256795,4.7122545
3495686,5.127107
143210,4.414757
19893709,4.9679174
13491064,5.6466928
17700250,5.360649
14357767,5.945445
17547451,4.1901994
9061286,4.6276226
20148326,5.066238
7822338,4.5466986
3821508,5.642663
6014128,4.7275133
8201104,4.4512315
6221976,4.3798037
12794738,4.8720417
16144923,4.8914332
13279870,4.245767
15733438,3.993469
15570233,3.981332
7398878,4.7037644
14221934,5.0751224
2804557,4.028235
14709616,4.2833014
20156831,4.2456465
9804849,4.1696353
9118568,4.2996182
4889629,5.172973
16505757,3.8808575
15325569,5.184586
1726045,5.7153835
15269312,5.3106003
858343,4.656518
30589,5.414946
13249407,4.194147
4875849,4.527136
2083824,4.492708
1365453,4.904929
18373584,5.2775636
14576410,3.7785432
15940237,4.5184617
5598465,4.58613
15154816,4.351243
16898265,5.127312
18483873,3.5555012
16554765,4.851216
10059532,4.900365
12296200,5.3336015
6459085,3.436815
17237993,4.6047783
18003730,5.536718
6500587,4.8224745
16187444,4.438131
14074041,5.001668
13259442,4.98811
2145620,4.1629186
20076517,3.9085596
3405660,4.383506
2846842,3.8150907
15461426,4.4523625
9364092,3.902225
16262205,5.384913
5761831,4.3622074
11339154,4.942671
19584716,5.6793365
4217936,5.350039
239032,4.386425
4651486,4.3815956
6143575,4.236972
14519030,4.9150004
21094021,5.0207386
11380089,4.8981667
18626315,4.9777727
17833123,4.12702
5019373,4.802586
8700324,4.730847
5287733,3.5489628
2260274,5.648143
6467571,5.7395706
4709568,5.3441277
15931396,5.0382414
9486921,4.305126
16393237,4.132434
4136476,4.37081
11240650,6.8496504
8341556,4.398439
350756,4.931693
8426584,5.0233383
14781988,4.7415357
20218031,5.465553
6898978,4.772387
19430766,4.9380693
20235948,4.2831845
18506717,5.181233
20688624,4.7107
6041274,5.6844687
1691798,5.07108
3193484,5.6446395
20520689,4.3791842
16868894,4.045025
21043947,4.5937586
16707824,4.2158065
15328018,5.069369
3698293,4.080476
6431931,5.657659
6503208,4.8499746
1781488,4.0993032
10860523,4.901402
3991929,4.729618
6283028,5.592534
17045534,3.9374359
2075526,5.3812113
10120476,4.3641467
16615480,3.7765732
9733550,5.010505
3866747,4.145172
12344780,5.1572285
17544220,4.397348
13548192,4.3602724
13193268,5.0166225
8409307,4.685679
9775849,4.8495893
5839893,5.5406365
16477241,5.6696534
20265104,5.8387175
3259165,3.938477
19282141,4.745858
10059914,4.1548686
11575453,3.932478
11441823,4.150122
19587340,5.3216553
3400837,4.89161
5070776,4.9086003
9040931,5.160848
19113658,5.3129473
613776,4.993253
2217388,4.2600265
20890772,5.022712
2223743,5.3913565
4820897,4.541732
9239720,4.387029
17337,5.581496
13282206,3.948343
5999400,4.283098
945456,4.8704133
3111416,4.911645
11013737,4.1016173
5172,4.269882
6554072,5.082739
14781723,4.9426417
8065756,4.9916515
15126863,4.2144427
10104299,5.0390778
13549677,4.310298
5581430,5.3943844
14302864,5.13972
10991224,4.0545845
4565877,5.1497884
13239693,5.36534
12916543,4.3284793
18566371,4.312685
5661094,3.9666939
12272769,5.16837
16191596,6.0759254
13207484,5.0296564
6949104,5.7534285
15678225,4.894128
16620120,4.025332
17452765,4.2246575
1229267,4.4951653
4004684,4.141578
13733036,4.8978143
15728541,4.8817515
20728631,4.679422
1571050,4.373844
15041110,4.674167
7996844,4.5224266
16395596,5.021474
7178619,5.243895
1471308,4.441834
17542935,4.997241
2979714,4.510111
8989333,4.954211
11533498,4.880589
16228608,5.174225
12002608,4.3146353
16854863,4.104981
9066389,4.9090624
7319582,3.8882518
3530517,4.424518
11770831,5.0452976
6363059,5.0573077
4629268,5.129939
20152928,4.440417
5743939,5.3350334
15129463,4.372152
1381369,5.883668
15645789,5.501128
20283433,5.134714
20830442,4.4231353
986942,4.8984747
13099049,4.2299304
17496630,5.2751937
14444718,4.258963
16144586,6.412036
13669224,4.388552
9779691,4.26346
19220895,4.2408247
17776890,3.8893714
15790019,5.1474705
12311270,5.0192547
6450749,4.722433
18040385,5.1379724
2515876,4.1894846
10928757,4.7022595
16778120,4.9082155
11398939,4.174818
499778,5.285703
5320410,4.2392626
18878916,5.6108375
4541421,5.119227
1922967,5.5828314
12516111,4.7585616
16259866,5.0641603
1734724,4.8768234
17112036,5.082592
18629817,4.9339757
8717587,4.980309
4701209,4.6964226
18387832,4.868187
1051752,4.1580133
16279910,4.3478775
13937820,5.0510178
5186065,4.1871295
808771,4.8894763
14719229,4.204677
15129443,4.220156
9024874,4.3339963
7629135,5.2068744
18109123,5.609878
12824752,5.2430277
1250851,4.892715
12108800,5.4511914
14744954,4.993507
18960127,5.253714
19550981,5.2769876
242108,3.2659602
4275987,6.2428417
20268369,4.9707646
20902198,5.288988
18159048,4.89687
14821542,4.9384527
8591360,5.211794
16321597,5.2359567
11316590,5.419917
19533073,4.3748555
13088369,5.2266326
16188028,4.287429
4638356,5.1042366
713891,5.1229835
17542345,4.9339256
15071413,5.149771
13592114,4.6182995
11722263,4.5181656
12973981,5.3950806
13754200,4.363606
11697611,4.702646
989517,5.8102727
10930648,5.8687315
15269286,4.143786
7286062,4.3258276
6741023,4.387876
11692361,5.123785
6662905,4.803269
20955316,4.9413137
9940548,4.7654285
9263299,4.4867783
3479056,5.515662
3800291,4.73778
1494503,4.963358
5203333,4.1401305
10884695,4.434626
9013631,4.8784122
16900681,4.3315988
8402784,5.063616
11160844,4.060069
3590692,5.092027
7253330,5.207897
5882725,4.291322
20588352,4.3926935
2243670,4.1106987
394904,4.033689
9929615,4.7927322
14187344,4.1666617
15020493,4.031571
1020810,6.089037
1841611,5.0204487
8879352,5.3491983
15701532,5.089984
295998,4.4947686
484645,4.157738
1999524,5.0934205
17561158,5.0818634
14763206,4.4837403
11526632,4.925293
8737483,4.9812245
14427313,4.4237285
1561827,5.2474594
11814174,5.8482146
14212183,4.8861904
5623799,4.8213387
11338871,4.1230893
4129541,5.5015383
1081386,3.4484115
35933,5.555239
8759078,5.5834446
14217843,4.3732505
16526688,4.507335
9218051,4.9629602
3980078,4.16008
13492204,4.5156164
14242954,4.214101
10603148,5.9378886
11721509,4.372405
840986,5.1549325
17318841,4.4583426
17177059,4.794186
10613950,4.5545406
7421557,5.4799848
13615051,5.2273164
16688313,5.6363506
8071589,5.597568
15097821,4.137045
8328969,5.0237584
7819052,5.025392
20261316,5.7001286
16689984,4.3282075
18427968,4.6346784
3292176,4.901893
1700813,6.0145063
10754525,4.0534315
20998710,4.4721775
20802874,4.27407
16822689,4.6505265
18733946,4.355174
5669114,4.347131
11733875,4.974655
5823579,3.8049283
14152687,4.1846375
16689890,4.1055574
13386152,5.1029115
16216019,5.39296
16707697,5.3038335
11893599,5.260172
3914729,6.1432357
19590061,5.1083846
5477034,4.728374
11465303,4.1947618
16912078,5.0848823
16323205,5.122693
15024995,4.8067455
21079508,5.6960077
4645073,6.0849853
11437224,4.160442
4000913,4.3199024
15523310,4.148496
9593326,4.533884
11121959,5.054717
9298606,3.3719313
5175365,4.5450816
10608275,4.0650816
13280891,4.981225
16368233,4.942505
4871632,5.350889
9537574,4.517648
17403306,4.327053
14342464,6.3296537
13219269,4.7389474
11728273,4.2430573
17298736,5.123915
13016280,4.4652925
6692531,5.183247
19637390,4.6203485
6987294,4.892849
9199020,4.198182
10863225,4.186334
18288453,5.0752325
13577359,5.5633287
12318,4.283591
7826994,4.468785
12914613,5.033178
18362191,5.196986
9173163,4.119225
16769229,4.7423925
1120704,3.9264762
20367880,4.8973455
16707614,4.866724
18490792,4.6230097
14881794,6.3188043
6629798,5.033401
3488353,5.066561
19560789,4.5055823
11641955,4.0306625
17653059,4.425711
13752341,4.1612062
19236409,4.9081473
2168443,4.8009224
357690,4.709064
86215,4.930742
6536047,4.1551795
12869041,4.8563156
13997337,4.3938594
15163535,4.3773637
3686247,4.2481904
19123146,4.315847
13675771,4.901585
15517665,4.7149286
266852,4.1511745
6576714,5.2476187
14899220,4.1326733
66741,4.493442
2503513,5.606521
7454326,4.805928
16630172,5.544987
7894983,4.734775
16755227,4.3166895
9240606,4.1989975
18931509,5.0042763
852709,4.9775586
15390344,4.035034
9115251,4.1520066
5803725,4.809132
6706611,4.620291
9826494,4.9278703
16256177,5.6446395
8292694,5.670453
9595353,4.525108
6600487,5.235431
6692472,4.3891864
13604485,3.7046757
18508677,4.3210144
2109238,5.352654
115205,4.1948986
2043329,4.0890985
9866287,4.4089985
13550615,5.0139217
7919303,4.3312755
1026992,4.433376
20405654,5.199358
12473240,6.2184834
16014578,4.275871
10436203,5.280709
2602008,4.3824544
857092,5.3151035
2392076,5.1555953
10963865,6.3128614
565873,4.509292
20881375,4.440676
8814532,5.1640635
7734698,4.9919662
12385794,5.357835
7916941,4.945236
8133279,4.4419284
14538591,5.2144384
4411674,4.7401323
15254039,4.902436
1830541,3.9855344
1981410,5.4140487
14983333,4.706481
3455983,4.3021894
6444138,5.09592
14959965,4.9925876
15362826,5.2933254
4720274,5.065511
15519348,4.474999
6283933,5.4238105
20396853,5.147606
14022123,4.193946
4920912,5.6983857
20652753,5.4929442
18505904,4.8113947
18522213,4.8790092
16613242,5.0973673
7873193,3.8618267
12873218,4.1496034
6913431,5.2641783
7083264,4.3624587
4339690,4.3401527
20465477,4.73467
16772675,4.8836603
13564134,5.1306205
7145874,5.5133414
7246315,5.449872
4760085,4.0807996
2867967,4.27252
14531958,5.0516677
11228280,6.4129076
9926871,4.4029374
1239578,4.162595
226700,5.078069
7292184,4.7777715
18141809,5.689034
13221200,4.9931164
8033454,4.4900546
9036422,4.233013
4548481,5.0211244
19323759,4.245569
5450533,5.314423
17191253,4.9532895
13997379,4.046191
16135826,4.5230308
17236337,4.860374
8653639,5.031534
17267711,4.3934417
8625772,4.3340354
14014784,5.2944293
19037850,4.904305
19431326,4.983655
9331257,4.5959234
2612415,4.776994
18009669,5.847982
5904077,5.045178
5989289,4.631827
10122015,4.31584
18551002,5.302379
17570448,4.953245
16464934,4.489529
17891260,4.377877
16753496,4.554891
20199520,4.7711935
15805076,5.722842
12203384,4.8767605
20606764,3.9997818
11659435,3.8975153
11104126,4.312049
15647825,4.64935
13810066,5.3614826
11757399,5.2039485
19876256,4.3446655
5945206,5.731977
17809274,4.0396614
16381870,4.8803096
14917610,3.8967419
10061039,4.625862
12291029,4.6767583
6881333,5.62157
13436690,3.647603
20686661,4.2894025
10281261,4.356764
15807971,4.639087
14220964,4.815193
17832974,5.4999514
8568651,4.902579
1901094,4.847508
6554785,4.039263
13246804,5.581775
12794288,3.6795607
18496331,4.3028483
3896813,5.647591
19333632,4.219558
11147115,4.179889
19712405,4.3194237
6523489,4.6469774
11282348,4.7738147
12566383,5.059151
16541516,5.8531313
13623275,4.2514076
18752314,5.5711403
8326050,5.713894
7053454,5.2827516
9594744,4.8687706
13220707,4.299511
11847711,4.862735
8213608,5.18255
17623961,4.7823887
9393610,4.515177
17005094,4.477722
2407048,4.8620977
9847184,4.430081
1578776,6.181193
10929133,4.952554
17994684,5.1064034
15552233,4.922527
19414470,4.2691855
9908400,5.218238
12510575,4.5102305
6541532,4.2758627
4796255,4.9876137
13490097,4.1989255
17125199,4.04322
8849532,5.029038
21215451,4.2342453
13283526,4.447732
15151751,5.264672
15187617,4.9874563
13959712,4.6063375
863733,5.1122823
13654088,4.286717
8193344,4.2524624
16809253,4.374649
13876770,4.332861
9014320,4.232712
16286990,5.337476
7679691,4.320935
9759151,4.847042
16207012,5.2085505
18123049,4.917042
16528767,4.8301587
7478426,3.958415
8007182,5.484208
13801319,4.629837
17546693,3.9008462
15726549,5.54824
12467639,5.053701
6140911,4.9975524
2106662,4.9646063
11205980,4.2707415
19323563,4.356995
5570026,5.131421
5009768,4.791937
16557948,5.535967
11276421,4.9162836
17845988,4.8650546
5631995,4.261284
21056025,4.0683513
8761031,5.5777545
7386475,4.2483234
20270259,4.9323225
12186204,5.6915455
2906508,5.0049615
6450252,5.5373306
9149849,4.213404
20351372,5.1049905
19194301,5.012613
14250377,4.0592003
18900408,4.4887342
13566915,4.10638
14811235,4.252098
15212443,4.054487
7857185,4.429799
7001872,4.7904744
19056187,4.2069306
6258514,4.0686164
18296788,5.3764586
19102362,5.095546
6026467,4.84689
16451547,4.8789
16179580,5.5583243
12205354,4.336764
15274180,4.794533
8879913,4.42429
14065007,5.054367
14488586,4.9023275
230956,4.592882
7914303,5.048072
15022043,4.542676
929868,4.509417
6704812,4.025487
10812263,5.06536
14166242,5.0229907
3302921,4.897364
3283409,4.758571
11303117,4.266691
20354049,4.686865
7323787,4.9482803
8506167,4.277535
13005436,5.159883
17953759,4.429597
16098337,5.026936
19500346,4.9464917
6692573,5.042621
14419285,5.490183
69921,5.659079
17668773,3.9366992
7581727,4.148775
8268716,5.0461597
2739866,5.2104383
16674930,4.5133467
11946733,4.9201503
9865939,4.1031256
13736000,4.0045414
1317908,3.651385
13716924,4.758603
15453768,5.2309136
4604242,4.685859
13174580,4.1315846
5835385,4.890556
15284641,4.7368674
3836426,5.87721
8194294,4.3087816
1510283,5.0737715
11536459,4.392845
11712092,4.968496
21111083,4.9279294
17826459,4.261544
8630054,4.477383
14284714,6.189076
19031099,4.647129
2468805,4.141128
16440523,5.5339923
16600545,4.2095013
14958577,4.007116
1733177,5.311125
13015322,5.4186
13710363,4.577303
4012589,5.0917835
11115880,5.3533335
20190537,3.7875211
16147313,4.084264
10037236,4.078133
1126839,4.553053
5445103,4.94304
10065056,4.9010973
20666108,4.71059
13881135,4.5276427
8093838,4.459363
16220486,3.4115076
1414196,4.0769496
1738146,5.4347034
9530118,4.4452233
8326850,4.9308515
12848762,4.2850027
9889443,4.161304
19175513,4.815709
17947794,4.3609667
18582399,4.651459
5432743,5.6914635
12766146,5.416563
11837542,4.5873857
17183495,4.817267
2454667,5.4206243
18238821,4.9795213
5138357,5.746369
16343260,5.116696
290457,4.2059693
4857247,4.061452
7807038,3.8021078
13837397,4.3166766
18054105,4.8798685
19348689,4.555813
17624425,5.2182174
7774742,4.9722853
17175156,4.912374
7834595,5.5891447
6793653,4.2609186
18448963,4.348482
14167380,4.486978
15772226,5.012207
250215,5.256831
19999436,3.8233616
11740742,4.800359
3128865,4.319605
4053517,4.4024854
12600583,4.427754
15873936,5.1024065
18254620,4.9571033
12230156,4.61372
5094335,4.418726
177129,4.263562
19692555,6.545179
13207548,3.9415915
14672663,4.5404434
9824420,4.467967
11247410,5.1423573
2326775,4.9043016
9553469,4.2877913
12523194,4.141285
16205461,4.6783013
13992183,5.011561
10039569,4.1922765
15004560,5.100875
20729784,5.0865765
12941586,5.2084403
1276186,3.9427938
8484152,4.976242
17155149,4.5411553
19661511,4.0516424
17085792,5.001897
15176216,4.3933687
6348770,5.235082
4224751,5.0580893
20425579,5.003585
15476065,3.9668055
16691594,4.2547565
18873809,4.9966097
16636574,4.86805
17792138,3.9533167
905858,5.163625
16450465,5.5359173
8329753,4.236404
18519090,3.984456
5439372,4.294738
8691678,5.0619264
19569054,5.2322316
713572,5.6535225
13171559,5.6263657
5211902,5.128772
16894082,3.6355503
1917685,4.172538
8955473,4.984339
1056804,6.069296
12873986,4.334384
7089752,3.708865
10884760,4.838218
18449053,3.985183
844091,4.296165
11637504,5.8162766
752540,3.8010876
6940448,4.2557387
13513245,5.0412927
17071666,5.2005286
17809161,5.522204
4859716,4.5556927
13673360,4.5560756
7225366,4.3742905
19764736,5.09408
278090,5.8028116
11088061,4.270351
14883494,3.9642603
15663466,5.223006
20274907,6.020704
16367122,4.1966143
492977,4.1953506
1820858,4.827961
14121919,4.8945255
14490086,4.5815682
7148721,6.0264173
20745112,6.2959166
20776122,5.9067492
5645139,4.4099793
9752333,4.218516
607316,5.0783243
16324288,4.658789
951390,4.9901724
19838886,5.0563064
20309733,4.256625
3200924,4.7657104
8186181,4.676117
6658537,5.1347322
11625548,5.5470815
13249923,4.36474
16229170,5.1118407
8864404,4.572183
1729286,5.308843
19861464,5.1168485
785508,4.4242473
530983,3.8813417
18615408,4.7933207
13824091,4.2306123
14727701,4.9054265
10412885,4.9100127
10984190,4.0457973
13248429,4.84474
8848449,4.7973595
7203672,4.3544083
17893630,4.450248
8354938,4.896489
12562649,5.1100574
15987322,4.247415
17980123,5.012998
861325,4.3783083
7150095,4.3485756
9797088,5.292833
2226305,5.700358
16439426,5.291113
17498547,6.2809186
17121000,4.646342
5570273,4.3992505
19050052,4.8377686
17256555,4.9862175
15117422,4.2459617
17296053,4.196632
158290,4.436554
1526274,4.583617
1332437,4.399987
4465397,4.2823486
3272610,4.464056
14151290,4.566065
6992238,4.7465343
16296973,4.497617
13315310,5.6681747
18997283,5.0255594
20725043,4.838663
13667201,4.183607
7564911,4.359736
4752055,5.630276
17297155,5.022964
10901062,5.2980213
20798053,4.139588
16251743,4.7686095
3467800,4.637205
5127482,5.026051
3818457,4.722508
13126295,5.1227837
7923158,3.9790864
3475390,4.9172525
15835858,5.321231
5805844,4.6630297
5952761,5.0428524
18160224,5.7196746
4039318,3.8707378
13299778,4.8661995
15677480,5.613801
12062741,4.833074
17558524,4.820275
322974,5.406563
13249840,4.695999
13448323,4.584881
16260132,4.175491
266351,4.8598785
3836199,4.610919
18226451,5.4999824
4493744,4.519744
17366309,4.747019
13148916,4.1536894
17763066,4.855282
20165925,3.8675067
7710608,5.0847244
6375968,5.8392196
1539255,4.0774684
11129157,5.1954045
16737108,6.3921537
16536379,4.697273
1347175,5.0292497
19828873,4.1669526
8597092,4.2015667
5694862,5.218396
6650886,5.0226474
15328509,4.4219604
3751230,5.4165206
10070039,4.9920206
17850039,5.6202397
10966240,4.206506
20996632,5.3789606
296375,4.3280516
792692,5.109609
16239455,5.3025975
6973947,4.569245
20494672,5.3040895
15848946,3.964739
16017386,5.871595
14677678,4.248988
11159822,4.9907637
7034490,5.934586
1235442,5.3557715
15043180,2.9282467
20608040,5.711704
15467224,4.943576
15423623,4.256049
13046976,4.5647497
11148320,4.2839394
6914155,5.28635
8667450,6.1280684
19524758,4.7760987
15444738,4.311624
4704813,4.1980476
2776391,4.8349853
3858105,5.4752064
14934340,4.565676
16922149,4.9045124
15520229,4.8101077
15651508,4.4981494
20845800,5.0813437
12253804,5.0210576
6706460,4.225751
8523157,4.9735055
9521111,5.7179275
18236385,4.253629
14407736,4.452377
427825,5.165418
20190118,5.1986527
18094969,4.0590167
7308118,4.4617734
15645642,4.070784
4224941,5.236331
8782853,4.356184
16184636,4.9856915
1954495,5.344499
9865112,4.208002
1240928,4.975042
20233974,4.965309
20211893,4.8286242
9296077,5.259974
13250214,5.8280215
12086795,5.48825
15193443,4.079321
17366942,4.00651
13125091,4.6381354
6716218,6.1068087
4639002,4.932125
2649068,3.9926841
18662619,4.2752175
18207334,5.0024643
21047121,4.9217043
2571133,3.889894
1098967,4.4037566
3801487,4.9324102
17220307,4.1137166
644091,4.627053
6865053,4.720933
13185845,5.6707892
704587,5.5858235
16756579,4.722787
16810212,4.701482
1467238,4.4077735
518576,4.1762805
9382195,5.012088
8090216,4.1282177
214870,5.236121
14425782,4.192789
9283228,3.7120433
15745184,4.2465076
3281606,5.0259004
10940274,6.480828
3675957,5.079402
3641545,4.3411508
283377,5.174739
9452237,5.1256595
1320577,5.7194657
17586779,4.5802155
18213436,4.3567395
12622115,4.69706
11974135,4.349435
18415094,5.62389
13753375,6.0506434
18818971,4.9948616
6610580,4.4925966
9028771,5.659794
13016708,4.345192
2667112,4.1753263
18085447,5.71523
10212685,5.446267
239506,4.4201617
19692939,4.4696503
4194494,4.785602
16391140,4.9497657
16314167,6.304165
18411309,4.6194305
9183154,4.981447
14026862,5.021329
16377436,4.637192
456336,5.3124886
15867707,4.5219817
9010100,4.839673
3688268,5.356195
11242039,4.367058
14592796,5.4778657
8555872,4.8726
13897266,4.258571
3883020,5.5707784
16498576,5.637017
738588,3.828529
4509664,4.91041
7735532,5.120402
15945555,4.7929215
6344926,5.024303
16361200,5.145062
13080375,5.184331
999984,4.303381
12989949,5.054466
8194194,5.142271
13309188,4.3802943
1706904,5.161992
17094275,5.186246
2255549,4.0596337
17632458,4.8155894
18230246,4.8976293
11696199,4.5662355
14141861,4.675194
13952428,4.98746
6699725,4.9228864
18162965,4.298012
1561648,4.976881
14614708,5.644666
11620118,6.3029113
6807836,5.4501004
18583999,3.5189831
17237754,4.280822
8712309,4.25464
18504151,4.5399103
11886181,4.265554
14710848,4.281124
17550167,3.880118
15134267,5.162505
12311665,4.577874
16597039,5.1151605
682032,4.1351895
14349670,5.3237867
15218579,4.1595287
9367337,4.6594706
7205861,4.962857
2061814,5.224501
6645473,5.135282
5576528,4.2781925
14229701,4.579813
17699952,5.0726056
20769905,4.3915267
20501071,4.4576697
11921730,5.3218226
14744187,4.4716387
17765368,4.794933
4423650,5.0311418
4060526,4.0306196
2478441,5.3582745
7345620,4.886746
14154393,5.553662
15953471,5.419054
4080769,4.758877
14569747,5.137994
10359492,5.058465
4625389,5.305559
10748978,5.4811378
16588451,5.370046
3283942,3.9734404
18646355,5.1119113
19695173,5.1647143
16758990,4.449842
17221560,4.8224216
173742,5.266254
13222232,4.55714
14185948,4.602016
10367604,4.669733
5939117,5.4900136
19102778,4.951097
11904829,4.1438684
18475146,4.130515
18042164,5.0232267
14038463,4.5968013
16994503,4.222206
19115040,4.1045437
16352783,4.1176596
13358660,4.869132
16004400,3.989396
18196978,4.36772
3742785,4.8646708
9144435,4.219032
867717,4.663325
18691084,5.061032
7011305,4.0126276
11895042,5.1937766
16415769,4.209645
247562,4.183807
11321735,5.123216
20681277,4.309046
9393332,4.3766837
6290098,4.3351946
7644599,4.7961736
2149854,4.3936095
1984302,4.5202928
20154349,4.206422
5365120,5.4263153
12903958,4.3985715
16814385,4.0842266
20649144,4.244726
16455761,4.490086
9793322,4.8116417
2653811,5.200142
11326006,3.8471334
16333699,5.0235558
8422737,5.0989275
14030092,5.4284854
18007419,5.0301223
15710997,4.291378
5605209,4.7869554
3302932,4.4013276
20070296,5.0396614
84788,4.1061234
1340079,4.284076
12292350,4.11108
20836288,4.409066
20309868,6.011491
3869282,4.423465
19893872,5.395449
2707194,4.4097557
15021783,5.6634483
8879282,5.1769567
7382982,5.167206
16827163,5.403992
19590455,4.345836
6892838,5.4506116
21036846,4.2588778
7532533,3.7802534
1450912,5.6719804
8256024,5.7198043
15069131,5.1417546
12345890,5.937816
4558902,5.4660354
17948457,4.080045
16579094,3.9898713
18829057,5.2310715
9145902,4.311379
14065905,4.2875705
4947174,5.491034
15678911,3.964927
6195258,4.306488
18675113,5.7552166
18389136,5.2491145
16135005,3.7199767
19018914,4.4602003
9824155,4.37809
13754009,5.227846
21062926,4.345205
13477588,5.1412334
3042811,4.32918
311324,5.645086
15453319,4.385014
13283316,4.7158813
6072450,3.9645176
19814560,5.2365003
18161656,5.078563
16538881,4.8465085
2948159,5.121165
6673071,4.6176634
8105974,4.6034765
15929904,4.734459
13895259,4.4785256
6438456,4.089575
4334193,4.638419
9789392,4.9551625
14014326,5.232573
15314168,5.0063148
9779136,4.4156737
9866039,5.1168866
18255264,4.407921
5279902,4.1244
811007,4.843872
13814470,5.390765
16259766,4.232298
14048187,5.002237
8548736,4.2649717
17981090,3.7031608
21120246,5.325325
5446539,5.3809905
4248788,4.3496523
4475128,4.82209
5821220,5.5185537
1892721,4.466892
8553341,4.4598618
16197529,5.1332846
13449011,5.3164597
8754236,4.521327
19568986,4.9597273
8633858,4.4078927
7741113,5.1559644
15022444,5.3668556
21037013,4.2508397
6018665,4.6966944
20698686,4.552919
8581657,5.9903483
16013160,4.748237
13786392,5.025416
14148096,5.3179955
13410873,4.9441543
17624132,4.975242
15286952,4.433628
4882240,5.059108
13762046,4.706415
1135388,4.4544086
15655641,4.3397064
19696119,4.5787125
14744489,4.340125
85246,4.2860255
6692232,5.148824
18994965,4.177484
4196896,5.92569
496208,4.096723
13334098,5.3339605
11736796,4.9734116
3122996,4.9571476
11338807,4.1943197
19084071,4.6821756
7205311,4.980704
18214015,4.451463
7403927,4.9348173
11594558,4.3453646
8635847,5.1427546
14935413,4.9982157
7512811,5.519087
17225333,5.3611636
20350786,4.4571238
7842682,5.0671496
17357927,4.1509266
17811895,4.850979
4278801,4.6081
6830348,4.462347
13928644,4.261859
16395016,4.910975
16883129,5.1898103
18374736,4.610287
6188315,4.3785033
15708247,4.083438
16629616,5.0266438
8908388,4.847629
15565914,4.299982
12176874,4.0689473
19498285,4.6876183
17154842,5.477643
20704076,4.310354
9609825,4.281162
15790071,4.933965
10875480,4.3794284
14279954,5.061328
12425266,4.2516274
15474504,4.2118173
6764833,4.9188857
13814272,4.2825694
19050995,5.787186
20193206,5.723817
1192845,4.8587694
18123496,5.1481857
18077486,4.710662
14319849,4.047944
699662,5.080583
324800,4.3445845
8931373,5.1725836
5346488,4.2176166
16569519,4.3963842
14108953,5.4700956
8270261,5.334662
8971196,4.9945345
1794250,5.3204775
17685741,5.666428
15900948,4.2626767
13577858,5.474288
18525160,4.2704782
16999708,5.516457
4891477,4.495327
9009139,4.1865454
5497874,4.7891703
6974480,4.715758
11046881,5.3014555
15990734,5.2281995
18187187,4.8635893
11381288,4.460496
17282039,4.119826
11556239,4.1898403
1623093,6.256517
18486845,5.2086334
8768800,5.9562716
13606424,4.7686234
9415908,4.295001
16673346,5.2070265
2970030,5.3217163
10864440,4.488837
10471763,4.3715854
16098817,4.3903484
16881419,5.302283
5270703,4.365285
18803064,4.704113
5918974,5.258079
3370378,5.2221055
1629781,4.4026484
6813321,4.478606
19327822,4.51152
9908540,6.2902994
15423923,4.306883
17807131,5.085093
15581890,5.5747013
3585034,4.4223537
4155012,4.6726046
15466434,4.476757
1267906,4.9950914
8845441,4.4533525
7599873,5.5200763
4173038,4.8860874
141335,4.2698226
18408870,4.7569942
18112035,4.2668943
16123844,5.522575
13674242,4.654378
9261392,4.348998
11680621,4.6691318
13206869,4.322228
14818827,5.2765226
485026,4.952398
7086506,4.792845
9494098,4.0189266
7611972,5.3648415
5036776,4.2421036
11431871,4.3333592
3101817,6.4818616
20612839,4.764708
8974342,5.281735
11621322,4.2899585
8203348,4.226538
15705696,4.7267604
17197830,4.3863544
9192419,4.660075
8220172,4.3661003
17684768,5.2335324
20278426,4.8554196
13944140,5.531545
3980487,5.5394993
8486046,5.3275537
9458740,4.417957
1467106,4.893433
13117252,4.417005
13511388,4.9512615
20304639,5.7972784
16735443,4.2138205
11544687,5.674669
296717,4.249795
16599519,4.255182
12130777,5.0881996
13113790,4.102124
13096530,5.5621715
17956307,4.131736
12607754,5.740301
2619319,4.3790545
16331804,4.7701917
10282695,4.6551127
15379974,4.070187
12811900,4.0157585
10071232,5.214401
16241135,4.4408493
3114902,4.4763336
18907369,6.1215534
17862135,5.2437367
14066397,4.2911572
4086088,4.2898865
14705798,5.4516582
13065356,5.251412
15157570,4.149036
54508,3.8146443
11707576,4.077744
6360976,5.1739573
15378973,4.790118
2451110,5.109018
382523,4.3948317
16456692,4.641494
13910111,4.243288
145064,4.769685
12094705,4.167537
1159836,4.6703763
18425070,4.346853
197146,5.2891207
16814900,4.4025455
9275199,4.4876657
16508394,5.1844215
9331582,5.777941
2989378,4.942498
13981277,4.535239
16929632,4.8284087
19159737,4.3955317
16175206,5.5172443
6646604,4.815471
4559421,5.352411
7647530,4.6242433
9059163,4.4511943
19013218,5.302965
16056111,4.948629
19642050,4.906706
12548649,5.020703
3802530,5.247325
12652939,4.578282
1586773,4.914825
9597573,4.407954
640899,4.319209
3190502,4.522264
8907465,5.090106
9423884,4.465846
4034106,5.0211706
8590275,4.4994907
14785975,4.2664804
13668468,4.830274
7458382,4.852293
18240904,4.192759
12871413,3.9949245
14569577,5.161666
5666719,4.765409
10476319,3.8952074
8312148,4.5735507
4628571,5.1788235
2777873,4.789634
9201588,4.6568975
7760019,5.0966916
19830008,4.709611
11672600,6.858474
2897393,4.930912
6600809,4.8086348
17238427,4.780405
7751125,4.706491
15662114,5.0938296
13879280,3.5843987
2108738,4.01131
14250202,4.308951
570271,3.9734929
16339429,4.123903
4558270,4.981941
3186416,5.7826796
14234871,5.1916976
13730254,4.260545
11861696,5.3066225
5180250,4.807624
16028565,5.5560646
1284734,4.0269403
13248739,3.872524
1659736,4.7547965
17560743,4.5043707
11637325,4.238864
2187072,5.0031214
19143325,5.514279
67085,4.314288
12360207,5.0316944
5317825,4.7075887
19912789,5.005193
12390109,4.625882
9229058,3.6607397
15988392,4.236844
5535629,5.3076296
16478509,4.410767
12869982,5.1109085
6587558,5.061511
11514023,4.647913
6357895,3.8335233
12607198,5.3070383
2283001,6.2095814
17716225,5.1299386
7514336,4.551135
2414719,4.8023577
875036,5.3732486
12855015,4.4416776
2329164,4.17429
3925750,4.3633323
19303558,4.5045977
6401051,5.50113
21068980,4.2544866
6604799,4.0902205
6227980,4.896274
83257,4.2857304
9751043,4.454588
20711228,5.356416
19384886,4.294283
16408022,4.2629447
16692738,4.8794823
15954498,4.81081
11741861,4.338792
17239807,4.554774
3192057,4.245882
3808119,4.47394
15797768,4.3532724
12151949,4.045307
4558050,5.053223
16244614,5.273769
15816821,4.1898217
15972360,5.132921
21088999,4.26986
9111254,4.128692
17472272,4.4942293
753935,4.58869
8447651,4.2055387
19999685,3.994137
12056517,4.454614
15004091,4.5055113
18223667,4.1587963
8036849,4.331026
6523507,5.306003
1673472,5.694354
2467145,4.6286807
690603,4.0759106
21042438,5.640352
16160696,6.156682
12784064,4.9527426
10831830,5.183482
20663844,4.8094435
19765331,4.594362
14790419,5.033338
1919866,5.704791
6506749,5.1659493
6479559,4.085001
8044434,4.515299
2365453,4.761794
7849689,4.476818
12464708,4.8667383
13389082,4.4743104
2743624,4.979326
14651778,5.300429
20077167,3.7441783
9095960,5.2932653
10452541,4.430867
20602541,4.899003
4801311,4.895454
4994264,3.962469
2141411,5.2136116
13572767,5.0839934
9197829,5.042242
18376902,5.0200086
11888682,6.126928
14237548,4.058084
12751037,4.808413
8135144,4.235788
11923150,6.042982
10390252,4.069012
13686963,6.3689713
70753,4.193767
918572,4.4813476
11826465,4.1021414
19527133,4.287039
5781222,5.3386607
19056212,4.703412
13829928,4.9414945
18124295,4.115542
1159439,4.124731
5643356,4.662037
18908212,4.650251
13749677,4.327237
6661430,5.527357
16282360,4.2833285
726376,5.1526823
13247187,4.2026567
10747952,4.5301433
20942129,4.84434
17300267,5.8179812
6751279,4.4981546
1356861,5.3484964
12728514,5.124027
18113459,5.1431475
18333664,4.874886
17904788,5.227995
9531201,4.4221263
19433400,4.145973
12885249,4.6962113
19932962,4.127752
3272563,4.733328
11038085,5.3134375
18331174,4.247894
4187653,4.6681705
8454604,4.2576585
19746819,4.2972746
8775096,4.7494903
10430174,4.3448114
2269890,5.3454695
3797183,5.7058835
15573486,4.1563272
1977888,4.5086107
17223845,5.5486917
16776462,5.2285986
6813402,5.480394
973695,4.217406
4128450,4.0872235
9998296,4.439462
16205272,5.3942885
19701809,5.2876825
18128783,4.328002
3666015,5.008752
11314089,4.4149513
8033609,4.4405527
3884052,3.9368384
15451584,4.548493
13776474,5.107984
19985425,4.8157363
8034027,4.7253966
15307735,4.50161
2292298,4.3826017
12857179,5.075539
17435012,5.2454143
8993857,5.1852894
455734,4.8209844
3289653,4.5933604
16384358,4.3231072
16520033,4.2095017
4986752,6.302725
13372847,5.8870955
5560185,4.063965
14372028,5.0767336
3406349,4.138627
17321243,6.2894425
6324363,4.654823
2102831,4.9459667
15759473,6.6240544
6360647,4.098646
16365265,4.648912
2232697,4.850204
3906329,4.2555094
11512962,5.3929834
3705206,4.319866
12272901,4.6473017
18443992,4.0828795
13395616,5.0553913
10836110,4.839881
2466687,5.4455924
13158654,4.7753873
15734650,4.24106
4077090,5.54304
14577510,5.1735206
251314,4.934921
6888892,4.2810426
2656101,4.70528
17573558,4.8845005
20282888,5.0197096
12441,4.244163
13599326,4.3090634
8941071,5.5591807
9358066,4.332383
20552536,4.83824
1349142,4.942894
18325063,3.322835
14076466,4.0961328
20787190,5.1721673
17702998,5.2417054
15069807,6.0568476
15676880,4.3896284
10549054,4.679412
20897799,4.184924
20308212,4.3527565
5792453,4.5403724
15659787,4.9957986
15008512,4.9916515
10439129,4.881668
39704,3.7958777
5288942,4.639984
19583726,4.535652
12544373,5.2845407
2643773,4.0524516
9032243,4.9696875
32584,5.1699653
3332881,3.5204284
13377638,3.25848
7634327,4.1286583
1147507,5.659596
13942908,4.4867053
13586753,4.4793134
9351123,4.528963
6922505,5.0749383
178395,5.300644
18076929,4.2450976
21021782,6.2734494
7363915,4.99364
15885064,4.0909753
20351698,4.817709
1159284,4.2192826
6614757,4.7914424
13694279,4.4494443
10680391,5.593303
17103654,5.6137133
28321,5.910481
12296996,5.553821
20255152,4.2972465
1186153,4.6359835
20998546,3.7137043
9415290,4.9437103
18444575,4.255807
19699461,4.330549
8098131,4.6318665
3116279,4.391688
8936446,5.2924623
38579,4.655405
1624382,5.360217
6812924,4.102003
16770871,4.104347
3567258,4.3213115
408268,4.0424857
20773540,4.303726
14672385,5.0768466
16612507,4.848969
9651126,4.164851
17654582,4.57146
15771262,5.3516307
20550007,5.756705
1931459,4.948707
12429503,4.0672274
1434314,4.1139145
15098786,4.1071315
12129440,4.4243402
13614982,4.2276406
18293288,4.272271
16552770,5.0085154
2139064,4.559302
17557386,4.501931
20306435,4.557736
7075004,3.3674977
15410380,4.199739
28396,5.263324
7418754,4.4166965
19124408,4.4133773
3316877,4.6889243
13606760,5.6441083
4631355,5.877327
20336108,4.574005
20819020,3.876252
17777707,4.40744
10038695,5.321255
236788,4.1220894
6106974,4.190027
17481702,4.4058094
19591107,5.290818
16636055,5.271508
16529936,3.9987793
18811028,5.0415087
9902314,4.1540723
4645274,5.0290956
20856512,4.8032713
14833330,4.9914203
3897670,5.5241966
14408230,5.0207047
10100747,4.868191
16238620,4.8909492
18542779,4.2832775
37115,6.4655724
9878861,4.2869406
1493379,4.1579547
18867401,5.2072988
9786340,5.136003
17740350,4.499725
15009224,4.9910603
15743712,5.786647
3138935,5.0910606
10592839,5.3975253
7955727,4.2054644
7842141,4.3394527
17664316,4.679999
8992666,4.2566495
6901484,4.237289
7389769,5.605475
15839315,4.883507
15640510,5.079852
20934095,5.2760215
9684998,4.5014443
14898899,4.447333
10468518,4.5034027
2571224,4.550967
14535633,4.155421
12522,5.151257
17925337,4.3473787
2337605,5.4840913
6192189,5.1991816
19375361,4.8437915
9713048,5.1689878
5617358,3.9600248
18584689,5.37189
13479450,4.242087
12851100,5.020175
1808550,5.031713
14304865,4.5818596
17006306,4.654862
7963103,4.2806807
16579086,4.908531
10123236,4.670816
4510842,4.8653665
14161676,4.1884265
12485134,4.708692
2401183,4.345509
14551976,5.33718
16662334,4.4381866
12984263,4.0168414
16916617,5.145814
12344391,4.3943996
18249664,4.428232
1708262,4.1640677
20230884,4.9147663
18355851,4.3213143
5491149,5.31891
12816777,5.2584968
19032930,4.2505994
16409028,5.3410444
18447619,4.09283
914717,5.278726
14757639,4.9483037
16588059,4.1544895
592853,4.818722
1846528,4.3363276
17814893,4.283463
20358654,5.441904
14668843,4.285524
15701072,4.8714375
12972200,4.44099
19093551,5.09313
1530262,3.9765759
1511413,4.803114
9257201,4.3881626
6093459,5.5788846
9024916,4.728134
13545396,4.4051642
8931668,4.632576
18311476,4.7421823
16443939,4.4220924
1352076,5.139171
13248932,5.4494333
14467867,3.7598586
3951270,5.0962257
15741848,4.387484
15048978,4.7728314
16570444,4.24442
422298,4.484184
9606311,4.4716387
16392395,4.7567787
8860339,3.8671613
2017012,5.477174
2440846,6.1424646
16678166,6.185232
21067671,5.4775167
3677042,4.8288374
8301926,4.9150734
8579865,4.8686924
732392,5.045497
18173989,4.5958395
13970502,4.2845154
6247860,5.0892777
10500815,4.2768216
18489707,4.2326965
10800006,4.1393147
4926511,4.774545
4540037,4.942017
6766662,5.063233
17463360,4.908757
9058695,5.588251
8067837,4.1370373
14151338,4.521981
14359685,5.62399
13564231,4.432848
11207101,4.3067
17300413,4.381968
13039351,5.2012687
15572171,5.3772287
53196,4.6429763
8775500,4.273735
4464924,4.591415
13278776,4.687261
6779201,4.3650475
15167879,5.1290803
16531550,4.195301
11376958,4.5711703
10071396,5.4617434
839235,5.873738
14810040,4.7012634
18254908,5.644068
1112462,4.1512527
7547263,4.5786867
5727323,4.321093
16002164,4.2094717
9318114,4.698846
9369514,4.850494
12646288,4.2024436
5457606,4.2767596
17780268,5.015702
9559335,3.6285245
1487706,5.394826
14473282,5.4881115
8762967,4.0975266
7246609,4.354044
8908966,4.9438734
5638620,4.840838
8993301,4.893256
16987125,4.433853
17710429,4.954284
13731763,4.1998672
18180417,5.34734
13741820,4.3664255
4531939,5.8202724
7163038,4.383333
17906826,5.2273245
17592722,4.580119
3545066,4.205737
18211687,4.04845
17095035,4.46923
13223095,4.076629
11399857,4.657749
9676482,5.6839676
9756996,4.484574
14499893,4.1250253
13175004,4.970364
10535856,4.888588
18273515,4.299198
14670311,5.052929
15938793,5.447058
7482195,5.541861
7390151,5.6751065
17939639,5.706559
6492778,5.008885
15073052,4.8767314
4545040,5.1161046
12325789,6.0477843
30927,3.817249
212619,5.012888
14916956,5.575771
13681853,4.329131
18340289,4.8430567
20871705,4.7985907
15595879,3.9425437
16284475,4.1432137
5986444,4.3611403
12973819,4.149743
12497783,4.4015994
15149614,3.923906
893529,4.4691415
9992591,4.3699164
17694169,4.885168
15409453,4.659853
2410200,4.8577695
20395435,6.5954657
14899316,5.2214932
10142867,5.2696795
4453233,5.5948944
4155440,5.074244
12673204,4.6954384
6674363,4.9084034
13019384,4.1092215
9967076,4.439278
14235806,4.744361
19751148,4.4609733
8756640,4.482352
9804368,5.0157204
20801388,3.9360597
13883947,5.211973
8579757,5.770323
8445883,4.508721
683681,4.2242403
8861899,3.868965
10074282,5.2423005
11479171,4.368626
14720746,5.204269
3751894,4.6405606
20768698,5.866368
12822377,4.7326283
12470588,4.3765254
7046006,4.2040906
16555136,4.382248
16186043,4.3454804
12210448,4.875185
13751529,4.397885
1174214,5.160433
15649229,4.971957
4531156,5.0730987
17243053,5.9768677
9775237,4.223005
15272649,5.282602
6628531,4.264163
11849892,5.297468
17631748,4.2251673
8580704,4.399426
17173284,5.1657696
674620,5.4026127
16276294,4.0246634
2744106,4.2187157
2049672,6.143839
15222764,5.2180676
20996112,4.5525084
15164235,4.6885858
16069436,4.287587
9469009,4.512123
25827,5.3362164
16464310,5.266792
6775025,4.8433123
16390023,4.365633
4428027,4.9714003
14015025,5.752084
20459025,5.3192835
443646,4.2890096
18270998,4.355993
17806992,3.9391732
20607105,4.174186
7132960,4.6553946
18647731,4.321136
19949380,5.5618005
19188643,4.2886286
19637124,4.3217626
62680,4.111913
17679000,5.478947
13173116,4.891558
2060129,4.439312
2728293,4.1341953
14339614,4.2057643
11581737,4.479407
16112503,4.285034
12090975,4.460506
16233671,5.1010375
5692790,4.8006306
10786393,4.2108393
20598909,4.546273
20012591,4.9227123
6071870,4.20701
13390156,5.5573316
5334478,4.1823254
9348303,5.2635694
12884594,4.5589128
564184,4.0763793
9634880,5.6364713
9103098,4.947109
5470034,4.096911
15568791,4.1302133
7896911,5.1078815
19901583,5.3660717
606269,4.286474
9299438,6.340854
19174144,4.404877
13765020,4.562371
12266711,4.012587
10127664,4.856265
8045888,4.4103336
10344610,4.6822124
6691720,4.2668467
15988886,4.6489887
12267015,4.902304
7009791,3.7762666
19342192,4.9150515
8257567,4.0982904
2189742,4.4718795
15699480,3.8843846
7114075,4.73588
16381049,5.1307425
2974412,4.7460203
9974491,4.6350594
15567766,4.9155173
15600903,5.467017
18812147,6.2210503
10813492,4.2211785
1101224,5.4281693
4422017,4.0971584
4753431,4.703761
492235,5.040743
16427110,4.976029
4933787,5.243985
7398144,5.089544
17153507,4.682472
6200001,6.232264
13028906,4.379719
14065936,4.887946
11999785,4.126646
9181257,4.7878904
1253233,5.014739
16423876,4.1939096
15909444,5.135686
3521318,5.688506
15218896,4.8337507
13275460,4.8587866
13685052,3.8848224
16171929,5.2411785
14215568,5.4725657
18478451,4.3685026
12972783,4.6519356
502146,4.320525
13937932,4.3184104
15134904,4.255813
6626933,4.1787972
4209878,4.5694127
18445756,4.9073534
11430883,4.426338
15903564,4.113808
13244213,4.3457813
19347384,4.287367
20580871,4.3264775
13175927,5.1769824
1014313,4.85217
20088021,4.1620317
1584509,4.2324786
5271192,5.186748
266449,4.230664
13163078,4.6769943
11740163,6.0562334
10518518,5.0377183
4070426,4.3481674
1065411,4.3564787
4308798,5.13804
14967904,4.823351
9449888,5.771605
10385398,4.285781
8275596,4.985667
18838040,4.289009
276994,5.5467033
5635192,5.5980625
17568599,5.023679
19995707,5.266419
8830952,4.931236
20651648,4.5060754
4532620,4.792457
15715599,4.8258867
903906,4.9030976
20764314,5.084178
4995033,5.949509
15101498,4.9490614
3186210,4.80699
16234641,5.866748
6438254,4.8094625
18570075,5.2060447
5327598,4.8765593
19983936,5.899104
5376014,5.151576
9250229,4.0808253
14491606,4.805816
13640905,5.9923153
1335204,4.867915
9754009,5.229142
3354636,5.740871
5240421,4.665395
11462926,5.093978
16924526,4.3576856
3862040,4.2777443
18461518,5.47403
21007281,4.2004294
11566529,4.4381285
15313818,4.4624987
11126528,3.6432664
12736190,5.0720763
14023502,5.396568
12293594,4.5592003
21011235,5.1253963
16773355,4.373729
4738224,4.448086
19505865,6.171647
5788131,4.9025083
7631980,4.251144
7749069,4.280214
10297660,5.3943005
13661280,4.7677517
630170,4.751972
4823320,5.196033
9904714,4.392147
16206764,4.846283
16764114,4.643394
19749448,4.544445
5591544,5.132416
13445020,4.512427
25192,4.9920692
14221071,4.647011
15755611,5.8792615
2346908,5.5580263
16388935,4.3079295
8741287,4.235832
11590093,6.435871
4892017,4.328597
15998351,5.9154606
19168601,4.303199
20968000,4.383774
10355146,5.177505
4863269,4.1852646
18181090,5.473915
413749,4.9249196
19786572,5.287398
7824634,4.8997307
1150514,5.354581
17944122,4.7481265
17557266,5.1027026
9970676,5.8665752
7764285,4.6518683
6677008,5.018915
15291113,6.1203113
11574889,4.691689
15202003,4.5650373
20476397,4.3880424
16943178,4.7679586
6712530,6.185452
6489970,4.439236
17814361,4.514758
6673630,4.5787024
19714687,5.203345
14564883,5.000106
17108878,5.7047462
5277242,5.706347
9745484,4.195926
4047638,4.2851033
16489891,4.163228
20970437,4.986972
18444334,4.4277787
8553287,4.8894224
17938652,5.000306
9863886,4.8993397
3061334,4.482261
5489412,5.2209063
16302387,5.1467915
4786030,4.3641295
17222602,4.4813466
6968452,5.0658045
18325663,4.5005245
3507112,4.8046355
5661043,4.307046
6335490,4.3362536
4765033,5.436627
8740135,5.134776
16540349,5.532917
16765234,5.209895
18093760,5.2726088
1300950,4.975623
16417395,4.253126
12023988,5.913443
6973463,5.0073433
19036742,5.401812
15085060,5.327861
13830799,4.282603
15873153,5.2382045
19959742,4.8243947
20093759,6.0806484
17844157,4.5419116
3016623,5.2857494
2657328,5.713164
6404432,4.7034726
18216111,3.4102433
15508132,4.2938066
4260964,5.101714
20592667,4.37107
15360311,4.383592
1771965,4.1368103
9738605,4.263697
7526410,4.2863655
19102698,4.8165646
14902396,4.7555156
13130122,4.747644
20888030,4.113042
9111021,5.0873218
18109998,4.290906
20608645,5.845065
16731118,4.6779914
12360254,4.327476
11303760,4.290437
18561292,5.3845253
17300311,4.325514
7408812,4.911998
6108704,5.1964645
2430127,4.7593164
1209893,5.623852
10228764,4.783929
17525225,4.3257875
16315405,5.54994
15024199,5.4205375
4152055,4.6339855
15256300,4.0326843
17926446,5.604271
7694188,4.9299574
17974244,4.656029
4902411,4.673553
8344020,4.283662
16283994,6.5944138
475420,5.56405
7349439,4.4060125
14361658,5.1225023
5538425,4.280172
17929219,4.2720165
20155047,4.7558866
17331400,5.4381313
15886006,5.3238273
8987674,4.28525
15969307,5.349851
16999307,5.189352
8482315,4.3274426
14759888,4.265174
15718829,4.300587
2754149,5.098028
15018397,4.292546
14787028,4.4972925
8596057,5.238304
4975455,4.135023
13714873,4.290791
11605696,4.871405
20183883,4.03155
16146505,4.080778
15734488,4.323544
13786319,4.1258473
18509821,5.329193
798128,5.287458
19809175,4.635176
11058546,5.4977207
8309604,4.8114424
9039236,4.1818533
3608353,4.959247
9787815,5.2792673
16333832,4.543637
1444924,4.7477865
16766711,5.1886797
19716484,5.116343
6871600,4.9531484
6480466,4.422505
14553422,4.881054
21027752,4.3234515
5011392,5.4124327
14452603,5.030372
12491541,5.0853233
18110796,5.029183
638894,4.4019294
18396697,4.326342
19968857,4.2582736
17881392,6.1169996
19586399,4.520986
6380118,5.25867
5456448,4.312683
2451438,4.507551
15446933,4.3446364
19452119,4.209368
4985826,4.880921
8053787,4.379785
2168920,5.0867743
10265768,5.1243253
9328578,5.133035
2568543,4.9664946
2458811,4.186236
766876,4.209515
15009095,4.3337336
17605930,4.6918406
14572835,4.009517
311259,4.841234
9759181,5.2868457
16837628,4.547146
17449963,4.188829
6435687,4.212722
18428945,4.190899
3685957,4.4530573
8907790,4.4793134
13378936,4.263303
20422727,4.4644327
4325560,5.1446214
2193945,4.5777473
18720109,5.4571204
14181186,4.248811
10698006,4.8489056
18789860,4.5411925
10106280,4.802544
10837800,4.8457675
16012433,5.090737
20136121,4.0894704
12753434,5.7993007
8879767,4.9912105
6047348,4.8269973
2246112,4.0723977
14873022,4.951303
8829341,5.2919817
15813993,5.161882
6880588,3.8693354
10813,4.231747
5870042,4.412141
6152725,4.9092474
16618981,3.9405675
15341726,4.1405706
8845816,5.026083
9696653,4.663522
12837932,5.1303306
14222649,4.3330045
15115974,4.2732315
20581903,4.2762055
14443865,4.629298
5568862,4.219924
10786987,6.0719576
12780993,4.805262
15163927,3.8948717
15553947,4.9746275
18142864,5.794894
3430107,4.3182807
1045035,4.3756433
19592478,4.8255467
1393189,4.2781367
12630411,4.065574
13394579,5.6955047
519796,5.1976857
2553205,5.0098586
1873277,3.947428
1953928,4.458619
12561809,5.0199904
17009057,4.9264617
7748355,5.198211
403604,4.3191705
6390227,4.8798513
16319304,5.919659
956573,5.5297737
12955346,4.8608437
20023858,5.2885413
7665230,4.250006
267708,4.1525846
12358120,6.224401
4190704,5.2558947
14634810,4.2278204
16324538,4.833478
13733669,4.032119
19326063,5.7209663
16395255,4.7053795
8799711,5.6840024
15045090,6.233347
7197915,5.2185555
14614688,5.2283053
13226712,5.5438614
19213719,4.9142575
3438040,4.81147
9434964,5.1058493
16206440,4.8654513
7067681,4.7747393
3710477,5.1037426
16794646,4.789744
1615158,4.958959
19505573,5.3262043
17095355,5.1983876
14342990,4.766672
805307,4.872574
17961693,5.1043353
4973527,4.7515173
15829202,4.008649
6079079,4.621597
15324542,4.905358
15872422,4.6753573
17045445,5.327006
20884271,4.911653
469951,4.2948694
9118408,3.7187226
12796488,4.8227153
13466302,4.5441093
28150,4.5027394
9139058,4.997193
15412438,6.0952783
19818960,4.377945
13163645,4.2643867
13138137,4.390113
3741504,4.4013863
14446171,5.094365
16241857,4.7089143
17861556,4.416498
4902025,4.7436056
11275071,5.7017555
13233856,4.1368055
7150327,4.4002924
18510288,4.9000688
13432718,5.1373954
20216811,4.6700544
18885912,5.6149225
7937930,4.4078646
15597119,4.222897
4629359,4.2433653
20335492,4.7525015
6717651,4.9916325
20586035,5.029448
2305140,3.7999384
13344426,3.9715707
18472576,5.4676733
18550670,4.314141
13879841,4.5352297
6542864,4.1692576
2247555,4.5431795
14575109,4.9216776
20384889,4.9005704
3774989,5.339156
13913849,5.1317506
1531837,5.1584105
20034233,5.1045184
3844026,4.2541265
12588712,5.242947
9516417,5.3023357
759901,4.661655
15006410,4.786338
19985199,5.5616755
18672239,4.25959
14383214,4.146467
16163482,5.4213014
11176460,5.045828
16716676,4.1933002
4402805,5.180486
3863281,5.663269
14798941,4.7586427
14744997,4.7426815
14902058,4.246951
18561941,4.2826815
12808129,4.7673006
8170917,4.414757
6085109,4.7416716
4217695,4.5153275
5659375,5.0226846
247667,3.9997723
14668738,4.3085504
19427868,4.2491984
14303789,4.7242475
476983,5.0909443
11947173,4.783201
15253623,4.5362067
19620259,4.4384236
705997,4.07152
14196281,4.7670803
8367572,3.8565733
4502815,5.028572
3178910,4.956342
6939719,4.176867
12655931,4.677663
16287176,4.3764625
187057,5.0953555
13210354,4.210496
19503646,4.541761
14403641,4.22181
14124243,4.8154244
1484248,4.8439684
18035508,4.255095
2793630,4.159322
16176631,4.3764443
18600542,4.6392303
5785978,5.2201066
5851350,4.7036724
9319328,4.434579
2250407,5.391702
18020630,5.107357
8367953,4.9939613
6227242,4.4813495
19000384,4.010085
1407815,4.311673
13953640,5.387055
14823552,4.485631
9771811,4.5622315
16353435,5.147527
15042572,4.0627527
8391132,4.8295727
20015249,4.6823354
16198924,5.01302
21143992,5.3282323
12447032,4.358114
15150737,4.32888
17898421,4.1602383
2164135,4.771433
8342181,5.3205314
13441992,5.545167
13625083,4.160072
14167463,3.850669
16425205,3.573584
15973136,4.59044
19894260,4.081458
1446483,4.2323995
62903,4.88418
16481254,4.871822
6075154,4.1211033
19275018,4.019424
1709338,4.2614746
15676753,5.216632
10228230,4.934828
13222801,4.3921185
4903221,4.3942194
14269695,4.594935
12623375,4.2589564
513481,3.994451
18734427,4.802087
1347847,4.0646772
128844,5.2735133
19574956,4.1318226
20189413,4.153399
19133220,4.440182
4394687,4.9322953
8632376,4.36499
18509515,4.9843245
12601973,5.0316133
14586440,4.9428725
18667260,4.327978
15598273,4.252789
17765677,5.248414
17649782,4.2372003
10853075,5.5169706
16677092,4.989436
20953554,4.369851
2841929,4.9075456
9096267,4.6451125
12869290,4.4161606
16264692,4.099942
3904171,3.9417973
1209638,4.9941993
705783,4.867173
10089727,5.4462986
3449142,5.0809245
13632281,5.0042787
4878481,4.643169
6181322,5.2458715
18899898,3.9910743
11206235,3.637791
1641696,4.25756
17732162,5.3977594
15787272,4.3421926
13923267,5.0997157
5616609,4.7160554
16763402,5.0587487
1141120,5.291297
18160194,4.9789114
15860751,4.4168515
17207266,5.410714
13399390,4.6558657
18425988,4.35439
8524308,5.1137733
17927240,4.3190536
16406819,4.8999047
12189083,4.2661324
18389523,4.383387
16403353,5.085277
6113839,5.181023
12137714,5.6919613
11162977,5.3362207
1648535,4.770468
18358140,4.6691413
6921984,5.148547
17617260,5.3555374
13494166,4.1263256
18950091,5.4148526
573917,4.7770677
15050429,4.820927
19950630,5.6675715
18185244,5.1983414
8445202,5.205626
12823377,4.146299
1106282,4.240803
16806575,5.0148835
16064965,5.143407
3668984,5.009713
11803698,4.7268605
20927896,5.563564
14981466,5.697433
2578373,5.7716265
17316129,3.8945022
16689090,5.640625
2188391,5.0540953
18183202,5.25336
13432851,4.957083
18448914,4.6801586
18474863,5.954676
19828648,4.3672423
6501809,5.1106143
17841833,4.5080175
10788531,4.703074
14993599,5.6867814
9977113,4.209412
1762742,4.535911
11285741,5.0096383
9823848,5.11733
15357947,4.7147875
5717690,4.5608835
7999913,6.047684
978582,6.3937087
18615020,5.073979
12997502,4.356656
20817614,6.186151
1388439,5.093824
2046273,4.483277
13028662,3.9967449
17169353,4.811449
2543138,5.0262856
11646497,5.420925
16665637,4.2844224
1112358,4.9353933
20687740,3.9953425
19226980,4.403473
15917098,4.784734
7226699,4.999706
11872179,4.231888
8240011,4.309996
2221057,5.4392233
7308653,3.9757392
19676377,4.8929234
3083026,4.194985
17956152,4.8349166
10039703,5.8972306
15856256,4.551468
1462499,4.221296
14805497,4.011236
16366928,4.948149
18510056,4.4000263
6278856,4.7878127
17456803,4.5622067
6134013,5.461724
19115618,5.9000087
4868466,4.4144783
14491357,5.1061645
3261455,4.781957
4485442,4.9629736
18446466,4.3838105
10970650,4.3540206
13136912,5.013833
3720111,4.455715
12037978,4.611822
18501541,4.4637246
18450374,5.4191456
801722,4.185373
6300089,5.3800197
14785316,5.4013457
11243420,4.9209013
3664890,4.6695476
2683432,4.2481055
13636887,5.036739
6075481,5.0800886
9448152,5.2993135
19996524,4.528963
15578665,4.9562845
14443358,4.4980817
16358685,4.341886
18291916,4.945551
8118106,5.1142583
7158771,4.882866
18399340,4.7226543
18343729,4.4197526
13776668,5.432522
15757141,4.6689224
13952592,4.032856
3530395,4.1287913
10071188,4.419997
15175370,4.6682076
1407841,4.704158
5211153,4.0768228
4997552,4.854186
18458784,4.4528255
16441486,4.180251
12433576,4.333497
17665996,5.116447
4469041,4.9473333
6399305,5.181503
10570618,4.557587
7093018,4.2171955
19247816,5.4956403
6460927,4.6902776
12887445,4.189433
4244235,4.4234414
19397470,5.1918697
16908067,4.462311
8208108,4.867303
9807955,4.3554306
7417050,4.9032545
17284334,5.056221
19475051,5.77758
13400296,4.3672657
3878621,4.9054976
5867786,4.960219
20174389,4.406183
5223619,5.4255695
14902575,4.4560275
17583304,4.3846703
13600947,4.848334
14941925,5.0661516
14125957,3.905736
1498364,5.405028
13463721,5.006898
17863981,4.409011
16191805,4.9762206
16377847,6.1708837
4030494,4.133234
11585122,5.0765295
14912361,4.4914823
15926777,4.906814
9107772,3.977497
15395715,5.400011
11010126,5.139181
4051574,5.157922
9362269,5.33844
15802079,4.5522537
14556850,4.368495
4744660,5.473845
14760085,4.542406
497219,4.8242946
13377080,5.379014
18113086,4.9957447
258686,4.2215514
4273931,5.174694
6437914,4.510475
18472429,4.392238
7381236,4.811736
4338177,5.127701
13157147,4.874589
17619003,5.067254
16131739,4.7111335
6705069,4.4315686
16846366,6.1690526
7047892,4.4794774
5909022,4.1947446
15461810,4.9874244
18199167,4.207497
15830298,4.0586042
10392530,4.952633
17208002,5.258838
18009862,5.222429
13324754,5.8320665
17080263,4.7495527
8447945,4.6757517
2880806,4.323986
15956772,4.4984074
11494622,5.228121
13371473,4.90068
16811850,4.8334565
554145,4.388992
5126203,4.741745
4575148,4.399716
13743350,5.146883
282140,4.1797967
3550879,4.655544
1936134,3.992055
12042704,5.0006356
7773026,4.531506
859310,4.3286867
3544533,4.767811
2521327,4.7870216
1003591,4.5724754
13866784,4.6574526
9558213,4.908854
6108021,4.4438376
3991408,4.5852084
2465543,4.6851764
19977951,4.4375825
7114260,4.688242
5861147,4.449752
15741993,4.5406003
16963833,5.685144
2446281,4.3858757
13250089,5.018274
16147360,4.429986
6558940,4.2951164
19073356,4.0811367
455588,5.744171
16390946,4.4309072
3759971,4.937847
21028290,4.5363016
20395266,5.234257
6364873,4.13555
1645712,4.317099
2087419,4.7493377
4808274,4.9354615
20365555,4.491788
601763,4.854636
19878899,4.1183343
4261029,5.1874475
20931098,5.0855026
5967397,5.2118425
12972574,5.2063856
15600863,4.48937
91588,5.110584
4900362,4.3533845
17493132,5.849307
149996,4.9705243
15866130,5.781093
1481990,4.2389374
6850830,4.3393416
12785422,4.2796774
10426358,5.077933
7900936,4.9439535
12811459,4.6556067
7859932,4.325302
13474446,4.4387994
15096360,4.4379883
16893030,5.3253703
12433805,4.8284006
5639973,4.2944884
16780250,4.05823
9716234,4.417162
19132324,4.771178
5707033,5.143635
14035943,5.151267
20729158,5.5528274
3521396,4.516016
334886,4.710089
14299993,4.0588174
2036690,4.839055
8540941,4.093524
5638792,5.187744
5861236,5.1607027
853145,5.2209787
1135287,4.829786
2547530,5.538272
51510,4.420176
13809783,4.2849703
15286075,5.1912327
18497552,4.1452255
13192001,3.981243
15869087,5.217032
2042235,4.9239597
16134518,6.07805
1542757,4.82067
9967314,4.412249
12971912,5.0007076
18327945,4.3782487
741806,4.821221
13479999,4.4132895
1598886,4.724947
16894722,5.079356
16971534,5.2485843
19472806,6.21664
10869804,3.9819613
19328724,4.3710933
3743048,4.8723702
15735526,5.274082
7208745,5.0278487
12399041,4.9326725
16780909,4.1774154
5382628,4.4873776
17893471,4.7564216
1132201,4.833602
6226793,4.627127
3321593,4.430002
7918728,4.126078
17223993,5.137736
19382870,5.121258
13245886,5.2421355
4277425,4.433552
6765133,5.1767616
8842667,5.058942
9445342,4.151635
16577306,4.4279127
20270174,5.0164094
7858468,4.478892
16288650,5.114559
4356890,5.0898976
165978,3.7697194
18181482,5.0796275
13765146,4.424687
9691588,6.434998
15700787,4.5345135
17903605,4.434174
4813259,4.9556637
17811691,5.025828
7327920,4.253671
13881266,4.6899285
6072316,5.248973
19546150,4.326
7132809,3.193342
13829188,4.354672
5273710,5.0908127
13781084,5.045465
15803256,4.71591
604321,4.8660755
11125734,5.360021
16176886,4.46026
16798447,4.3336964
13671404,4.612718
229826,4.448022
7596630,4.99485
16989578,4.2719517
15942919,5.3080926
1627655,5.506326
15579950,4.3711705
10332393,4.781088
14013443,4.439912
13733267,4.903286
17924721,5.5749483
14351470,4.8434134
84042,5.524085
20477001,4.9168243
15841899,4.3141055
1815430,4.2638927
1945323,5.87964
19414323,4.380367
16852822,4.2460513
6447815,4.266057
13096091,4.9602704
2374963,4.365709
13915978,4.8742876
2342445,4.8643847
18461771,5.071376
9937307,5.3023357
13116759,4.7444706
19752498,4.477663
20111316,4.9554157
8812143,4.3886704
9049582,5.094991
19987777,5.2763963
18547990,4.2652655
9736576,4.3960423
10164759,3.3456657
16590090,4.280089
11065341,5.14977
13248908,4.264086
15802616,4.864562
2925238,4.8798037
12023916,4.3968773
53630,4.345987
15194755,4.9283175
2182683,4.122466
19359445,4.922078
16367702,5.412558
822297,5.0271373
5268960,5.3468785
19101648,4.092684
18010414,4.85174
16839692,5.561631
1388296,5.0023527
15484241,4.4391327
18225352,5.2965603
14179246,4.8035183
10772200,4.514035
16057443,4.53662
14112656,5.8201356
1237185,5.0454845
16298603,4.521008
13550201,5.246577
15528080,5.5606794
16326397,5.0620294
19591602,4.050311
135608,4.402066
9169646,4.2144876
2070289,4.415648
3710230,4.6430216
19889348,5.2176695
11618026,5.4927044
7239386,4.5386777
13311675,5.7837963
5321219,5.0840125
12347435,4.98779
7021956,5.0081553
1001422,4.7353826
13348401,4.970391
10054892,4.283682
7159258,5.708822
18767723,5.5703616
4516766,4.2146406
20217062,4.9123926
14369625,4.4448304
2148625,5.436509
16960764,5.36903
18474616,5.9654875
12428994,4.770772
6424894,4.2224984
3168044,5.5157447
15694333,4.248871
16791784,6.0415735
394026,4.5859747
13626221,5.445827
993044,4.1637535
14268189,4.496953
11050763,4.411228
7181688,4.3532815
14214787,4.337324
9810729,5.289891
15144164,4.4317307
13001471,6.626236
14500533,4.929381
16918492,4.58068
15903271,4.4462414
20169862,3.9949467
5038425,4.534307
8212051,5.1757765
3432296,4.3024254
16273526,5.402162
11413078,4.327943
1045491,5.0377994
9879235,5.251563
3946215,5.948555
11842522,4.847626
9090864,4.4660144
13548357,4.8825502
16662964,4.283792
9347210,4.4695244
9960561,5.596959
18019834,4.9017396
18473152,4.053998
18737405,4.0866838
12007979,4.528963
11801481,4.4907985
15107136,4.0795393
15085174,4.4555416
20378972,5.240343
10731618,4.3942213
24143,5.67484
11378376,5.850615
2457755,4.51138
17134442,4.760915
4892732,4.3097186
16531552,5.2331085
9921369,4.4857044
3882682,4.3351026
16812735,4.8341575
3559515,4.4163446
13696267,4.9990883
16440392,5.194051
84789,4.261946
14744400,4.6418667
13679022,4.814819
15451733,4.3286963
18491768,4.898409
14024651,4.6300745
17522320,4.049491
17890075,5.083629
16669509,4.2776847
8432166,5.236139
3486460,4.1652646
18007593,4.9611235
14075038,5.047073
19827326,4.9680657
462986,4.344628
13395329,4.937751
14779787,4.215183
5781348,4.382222
6436335,4.893693
17223273,4.173289
18397006,5.963183
6640084,4.8052573
17136735,5.257541
3516677,4.552919
4863159,5.0389214
4587199,4.8178215
12360843,4.677669
19485371,4.771768
2179562,4.192046
6503532,4.7404666
18242725,4.625841
17640610,4.789115
15781521,4.649859
18156252,5.2656956
14290777,4.8449
13343523,4.8424344
19909210,4.7273836
15251382,4.8822074
854521,4.9260893
12902256,4.2824645
2524058,5.3029327
4198745,4.9173965
15464884,4.5676975
990279,5.155077
16464039,5.0107255
8286139,5.087255
8866178,4.7077665
15357476,4.6090627
4996877,4.3348923
8776339,5.5604196
15288916,4.8086133
1283453,4.0869427
775097,5.7186966
274085,4.3731656
14164714,4.889137
8629731,4.167178
16482669,4.1855736
13893264,4.748943
15232776,4.8432784
17122589,4.939888
9050373,4.7463307
17160326,5.1601458
14103889,5.326474
11961742,4.280805
12452576,4.495566
11829124,4.2985134
14608876,4.977568
15447618,4.153251
16439133,4.0996075
6767883,5.1417007
17192974,4.2537723
18448355,4.967094
14873270,4.2368984
4730504,5.3819885
10262267,6.0929446
16630498,4.0898833
13810048,4.3013787
648246,4.507287
2397441,5.089884
5204458,4.444467
9362212,4.6705756
6064111,4.532043
13897599,5.0942154
99070,4.2715783
20713835,4.8561425
10766,5.112729
687590,4.2606654
13766130,5.1352
971233,5.704617
14246616,4.797626
5521395,4.3945427
17177688,4.453986
21015751,4.4770985
8114381,4.0217986
6065847,4.939926
16960725,4.320643
14870294,4.599841
13153395,4.6338797
723716,4.869804
12135584,3.9991543
15853793,4.737476
4347579,4.6646175
1717499,4.35703
16480055,4.281538
13900080,3.9916024
18178387,4.8489213
19170360,4.3074594
10273570,6.007787
18654452,4.8009944
3643012,3.9952672
15783413,4.706129
983330,4.049729
4278568,5.2610993
1160508,3.6743371
1197976,5.317404
12653674,5.13157
19180222,4.1664624
2227043,4.315547
19104606,4.4716387
13494880,4.606927
12930098,5.65664
8873877,5.3098273
5362605,5.4493666
18158828,4.4407554
20861411,5.0019784
1171553,3.068568
4853892,4.943986
6119923,4.9573436
2874467,5.213436
16337451,5.0081644
17890743,4.195464
15113234,4.8400617
13124637,4.8389454
8782393,5.4187346
13217943,5.3751884
19345569,4.819544
7095125,4.467625
20863018,5.345785
20330477,5.4150987
9283035,4.516762
18273151,4.498247
3939535,4.7865615
8538606,4.5410395
7206579,4.9575353
8776688,5.0331683
12433724,4.0878506
11553426,4.5958834
11419932,5.1439385
2519770,4.478131
15514267,3.9972167
14731296,4.8157086
15520158,4.986869
9415577,5.4118156
3827545,4.262454
13531132,5.118072
18876659,6.4985294
838943,5.225186
6273161,4.2358336
9064394,4.862683
15658101,5.3960986
13332150,4.653496
6837062,4.9075007
7053496,5.1427584
17543505,5.054641
7966447,4.2078667
4321766,3.9706256
3781,4.8939056
4482049,4.2251687
16854236,5.1202946
16969678,5.4969597
9487807,5.5837684
14668313,4.246078
18291879,4.418952
2876562,4.318566
21029824,5.0206623
9618986,4.7697673
14826817,3.8140154
9881420,5.3648295
20899658,4.576989
14456503,5.011158
13260699,4.6658607
13732678,5.171821
11339369,5.1991816
2472383,4.9742413
17588923,5.8081713
6438239,6.4495063
13496129,4.3052764
4738295,4.146341
20775370,4.999928
18064112,5.0530677
12363329,4.7912817
9185754,5.3060994
17380802,5.091396
12340626,4.437903
16741874,4.6405993
16173070,4.349815
16855286,4.423976
18879053,5.907444
17666497,6.1510673
1368771,4.3399115
4884217,4.911543
9547801,3.9135144
1535628,5.335143
490088,4.4613957
1961421,4.2573314
18707214,4.198453
14485693,4.780551
7194138,4.7256
11929554,4.8194323
16350872,6.369131
2351745,5.049014
7076340,4.0657864
9487497,4.7551203
16794058,5.297877
4484495,4.1064186
17343700,5.615508
3693901,4.3796015
20667684,5.0242734
15662010,5.298106
15941555,6.346831
20030871,4.267394
10902195,4.365553
14726349,4.2939696
12424035,5.5264626
12858956,5.5591736
16145655,5.041054
11887700,5.1606793
81480,5.410264
3120723,4.0661135
10923835,5.0110884
18361539,4.316837
20069530,3.298388
4901568,5.1922364
7886156,4.085351
14068062,5.728233
12973353,4.0867577
12474771,4.1784687
637641,5.19934
13855981,4.7688956
18451323,4.2443423
16556504,4.32487
10364483,4.264481
19326011,4.4623313
13592245,6.1407657
17750680,4.8946114
9573258,5.484261
15979617,4.57464
13754386,4.4703097
14361942,4.982253
3311711,4.934344
20541892,5.0826864
9902343,4.2845883
1103522,5.1246943
14372880,4.15057
176369,4.3180523
20689638,5.1101227
10115137,4.339499
676295,4.273685
16005902,4.9117384
3176874,4.6777015
13251980,4.177116
4872465,3.8765767
4040407,4.0574074
15204898,4.163701
6958132,6.4510865
4216611,5.628452
20059569,4.278797
483717,5.176994
16772611,4.9377685
15180269,4.1007237
14276120,4.5803313
3993975,4.4222555
17914745,4.667281
3709090,5.0270224
1475847,5.1879344
13559900,4.325865
20956802,4.162162
3678357,4.777258
7564276,5.3380833
13899834,3.1363065
12869679,4.661071
2447467,4.6344194
15167133,4.1703925
16352294,5.4438033
2636731,4.806973
17368418,4.3316
17568638,4.1236897
1931788,4.805254
2856372,4.747667
11616592,5.8093905
10499229,5.3202796
11434490,4.853258
4918092,4.1078787
19469134,5.4159718
13192535,4.798732
16382643,3.9076397
20976316,5.545505
373449,5.354229
14284084,5.580085
11993995,5.352816
957734,4.5721226
20091873,5.281508
6356359,4.3500285
17497933,4.4944906
4616452,4.6691594
21066603,4.299275
20242706,5.2371054
16019171,4.1709466
12003146,4.337466
6300619,5.009086
8729960,4.445994
16159491,5.1204977
15299624,5.6666985
6924981,4.2984056
3496587,4.982438
786053,4.010105
15222071,4.338961
20073592,4.035269
11655076,4.9833326
19490059,6.267656
14578554,4.2929864
20660605,3.8749652
14916372,5.3111796
20650166,4.1492434
19929904,4.20724
15863966,4.449062
5894756,4.40611
20002300,6.4592633
20673104,4.8349304
16166989,4.0290475
8675430,4.259179
17959492,4.8876915
2379539,4.7175913
20092821,4.085017
15355910,4.127725
14768122,4.4223695
15603806,5.1497154
4853011,4.841596
11970702,4.4972677
11595006,5.1149282
8474452,4.2873693
10038776,4.869424
6747106,4.824265
18141419,5.219232
5615680,4.471336
555206,4.8971753
18759478,4.1112537
19137944,5.3630476
8908851,4.1350155
13222474,4.080838
9020889,5.1899066
14769283,3.6092217
4792342,4.172141
16260977,4.819436
3198365,4.66376
14845712,5.183296
7549636,5.1011243
18310642,5.619506
20151370,5.550001
7824127,5.7958117
7698619,4.5403767
17367499,4.652785
8502682,4.309474
3855260,5.2759986
2998572,4.441701
10388796,4.193927
5534206,5.0120845
3100156,4.829686
6359919,4.2228665
12159008,5.1847324
20958832,5.0982776
16703249,4.9089603
13905605,4.2056966
12007345,4.7822366
13921462,4.429716
4052514,4.9843826
1356243,4.9959087
9463261,5.3968034
14168312,4.592469
11910762,4.110146
16095824,5.268406
10700310,4.359871
7915142,5.451052
16736000,4.1032577
16160848,5.2278824
844319,5.0512214
8106502,5.2885942
16087894,4.199188
2486775,6.4769535
13192068,5.580933
8907184,5.4865623
15567704,4.6831636
13803381,5.088672
12345615,4.594943
10103643,5.6622057
1758811,4.4932055
5652968,5.7658353
5066813,4.994092
8880869,4.6216726
2346106,5.503473
53283,5.234715
17142073,4.4017296
13276227,4.3303432
3811757,4.83248
984850,5.073405
13117571,4.374811
17433572,4.7806244
7592433,4.0095325
7019534,4.3126574
169430,4.2872424
19784228,5.137428
1358881,4.5241013
3930645,4.180929
12406683,4.971618
13675796,4.954204
3030653,5.1991043
13358553,5.5725937
18549136,5.964551
1090275,5.0300436
1171021,4.75436
7659268,4.763666
11625849,5.349077
706000,4.746873
14991084,4.0851746
16289973,3.7526805
8227818,4.348971
339682,4.6792994
16171678,4.861882
15853530,4.136305
11016623,4.656746
2897706,4.440515
6886946,4.7471395
3293492,4.6370173
19448926,4.073312
13881020,4.4848366
17282895,5.277396
19175819,4.1782026
5729,4.840454
15714136,4.3320866
3983469,4.447912
2695469,4.893455
16079346,3.8674898
8381572,4.0367513
300407,4.1146445
10138904,4.5328765
10061347,5.7316284
13767750,4.28597
2260342,5.3209157
18058593,4.3638306
12004175,4.361137
197155,4.999263
6838391,4.1606727
9231486,4.2195354
3571698,3.75928
534897,4.849262
7496824,5.213213
5404029,4.9056745
13768853,4.7040815
3912900,5.921211
14873247,4.8814306
11490215,4.3291306
12723072,4.723029
9887462,5.1462836
7846943,4.298427
13584472,4.8899746
9788818,4.9785733
16629472,5.1674275
17568601,4.242144
11891378,5.3986206
18615928,4.5394897
12931029,4.8899894
16650088,5.148188
10575811,4.069238
17804437,3.844554
17435150,4.0990486
1003756,4.723503
2732,4.260888
10434647,4.9631686
41959,5.219498
89621,4.9034014
19925217,4.3815103
17992512,5.5347934
18914948,5.1041255
11962906,4.1613936
11792006,5.4913654
11535608,6.0173345
17303017,5.7190566
8805472,4.7758994
12240714,4.2778854
12955865,4.3708825
10272252,4.8237224
17858281,5.5041556
18804539,4.466148
4565981,4.4170804
13090471,5.1849527
14373076,4.9416018
15102111,4.286371
17158706,4.3381333
4519165,6.1465964
16300478,5.016615
5143177,4.088223
18262153,5.733359
18465009,4.714953
15022924,5.026452
116951,4.7446523
15890220,5.243314
3434614,4.8788524
8252369,5.2006083
4462553,3.9181492
9541320,4.42191
18390112,5.1493015
14679000,4.396167
10792245,4.355489
18148701,4.255203
13562195,5.014755
18066933,4.6874213
15966295,4.4686413
2243266,5.6106143
20943288,4.5003
5697429,5.2442255
6759818,5.0874147
9824938,4.9071555
15700484,5.884066
3514447,5.3476357
4118244,4.423719
17788004,5.9392653
21140926,4.673018
9184677,3.88768
11434339,5.4109793
4581788,4.337339
14633517,4.4096537
14543423,4.384231
3876850,5.651186
1042420,4.090179
13811866,4.2585754
9538618,4.969698
16244345,4.679766
18635068,5.015033
20967786,5.1004133
14655004,4.1994696
11083755,4.879043
10876630,4.8458347
13866471,4.885099
849360,4.853586
14147107,5.612214
17340759,6.0532827
20354367,4.9295077
2095010,4.5433087
17045261,5.2305427
72205,5.741362
1110001,5.038459
11130697,6.204453
1730937,5.2134714
19124093,5.2334185
1046615,4.233021
16253753,4.267601
8548067,5.213644
3933059,4.941431
820107,4.64574
16296678,4.89483
1084348,4.687578
12190053,5.0113015
7985333,5.539722
13371954,5.390368
20886204,4.8477182
16862902,5.3977695
12400242,4.906611
16102444,5.1241474
2017566,4.7399273
9450923,5.8395934
16190549,5.526548
12588592,4.808056
65813,5.1660547
17611567,4.0606036
3933382,5.42755
819893,4.4518595
12379595,4.5555954
15244537,4.465907
8794495,4.2325554
19788202,4.416247
20456961,4.2503457
6211289,4.151352
9414019,5.030995
13479511,4.676858
9281529,4.397614
1167009,4.114321
2699454,4.976136
19838423,5.927596
15357866,3.9732654
12385669,6.3955126
5511358,4.932627
12865389,4.14922
17665091,4.2455864
12649792,5.1788373
12713582,4.4516163
5162580,4.0502763
16087050,5.3889427
2552606,4.1553497
7873524,4.4112945
15821136,5.148381
14215652,5.1939955
16283582,4.2790556
15341486,4.775983
198613,5.227249
18684888,4.935464
2864,5.2850604
15769922,4.961888
13358265,4.987583
10434438,4.7768884
7502595,4.4474473
3447789,5.74747
18821560,4.1894665
2169208,4.7335706
2578731,5.451163
20490991,4.166964
12203625,5.276369
4552932,4.993947
4475747,4.772157
14029525,4.204262
13941332,4.4309263
16033235,4.8617034
4541080,4.704496
4645378,5.6982617
4861698,6.6222925
4845484,4.8245964
11262987,4.1145163
10133350,4.450142
16677753,4.518716
15600840,4.826509
20796664,5.0196075
5262247,4.9274945
7916684,5.2795353
18433471,4.649524
19611671,4.7512918
10456916,3.92603
12367691,4.8916245
10208954,4.990349
7914478,4.4924526
16861760,4.8567667
14031256,5.109636
16177380,5.2086062
20194264,4.289287
11656367,5.2376657
16228921,3.8864162
4550245,6.094407
19245145,4.908623
6799380,4.582724
15625803,5.125783
7069881,4.220314
15785970,4.226571
16528632,5.3650126
16142871,3.9785075
15530686,4.49104
9811717,4.907455
15241968,5.391557
6505612,5.1540833
13624387,4.37364
14473548,5.2188125
13712336,5.149892
1117836,4.063008
18819758,5.007223
2922197,4.4736714
11395076,5.249148
9429510,5.898964
16156753,3.7964323
11300444,5.16533
731591,6.2136393
13685131,4.480764
3594786,4.881691
15191740,5.990059
177421,3.8657112
12057747,5.0286546
7460748,5.155769
4879530,4.9662533
9895802,5.2758236
17437975,5.1245446
20270203,4.836152
3666480,4.9692817
15597127,4.6668944
11993862,4.321726
2995134,4.26438
11190698,4.934904
8189664,4.6084633
13148936,4.226466
14657085,5.036189
1183628,4.526032
19860683,4.3172827
3498656,4.5619173
15583980,4.3099346
998981,4.998722
14390147,4.2277718
18616217,4.465907
4917460,4.8377295
177666,5.6120677
762505,4.707864
12228526,5.4675894
5505726,3.9809215
515260,4.7047143
1290697,4.7350903
8447299,4.415439
234814,5.1107125
20055742,6.048789
8988340,4.449655
265064,5.034105
16163977,6.0094466
30022,5.2921767
16897611,4.3751216
898669,4.335888
4258267,4.3797436
5507784,5.1867075
16518378,4.3596387
7652219,5.0322294
20153394,5.4437566
15872497,5.267857
7237848,4.922612
17332367,5.353075
9314292,4.91337
228317,4.4212866
19701268,4.125678
11513480,5.051093
13442932,4.7814364
18213602,4.504593
5202723,4.1942124
18085124,4.1473055
4209106,5.573716
12848884,4.8222346
16677517,4.917855
13673484,5.1596284
8541515,5.2889633
15742920,4.415319
7762483,4.50183
10193392,6.865164
11912139,4.513517
1283823,4.099511
14757295,5.074606
8859006,4.316932
16142131,4.1558065
20970656,4.357978
6608246,4.243289
13080236,4.9985127
33773,5.0599713
14469525,4.2255387
16723775,4.7834253
1696050,4.9323025
13866409,4.851382
9011187,4.5831704
7497086,4.235894
13869291,4.595398
16601191,5.3530273
8072802,4.442517
11557022,5.217518
16546581,5.125
1851886,4.8780136
6466692,4.7076917
12658933,4.4027047
17703016,5.101477
8472045,4.2542253
6636331,5.0975246
9512461,6.228124
2337670,5.611239
17915565,5.132995
15932652,5.255359
17016270,4.414059
492208,5.4889216
2214256,4.109136
14469126,4.3799677
4472978,4.6207685
3183093,4.840681
20619642,5.517621
18210445,5.1384945
12765609,4.823898
15735142,4.299631
9336526,4.3193445
13265500,5.201074
13674879,4.3885646
3684028,5.7778745
20994674,4.0739594
4394093,4.7872357
4929924,4.2215166
6066563,5.2531357
18445469,5.1185217
20740651,4.5788965
7101822,4.3384175
18063783,4.511386
19155616,4.3835473
21005738,5.0125914
20227482,5.3161893
1547212,4.362168
7260560,4.305205
14532158,4.8886437
6600266,4.0152745
9694297,4.637338
19610807,4.643157
15931514,5.098722
17543473,4.4984565
18023221,4.8232145
11176248,4.440575
4736217,5.2325935
17907264,5.3217626
9523156,4.4740467
18042195,4.2912054
1316362,4.514127
10458942,4.418189
14880613,5.045074
16665208,4.2922997
14756990,5.218635
3504373,5.0866113
42408,5.8192973
12078540,4.3750343
8652729,5.16618
4557832,4.9216223
7397649,5.25339
7728109,3.6837816
7573465,3.9939146
10256018,4.113144
7874869,4.351515
5949599,5.2407084
17917368,5.395539
8883032,4.4957004
6017574,4.4579334
16767153,4.827221
16350934,4.747694
20227412,4.296226
16949319,3.6603644
11148990,4.530241
14788998,5.618065
8237244,4.9995604
16320612,4.289835
7637415,5.229459
9174505,5.6760893
6976501,4.5298886
18266165,3.9570138
10708502,4.9328165
18344824,5.370808
5012354,5.333707
2308858,4.4357767
10837940,5.1275973
63546,4.2406464
20291879,4.033052
7648365,5.263199
9944452,4.953875
5307732,5.3827963
16569960,4.496357
13378410,5.773369
9237653,4.9745555
14400451,4.05477
16628284,4.316851
3294293,4.2354183
4787201,4.808264
10437009,5.148481
8655936,5.52718
297962,4.2602067
5698154,4.5782795
10753958,4.353178
7380251,4.9309354
16037130,4.815816
9820053,5.016645
7575081,4.6716123
17045488,6.7905164
11089316,4.4037046
3801007,5.253187
16382105,5.3348346
19036290,5.4539275
17328594,6.330246
13564648,5.1902337
4120525,4.810383
19575306,5.099172
15772067,5.0077615
4710429,3.8295543
19756641,4.7234817
1702533,4.9462314
8406868,4.8020253
15099361,5.0725303
8882549,5.5077972
9590401,4.4520135
17906136,5.159529
766006,4.0235043
6588588,4.361747
4157064,4.6211443
3434303,4.863819
13042888,5.2033367
7564160,4.621878
4581440,4.725144
12243556,4.4275317
20092143,4.902928
903972,4.2418656
17365947,4.3043413
14960623,5.5019646
19698169,4.2845473
271043,5.2436366
12888578,4.41219
6467565,4.9258523
17668399,4.0694633
8441969,4.2177787
1827723,4.9797883
8146444,4.081679
18003630,5.3879857
7783855,4.287143
17526379,5.018019
15187100,5.0364394
4156391,5.485163
6732541,4.722459
2139948,4.9672737
14880337,3.1005542
14011411,5.114519
16154928,4.358807
7378773,4.1703615
9447650,4.2027206
4541346,4.7740364
17735887,4.141063
14695082,4.8755198
4849634,5.1899924
10682585,5.4087586
5571716,4.686897
13530359,4.424935
1869438,5.034157
279816,5.077113
2970386,4.3280983
13754457,4.79844
10948340,6.117688
13414166,5.3532677
14774459,4.6512814
20283488,4.3426867
17737577,4.983272
15543789,5.2801876
20933869,4.5413556
9012907,5.0350666
13914274,4.4410586
13577831,4.0634646
21161880,4.2670474
6660816,5.67863
14882827,4.96111
16987085,4.329617
1100421,4.394902
8704996,4.555502
20677836,4.919212
19909929,4.4263654
4206034,4.263154
162934,4.4628987
1591811,4.367878
11529778,4.8152175
10117636,4.176876
9897412,4.894407
6076807,5.891103
17385649,4.0810637
19100971,4.766971
3614680,5.4183745
12291683,4.0192833
18535402,4.381412
4379572,4.877094
11905505,4.4198136
6358013,4.2723436
7857040,5.331446
7901480,4.4850345
5508599,4.628463
14505318,4.880964
14167287,4.739041
14913381,4.6100793
8540024,4.2880106
13654127,4.467938
13281916,4.9416175
6870290,4.172843
14335936,4.385575
19291901,5.0087037
18702075,4.4595423
1036498,4.810417
13928304,4.7059374
586742,5.206176
18163137,4.409078
4605455,4.535438
10635913,4.915954
20164634,4.3225837
20820399,5.831071
10326242,4.403986
17587463,3.419638
10989352,4.8971972
11506242,4.359744
1428590,4.236304
16018937,4.1624274
14952649,4.8275537
20523559,4.7538652
235281,4.523749
14386892,3.729588
15974031,5.2127957
4530085,4.2173085
12176844,5.4313927
723523,5.750012
13810264,5.561615
4636545,5.0175343
7273513,4.84638
15110037,5.925072
12385002,4.0480328
19050152,4.3578053
15665095,4.297976
15621557,5.1294665
14575777,4.288441
7649846,4.141714
3669029,4.673726
17556428,4.0663524
9192475,5.2092047
834871,5.0689692
18458323,5.9764566
1744941,5.0220394
38365,4.3653007
15230670,5.078028
13511478,5.2018747
8150930,5.602937
14240343,4.083327
299699,4.7945867
20154569,3.931272
17686852,5.1497674
16761973,4.5348954
8704967,4.39427
5561683,4.2712173
11190831,3.993362
1406906,5.3243
10149803,4.9394693
1171578,4.7486515
6748973,4.388533
8758534,4.583805
18007183,4.099735
4989,5.3190536
1976071,5.036199
9686776,5.1601386
19844482,4.913279
14320317,5.2969055
20706418,4.218736
15925996,4.5667105
18404373,4.013568
20862910,4.382157
12015424,4.6716485
16425397,4.9456997
8153793,5.104627
17041027,5.297043
15108088,4.802005
15820618,4.7831564
289037,4.3710637
6571877,4.389276
16822873,4.0128107
4359425,4.3908286
21022242,4.437206
9996758,4.702904
992598,4.495435
3112284,4.1562805
13171201,4.7706237
14994778,4.9627113
16964141,4.1079164
13250400,4.18783
5230712,4.7177305
17811394,5.195181
16241503,5.3994493
17524455,5.0153203
19618550,4.1702986
21081544,5.8151836
1226176,4.917378
12842399,5.07768
10115375,5.2251987
16796405,5.184239
7758083,4.0421476
10903055,4.870129
1815551,4.516667
13064650,4.1305494
4048050,6.1292276
3798941,4.95696
10136994,4.007659
16577159,6.17152
14405290,5.05701
13914768,5.4383225
10766339,4.2969546
18626606,4.9734025
3628190,4.5103583
16915184,5.199745
8916393,4.4372373
3255501,4.3161364
556903,4.868804
6233785,4.893946
6968806,4.3774996
13659092,4.246974
7343245,4.347817
18327990,3.9667912
14556530,4.150047
4730124,5.1614127
9216060,5.0780334
15549544,4.337248
18976585,4.3703403
1586346,4.619275
18330079,5.052325
17119365,4.832494
7914369,4.1323986
6277566,4.2290497
12829364,4.413054
16028218,4.916896
11013337,4.51393
19528621,5.0593963
9862199,6.172723
2771128,5.2108526
7883850,4.7637267
5506205,5.4349046
9807188,5.2073236
254259,5.195811
13770434,4.329643
8322228,4.41933
482592,5.031597
13599334,4.910785
18878633,4.3108864
19458060,4.4089365
17862407,4.270301
10273955,5.7763915
11656698,4.326947
8907289,4.94591
16544121,5.181666
11826005,5.615619
7348398,5.4415627
16164518,4.900146
12468659,5.3454237
14983458,4.1429887
4347219,4.721917
13802779,4.425891
13026414,5.2935076
6764230,4.6088133
11187722,4.922265
15883070,4.190958
20424357,4.5488443
10475761,4.336301
904512,5.2409163
181511,4.253797
12252435,4.2836
2022938,6.119656
4493109,4.233908
1313414,4.375935
751904,4.9052515
17407660,4.923302
2924915,4.863417
13748757,3.489976
6346342,5.419697
9895587,4.9319124
15972085,5.4024434
15662142,4.4486833
3820396,5.965113
15182066,5.0828714
10967300,6.524734
9410545,4.7240796
12537957,3.8882272
19664709,4.3382463
14473545,5.4688377
2994892,5.2920427
10515838,5.898567
1648737,5.2596254
11574687,3.9598477
8589668,4.265684
11032957,4.589245
8681776,4.4844446
19596257,4.5863924
2209722,4.0491147
15802389,4.7430067
15884243,5.2482805
13962117,6.0673223
12186120,4.645816
525412,4.443365
20071095,4.9174557
9486961,4.3485856
4830494,5.1692
17475274,5.182258
6574654,4.8229566
7099232,4.9739494
20043063,4.2653837
13156931,6.1127806
16005448,4.5540957
11720130,6.0835752
17098018,4.3242364
3352608,4.1374927
17957521,5.2680497
14712466,4.2231703
6809562,4.708587
17573298,4.450994
10654551,3.9968581
1018606,5.2814164
960210,5.5584936
4993804,4.160411
11844588,5.226592
13915544,4.5609465
12821596,5.1250668
540489,5.304425
15328652,4.3576703
17692747,4.771942
8365732,5.320931
12562302,5.199874
18379170,4.476205
9746604,4.713012
1453998,4.166985
12385036,4.0638733
17406013,5.0408583
3585049,4.4555674
17364747,4.871073
14702468,5.1809087
9329140,5.4504833
2563440,4.389063
2073869,4.668062
13605171,4.8209023
9104876,5.024627
4236725,5.6396956
15859398,4.290367
2598524,4.599147
19843343,4.483765
2471964,5.1183376
18667184,4.8829036
15952571,6.191365
18459155,4.745495
14913168,4.490172
16477504,4.486674
9863859,4.2314377
8965666,4.353851
13114592,4.4758415
18856364,3.9509497
15054447,4.2281475
20697637,4.88802
18504723,4.3475103
2931870,4.2766185
8830015,4.7562985
12626663,4.0921106
18173372,4.866811
4815765,3.950033
18701546,5.4336147
16161905,4.299926
8193862,4.3586397
8324409,4.772149
2683455,4.083027
15255758,3.9903996
1995513,4.243814
14312186,5.147147
6349111,4.246946
20031027,4.2624736
18288952,4.293688
12796391,4.244852
1220989,5.758253
16202884,4.3791842
8671663,4.676728
112223,4.8279185
13545489,4.9720893
19585955,5.4833803
7499378,5.035874
8226297,4.7844443
18138617,6.209303
20028865,5.3361745
20363656,5.7062554
15871718,4.893811
16394576,4.061944
13410311,5.811113
20573255,3.8936243
14787934,4.233266
15665935,4.2820663
14163104,5.605212
5750871,4.1803207
6333552,4.8691216
12805392,4.692651
9511212,3.861907
5904156,4.4961724
17574978,4.509258
4863108,4.2032948
13937701,4.6070094
10924435,5.56239
13801453,4.952914
3324203,4.931283
18163576,2.947299
18213337,4.169316
16230158,5.5135064
14849656,4.2956696
13857318,4.707964
46446,5.3613396
16133447,4.3384175
4766582,5.1585655
218793,4.183916
8806783,5.6050954
5806803,5.175526
2606027,4.0263977
17335612,4.198973
17450243,4.4997435
16408952,4.4397364
19117518,4.8345504
7827616,4.307042
14030118,5.5070233
5085279,5.1156273
6165032,4.2568746
7697122,4.5042844
19039431,4.941838
9772922,5.0405946
15872632,3.6202111
20802057,5.0998445
1724819,4.6382155
17376781,4.126045
20329152,4.7632704
9477823,5.825629
18415886,4.3465466
12249312,5.0871267
18198709,4.3711734
16756027,4.545201
13525610,5.121844
194809,5.6847425
3083343,4.3309016
43170,4.279453
4136252,4.529791
17512553,5.2875853
14692242,5.347489
13157125,4.130535
11968470,5.004707
5849371,5.769851
20861446,4.95553
13752754,5.226682
12782109,3.7652059
13914906,4.683445
20433605,4.3281293
17729392,5.0069776
12783295,4.119249
18314459,6.1558294
11377886,4.387606
16533557,5.7496457
5749969,4.366277
20046553,5.408313
63416,4.5991435
20707606,4.2442827
14850904,5.354857
4364989,4.585921
14169376,4.6684194
11325635,4.435529
16701087,4.398949
3417627,4.1554713
18358666,4.1998916
2117705,4.5819554
545252,4.7113805
6474699,5.028676
15991265,5.248653
14790155,4.597361
13350424,4.9748254
607735,4.9691334
19675738,4.1791406
17990765,4.3184857
3840127,5.291298
17366919,5.323054
7923681,4.2799625
4533440,5.033429
15773252,4.950536
6384383,4.770178
9304169,3.919286
14204600,5.284471
16915848,5.909177
5572169,5.3723907
2950592,5.2522364
8209628,5.9831667
7751021,5.1015024
3880860,4.159256
4263805,4.3722086
12472531,4.3923078
19526089,5.1701117
4502357,5.0710726
16676157,4.6721497
19701453,5.4639626
7979433,4.3953934
14870782,4.9980154
7564020,4.687251
14052019,5.329238
8652385,4.9077716
18059224,4.45715
17120824,4.321521
16480421,4.880493
15559034,5.822371
17590481,4.221487
9028589,4.2510195
20446879,5.7146764
5327513,5.0415273
19364229,4.4174542
14530402,3.9784772
13464927,4.7518063
10997274,5.0137057
5454959,5.496255
17234136,4.2537575
16208678,4.491377
9534064,4.2688184
2164904,5.5061965
4966559,4.0477486
2433743,5.6654463
14218722,4.498175
13065347,4.4279704
21042065,5.3337884
20818853,4.8878236
14086188,4.557835
7787607,4.8586383
16425844,4.2458158
19855001,5.2522655
10102965,4.769877
16284355,6.8366013
5783781,7.2693243
1503930,5.0525613
18327361,4.138724
1180144,5.0922327
13911251,5.295811
13341485,4.5820255
14430784,4.8396792
20675714,4.458635
15560655,4.3183174
18706845,5.3746767
9819589,5.0353074
14216498,5.929208
9111750,4.810185
4203567,5.94316
19894158,4.383703
6104066,3.9461234
10805572,4.2323976
9711491,4.5737724
17879380,4.555502
2007357,4.7204013
2658531,4.346012
11814079,5.5671062
1931883,4.878282
494208,5.8030767
3972297,4.408633
6220699,5.7619777
9348516,5.336733
8500157,4.8108573
20641847,4.889346
15450848,4.5004106
15078898,4.957864
10090553,4.236146
11291956,5.8371353
7579785,5.5790668
13973341,4.1217465
9199402,4.683354
10732870,4.918462
1076743,5.0262833
1912425,4.189647
7748747,4.9873867
17625848,4.1139936
5784404,3.868575
4431792,4.7587624
14783418,5.160359
16577136,4.3924503
14321059,4.305361
6807297,4.421198
16829244,4.2222543
16111285,4.2448754
6941379,5.173017
1212239,4.613531
13681032,4.371098
915336,5.5083833
19311346,4.552919
6706040,4.8930187
19926959,5.0538015
6577974,4.154845
3695452,4.997486
782176,4.65214
18375614,4.0631824
21056456,6.0577097
10022363,5.193979
19874347,4.441529
6528748,4.9826183
16048422,5.1589937
18522712,4.908495
20188527,4.5594754
19412207,4.4222755
56621,5.2560916
3851228,4.966622
12082737,5.208095
16156797,5.879314
11894655,5.086726
2045097,4.9656706
18289619,4.1700077
6317910,5.3020697
6512929,6.005839
7475052,4.0076814
15726711,5.153388
3483278,4.7192497
16362304,3.7517347
20852686,4.9864163
10877875,4.2563396
12602212,4.0701323
20555087,5.0611186
16555274,5.1390715
14534438,4.8073587
16352908,4.875527
9900315,4.250139
15161701,4.4273057
9925903,6.1341844
2105840,3.987741
14504207,5.948224
4031714,3.9534197
15823330,4.8747764
14548461,4.2530313
10014211,5.2092624
16122228,4.1171823
18113771,4.9177423
3852261,4.530539
8590777,4.927479
15224785,5.365735
15870194,5.3558407
15180279,4.295766
3891031,4.616279
10659884,3.6926224
15482732,4.258233
5511210,4.027993
7899103,4.9126773
15756355,4.9525013
21128781,4.2953005
15583984,4.3799205
20871796,5.0100703
7622042,6.014487
16478683,4.4433856
18618055,5.000421
19531901,5.6277103
19626323,4.5868893
2278456,4.4578934
13909572,4.897362
15087650,4.4043713
9711934,4.606887
697127,3.7706866
6210196,5.184512
16324639,4.60165
6439768,5.08364
9788134,4.0250874
8703355,4.663074
17194475,4.758972
531091,4.9636827
1864277,4.8371906
2783786,5.291516
12875426,5.0717573
1826631,5.096976
18033544,4.773311
916597,4.603087
12956851,5.971762
10069174,4.1163607
10023629,5.1314244
4438551,4.8853173
10153977,6.486291
2447847,4.921297
13347248,4.9941106
18516677,4.2438188
18568199,4.6643424
18522396,4.99964
9347891,5.158157
19020205,5.112956
18397124,5.739078
8716753,6.5491714
721948,4.1342278
7500903,5.8405013
19823687,4.3109107
7332552,4.316153
8538668,4.4014797
4959980,4.160015
12319521,5.4003115
5806581,4.664579
15464096,5.004433
15467001,4.244489
17086146,4.897552
4415695,4.9644294
18094212,5.673354
7023437,3.1081214
14690075,4.8639264
16353637,4.494604
2248368,4.2706785
19506327,5.077736
13099555,4.337814
16881567,5.4945936
262583,4.505063
19432801,5.0409975
10012264,4.4730387
14139948,4.452267
16207395,5.0722075
10363359,5.381794
15080267,4.3848658
8324985,5.64549
20886536,4.3613243
16404945,4.600758
15666280,4.3022532
9862913,5.6371784
18408512,5.4608994
12104757,4.835427
11909028,4.3274255
15510061,4.0578084
17302645,4.2888184
9304927,4.2687073
11241307,5.07429
9861797,6.226113
6785017,4.1878486
16533637,4.402191
7280643,5.240289
17304609,4.0978293
16275819,4.8455343
6902147,5.203681
10014405,4.988421
10826536,4.815878
8942272,5.376225
16512424,4.424186
20896952,3.9965594
1276054,5.361347
511448,4.7317834
14197548,4.0739207
11572768,4.3925543
13875187,4.0134964
5939372,4.931065
1446492,4.9094844
16439232,5.062855
13883740,6.0603576
4671824,4.3498793
20928429,5.5742154
17963616,5.175618
20981032,5.186819
15534354,5.018259
13174322,4.393614
11167198,4.545485
1821541,4.9698186
1095106,5.3314533
9863175,4.1057596
16188681,4.5125027
8253571,5.065767
6135762,4.77828
15819930,6.105389
16689593,4.4185
15583747,4.6009126
3512428,5.3635063
18546318,4.9372616
11509106,4.7286825
6372358,5.2400365
10678035,4.553167
15369535,4.7892556
14950542,5.2417784
2362357,4.6949053
1347126,4.144714
16613859,4.409774
11237473,4.1753674
9494965,4.800624
6989258,4.8048644
14731460,5.217597
3604325,5.4485235
7632393,4.0562706
9925507,5.591687
19404794,4.6267223
12933093,4.0767503
12011683,4.754284
6845877,5.3687763
16750384,4.6737676
12093078,4.694156
12760248,4.865034
15656752,5.301951
14691928,4.38848
10343356,3.943953
13479950,3.9061317
13262082,4.2007732
14504457,4.194161
20626191,5.0759897
17994891,3.8490424
17000485,4.853454
18753689,4.432009
20485253,4.381266
3997083,4.9748483
6000785,4.689567
1675801,3.8762753
18734555,5.347112
3913373,4.7725973
18443444,4.2208924
6212418,4.247832
16135399,4.892306
13559570,5.1549454
14266852,5.3625693
4691130,4.6281834
4667046,5.153159
4598697,4.8769546
16489277,5.0054245
17121168,5.4317465
10080979,4.277166
8860277,4.87745
11572967,5.02973
212036,5.087005
18269478,4.3253517
2191886,5.3690453
21159953,5.09717
15999940,4.2303686
14264241,5.3662825
19415114,3.9826643
12339727,5.2857065
845417,4.4676957
18427533,5.5447664
19505620,4.652585
16532376,5.029444
19564437,4.821931
12806683,4.190962
10885808,4.8590703
14744735,3.9716637
15435275,3.9804673
13765644,4.9785666
19526556,4.612508
14041397,5.2832637
10472346,4.2078605
16993337,5.715325
14451686,5.32817
9107343,6.6788282
9215569,5.881146
8867000,4.303886
7633154,4.397916
16016813,4.976357
7309656,4.111381
16633825,5.6555033
9153075,4.145397
19949803,4.8457184
20200830,4.209492
9997234,5.630675
14390237,4.6759653
16649581,3.8097734
4925062,5.5637565
17011895,5.3723874
16598738,4.8706007
330219,5.109048
8275122,5.2314577
16195067,3.967771
18181846,3.997613
7454629,4.9141808
9463253,5.1479025
6031273,5.395905
20286105,4.723453
7437470,4.196355
13698266,4.941136
5602932,5.508151
5693721,4.2964687
16297068,5.219107
9823130,4.4222617
9216587,4.0430236
20812956,5.0359
13136061,4.4305058
20351456,4.3956294
13623182,4.238805
1397705,4.423907
4766819,4.9299083
9935996,4.250857
13408765,4.4616284
180507,4.962615
6576530,5.1756845
6937329,4.641639
14569890,4.4649115
16872096,4.8741755
3506213,5.343247
10253769,4.162557
2274353,4.137223
149108,6.164806
14744525,5.244537
12324726,7.301142
206071,4.8992996
9841890,4.809153
6902348,4.9715447
19471461,5.390203
7725496,4.921344
648093,5.07257
15131772,4.7751265
16256996,4.3588133
17287254,5.2879786
7906341,4.708399
697078,5.201915
8568341,4.0267315
20075554,4.985209
16413949,5.498358
14056586,4.1178374
17331035,6.379575
15911315,4.821057
20982168,4.609944
6063258,4.273266
8330179,4.2478833
11434843,4.608633
3543832,4.522455
20882090,5.8950257
433762,5.021536
16496839,5.1768923
15675742,4.1952605
3907276,5.69025
4707285,4.528963
11721962,5.010259
17300627,5.193616
16963450,4.6926794
2547573,5.2427745
15288203,5.2516847
10220455,4.322322
8630662,5.1187544
10811094,3.356654
10265988,5.0125113
15056192,4.8072324
12539359,4.898947
12603543,5.0671005
9528959,6.29466
19491766,5.4786325
1376425,4.837649
8901752,4.713558
8195650,5.1347017
12326114,6.311297
4698367,5.3689194
19162222,5.017015
19738868,5.384253
8472666,3.8323712
6852800,4.7756033
14900120,5.1075807
9444059,5.2251987
345075,5.2461967
775238,5.4400287
15095887,4.7092776
8814304,4.324363
13623309,4.0915337
6782780,4.9699364
16190864,4.2267528
16861354,5.2742834
20604891,4.2109656
20554148,4.5577755
4706957,4.8019705
15080879,4.3231497
8355128,4.99763
7695442,4.974898
16388288,5.1391582
7224790,4.8914747
2509611,4.6245785
16114453,4.599457
5796405,4.792725
18031635,4.9855733
20457670,4.909988
16479752,4.017872
20705867,4.7007203
12295889,3.755183
18170615,4.339832
12093246,4.0279026
17650359,4.496368
15688237,4.296298
20245577,4.4695597
55467,4.906985
13601344,4.130282
4890335,5.410869
15636322,4.383752
8720488,5.2225213
6701966,5.672908
6168687,4.3534427
15985435,4.445322
795892,4.1504164
5326508,5.1398883
3058677,4.482184
14775458,4.946563
2051534,4.9368587
19244710,5.0419645
6094967,4.3235774
12539653,5.253891
12368099,4.576866
20991092,4.454149
15728501,5.5562754
20322488,5.414972
4613365,5.529867
14711141,5.074212
13631221,4.2374434
18174474,5.721698
18137998,3.1141727
15431326,4.42897
12807121,4.0192556
8001790,3.8303838
6784669,4.8751674
15659526,3.8478503
324517,4.1704664
52609,5.055528
19056291,4.2729526
6131606,4.8195586
16964341,4.9321194
13535020,4.3358893
8389805,4.0789704
2072177,5.796924
5416903,4.3428187
17254515,4.427554
1789936,4.31882
15360693,4.285498
19312014,5.6224523
2473808,4.4566083
7733651,5.0313187
11800420,4.078431
13261136,3.7686682
18079615,4.450459
20800305,4.9575834
2950808,5.052813
15927071,5.138621
15747069,4.1818748
17268340,4.070001
2636988,4.9005194
16441976,5.606517
10965073,5.0839844
20761187,4.4066057
4120122,4.724387
13300343,4.8997154
18098133,4.3724847
14502179,4.289863
397297,4.201536
17027754,4.320441
524237,4.156483
2098338,4.695985
8597210,5.442494
17908085,5.2314334
5146190,4.3552675
6689548,4.8575535
7509292,4.4319305
10927894,4.3197174
19226353,4.391937
9299707,4.276505
8502567,5.5698066
15361680,4.239658
19953806,4.9285088
12174681,5.0572977
3168443,4.199281
20872250,3.7973356
6246825,4.9663854
353262,4.1919055
17238536,4.2923956
16147465,5.8368917
13139462,4.423781
7106465,5.186529
1090048,4.9358416
7963530,5.226476
9118958,6.233029
9810506,5.0013566
18558836,5.179269
9487838,5.024215
11864396,3.9470391
585452,4.6580243
12310411,4.3059773
13065949,5.107004
15702720,4.534019
12272354,4.2541533
14799309,4.874879
11437442,4.7201066
19641775,4.8377194
16636520,4.2031655
10946978,4.450879
12009670,4.3044047
16484425,5.8404565
13430458,4.480178
17946343,4.258064
10753706,4.3557224
5852157,4.2300963
13300536,4.5418296
1743335,4.09547
1375521,4.391044
9304764,5.1973023
16175483,5.4111834
18856302,5.6061153
7053815,6.397934
20997356,4.2499747
17908506,5.041309
6662422,4.0732546
3498650,4.444512
4867720,4.3496523
19141765,5.0129433
5124475,3.901847
16597112,5.8909864
15051968,4.907417
4136914,5.063727
13042637,4.8923035
18377688,4.3936825
3120624,5.0044303
1150400,4.4925776
19122371,5.016989
8016681,4.3683662
17125959,4.228453
7599768,4.8715873
10174646,5.7836137
435389,4.012247
11465084,5.183081
10563686,6.278339
9273161,4.526821
15484254,5.0923963
1272282,4.247934
20750111,4.2453074
6754197,5.599235
20990325,4.8345103
10412027,5.1329207
15376377,4.317977
10156314,4.8011694
15802947,4.8105593
15912671,4.1670837
13343144,4.439198
8255878,4.9502997
13620473,5.3675914
12814984,4.857473
18446271,5.1209607
7132234,5.004954
4951639,4.4587007
19085402,4.6963396
16242411,4.3657246
14803225,4.9020634
6480042,4.3100905
15267069,5.15159
16932674,5.108886
12762438,5.4922786
8196286,5.101897
11372821,4.8727956
447826,4.5104756
2131089,5.0083146
15768527,5.112878
13316545,4.404889
1893592,5.7756286
19873802,5.192986
8593044,5.0824685
10011086,5.115486
19113392,4.906837
7450047,4.6203985
19227244,3.7208993
17014159,4.698654
4794322,5.2165856
12199228,5.6235766
3378522,6.1875267
10247691,4.0105987
14315547,5.1668553
8459266,4.9145103
5941888,4.5320606
10635663,5.305225
14027065,4.491074
31425,5.119333
1094207,4.3107996
19477453,4.5196943
6356569,5.144128
12813562,5.375584
14385405,5.4554334
8994833,4.4179068
13175258,5.549469
19842239,5.7433333
2773754,4.715527
17281199,4.9749866
9291840,5.0238295
6737249,4.6734858
15844840,4.6416144
18872076,4.279505
16871240,4.772445
19064565,5.2725773
5319785,4.203335
16998098,3.654065
433611,5.9346867
15595774,5.013417
16597793,4.334491
16025364,5.24958
9129491,5.078089
69894,4.2159176
13490491,5.126069
2669352,5.2435846
16349888,4.847103
6212742,4.774437
11120851,5.212293
1112690,5.136486
9926951,4.0797534
10801094,4.61672
10201394,5.352465
8405978,6.1204185
12456012,4.156024
6977204,4.3712583
5099,4.4483614
10921540,4.567636
17461179,4.39322
15322155,4.1632476
7675858,4.5913954
10341855,4.2712703
4716376,5.263968
13815224,4.562911
10042246,5.150043
7133488,4.399296
7709582,5.4164248
1309376,4.832924
12292255,4.2631674
4498367,4.2784476
5065630,4.6063266
17667585,4.2902436
17384051,4.3756723
8504873,5.028878
16466618,5.74205
15209506,4.2783375
17979764,4.2052984
13714949,5.289554
9295297,4.27354
15496591,4.70146
15232047,3.9426982
8227472,4.1949024
14899302,5.459164
17223734,4.9795837
8614751,5.218327
14107433,4.1946716
6316189,5.5000377
21090940,4.848451
3323232,4.8691707
7734433,4.3028755
11135107,4.328455
18858192,5.2307496
16554739,4.0469913
15943354,4.1946054
15870714,5.714252
15223064,4.2078056
5547500,4.2348385
19489071,4.0976577
16336782,4.9453607
12712045,4.361947
10192898,4.8701077
15257024,4.884657
14347502,5.577321
8337536,4.5350513
21008759,5.298418
10591486,5.4201803
21051490,4.0949044
20748175,4.7177124
17665301,4.7064495
20695174,6.0594983
15759302,5.5629044
1292008,4.1229625
13298605,5.062387
16532312,4.4331293
11758169,5.025486
10158096,4.285481
7220755,5.1318555
9641861,4.2163973
8208285,5.210671
13961950,5.1925335
2431274,4.075725
4405982,3.856644
9949954,4.369145
12133746,5.386896
16413043,3.8858545
12917690,4.0434966
14712741,5.412501
11639110,4.374833
3605737,5.5938706
60948,4.8760524
19196925,4.0486903
9135603,4.0674233
14536839,5.677257
4726516,4.516392
13701328,4.3105073
18517493,5.1774755
16259302,4.792983
12903602,4.3650126
15665152,3.725046
724806,4.2280955
18322008,4.910374
2483405,4.6325645
593350,5.0195994
2989787,3.8690083
16691824,4.3312445
14857431,4.696029
5565799,3.9251263
18628909,4.536856
16844698,5.6890197
21098521,4.501541
17126692,3.754764
11362989,4.4068494
11547640,5.898166
2440044,4.692925
12172251,4.9633827
4304839,4.9727893
14448447,4.071646
8135338,5.0666513
16228505,6.0443597
990668,4.872477
985730,4.2131424
10855187,4.9379086
14641253,4.4546375
2374267,4.574943
19387402,4.592746
12283514,4.2734785
7691523,4.983455
12365721,4.050947
9372376,4.3791003
10682316,4.738645
18994471,4.0676837
18670860,4.289955
13328138,4.2330747
8846070,5.0352063
4103623,5.250534
15910877,4.4188504
16726217,4.3392982
20674263,4.287766
6792661,5.22688
8428495,4.4676657
12986700,4.3692994
11626336,5.2822094
9815372,5.7117243
15954085,4.4276667
15518025,4.5002675
2417132,3.8391979
4820119,5.9272847
11299824,5.4453135
17108395,4.4542146
9590866,5.065146
17858817,4.9766145
19845277,5.0013165
11236476,4.5258183
14069103,3.5814333
4795485,5.0982637
14031554,4.2617483
21154063,4.269738
9182008,4.224433
19062062,4.5544653
16260467,4.105058
4203524,4.578923
194154,4.7369103
4393767,5.00912
9992719,5.157419
11964926,5.009885
5154367,4.7671013
12282543,4.962907
14280163,4.5496755
17543982,5.0714526
13174990,5.575682
4770938,5.2467756
17926259,4.705605
10730611,4.844627
11840771,4.2950406
17877062,5.507201
17073651,5.631206
12761910,5.357124
18430827,4.4208503
9903046,4.2546415
326938,4.3394327
18417535,4.585887
15136566,4.2751317
14098135,5.2375054
7331388,4.377669
7715456,4.4053745
6424856,4.181571
10995924,4.7634544
4616865,4.4728193
3521076,5.5047755
16827948,4.2785788
18870342,3.91835
8474925,4.4403744
14200918,4.369531
7394136,5.30441
20999025,4.73802
15649989,4.3237467
10148303,4.2414107
5780387,4.26018
12562244,4.3931837
10876583,4.7928457
19409873,3.9624028
9970730,4.99834
17721267,5.034354
18737308,5.091612
1665686,4.289829
15008013,5.762984
18490917,6.0490355
9626230,4.4440184
362139,4.560179
8206306,5.552827
8401268,5.218624
17255171,4.0746846
13017064,5.6249733
18211794,4.1318464
5280083,5.196772
12342441,5.574239
1700085,5.6589093
14115455,5.141185
15043427,4.1743093
14536995,5.0883894
11682033,4.321655
3783035,4.7994685
17419803,5.741844
16381098,4.738731
17944482,6.0596066
13251070,4.248982
13466992,4.2716904
4792219,5.0353637
6038158,4.2908444
9263004,4.9084096
20529239,3.7662303
20527413,5.8968897
15827716,5.023821
14554785,5.0056577
4916323,4.2228684
9254794,3.8949888
16149408,5.3715835
17002100,4.5221205
13788865,4.3307776
10032285,4.9491262
14826513,4.4920382
18388452,5.3919053
13173415,4.2087035
962610,4.3826466
7106899,5.4523053
8293802,3.9017441
19453408,4.2870073
16860568,5.6889825
19957815,5.2769084
18073686,5.5082793
13928295,4.8642178
18231435,5.372577
5085965,4.3128767
16019792,4.1768417
18584947,4.6820946
6935575,4.4940424
15585473,5.528636
13412939,5.1493244
13322955,5.1949644
12492242,4.080392
8801380,5.514078
8305935,4.056439
10434356,5.5341415
6147912,5.241311
14178758,4.8603253
1007124,5.0407557
17006745,3.1840703
16298506,4.847975
20992872,4.65919
4628511,4.1127276
6678763,4.878971
5084439,4.15835
18384540,4.2711034
8848541,4.2079625
9424118,5.344797
17806747,4.9110146
7206401,4.8063755
16559245,4.3876147
20602932,5.3636537
18397963,5.663515
15751765,5.2342544
2659670,4.891717
14628409,3.9004872
19388198,4.525734
16508067,5.753031
4907749,4.362718
845354,5.1396265
7920963,4.786503
10710831,6.2905474
17829650,4.735181
10900701,4.947717
10834767,5.2322526
7574824,4.175169
19829787,4.9875326
12847902,5.1392317
11060214,4.621412
191108,5.244706
15308451,4.9829254
19227532,4.8412633
16571281,4.7297072
567073,4.904954
106906,4.526981
9774518,4.9228864
15204132,5.281751
15701836,4.9142604
255701,4.735929
12830606,4.8238
7032855,4.9028616
1190125,4.0732994
10097346,5.0798984
9740255,4.337993
4999684,5.1942625
13666857,6.01193
15407065,5.304304
3133786,4.7184353
1664890,5.036827
19362916,4.940466
10632128,4.19519
8564804,4.8497143
17269704,4.4477706
17739111,5.3832364
3605388,4.5028744
13978938,4.3140974
14340356,3.8922427
8099815,4.7670584
2203283,4.922387
1198315,5.193979
17388041,5.132121
9275453,6.4578133
15861412,5.170616
16102021,4.5979342
19802824,3.961526
16146960,5.9665084
15345739,4.86803
11023565,4.7697716
13670254,4.83935
1757417,4.4585586
7955150,4.746277
786787,5.2470846
10765065,4.5443454
4839016,5.050028
18485487,4.3595366
16612885,4.709417
14204539,4.9209523
3520094,4.616783
20306472,3.9039202
17802330,4.7581873
20459515,5.7425604
11342546,4.5036716
18188653,4.9748507
20591534,4.247254
8272970,4.2833967
14843236,5.2281427
4346235,3.8564806
18871455,5.2623715
9800247,4.298235
11139469,6.0074573
14089455,4.093985
8964446,6.36848
17877348,4.9040337
20070540,4.639071
13508613,4.787428
9387120,4.8370323
12910111,4.299451
14981770,4.629722
14696057,4.704861
7306096,6.260212
3421607,4.6945353
5718242,4.575691
3563517,5.366688
11213687,4.4593105
17153251,5.2537084
12459157,4.3083105
6525901,4.9941196
4624605,4.7398853
16377144,4.386202
17117661,4.001861
13031313,5.1254478
5824410,4.366156
226584,5.0283914
14367695,5.086141
16040583,5.255343
15664364,4.5240245
19824010,4.6929812
18258600,4.299747
14281250,4.9394774
15296865,5.437453
19179615,5.1867876
14613739,4.475235
17591829,4.6803126
20608954,4.137369
19873187,4.7923656
13349087,4.93933
7458945,5.029539
8192532,4.082909
2088800,5.651088
19344027,4.514748
822068,4.415324
15026259,5.4611526
13771461,4.9741974
14093038,4.3845367
15656758,4.393839
13592903,4.1445413
15598367,4.2811294
15940256,4.4811087
4351704,4.6704297
13155610,6.0295973
6337539,4.451442
11416899,5.2077336
15814037,4.487374
10034903,4.426578
8779243,5.0754914
11064517,5.233721
14650354,4.2375445
6792888,5.063972
1439295,4.8570414
9331199,5.278065
17477839,4.1841936
19701716,4.454351
2007773,4.9505568
14547982,4.373262
7746303,5.5091386
12714706,4.080008
8776310,4.3698373
10393304,4.9718504
18222319,4.5350957
14388124,4.8480053
6990881,4.909632
20294316,5.018405
3068047,3.8841622
14810362,4.351841
18838909,5.3250046
1138455,4.1476674
50726,4.2345757
20944603,5.0477066
12024764,4.8116264
13361647,5.0659175
15041688,4.246876
5396000,4.1322803
8410527,5.374993
10000384,5.0379176
14264500,4.2896867
8173232,4.8358006
945663,5.2234573
21035682,4.29254
20029021,5.301312
19782708,4.0171447
16037198,5.526976
4351166,5.01169
13452763,5.1501155
17880703,6.0014195
9998641,4.47092
13272041,4.2195396
5965198,3.78171
13880280,4.4262447
826711,4.7267103
15987098,5.8113236
12681730,4.165804
5729203,4.534356
13655273,5.086128
18006309,4.308286
9390258,4.3267694
4168470,4.089822
13980502,5.0412636
2295530,4.988176
12891996,4.639329
19699971,5.317166
19099537,4.1770773
7227023,5.1643224
18089164,4.0305557
9855566,4.3349457
18878999,4.2890983
19055613,5.888081
3655007,4.6275797
17883432,5.212539
17751058,5.097631
18288391,4.2097883
14946977,4.3782616
3983903,5.022003
7822792,5.1684318
14758213,4.208078
5773106,4.424068
18094374,4.746697
9453255,3.472643
10827434,4.911221
1789916,4.5029073
12948606,5.192177
11535164,4.9044414
2158171,5.86379
12251727,5.7374425
17405305,5.4099154
15949821,5.0037403
16054230,4.636353
13149571,3.8924127
765577,4.3282957
13901031,4.6004376
9586258,4.2115107
17329077,4.223902
15663452,4.3218093
19242137,4.3258677
11866869,6.4331574
10968274,5.0995293
7957397,4.009263
16518736,4.2288766
12365836,5.2115226
9954950,6.6240096
20785014,5.429449
19946976,5.678107
350187,4.770831
5840328,5.45374
2538828,6.060415
7177666,4.4793534
6423589,4.7133517
15314054,4.513957
2404708,5.154602
8475318,4.129766
16272932,4.908049
8814215,5.044268
14726654,5.0532384
16032067,4.5458055
1670517,5.0619507
8648032,4.4886975
18323045,5.460582
12005182,4.666309
9845314,4.8601537
4631873,4.941477
9495502,4.2855897
14487098,4.2295833
1917311,3.9853086
11940117,5.587282
2723338,4.2329106
1652185,5.1584177
12796052,5.1700053
8072054,4.6172547
5477397,4.088314
77932,2.9961925
15549146,4.3121495
9293190,4.713951
17829999,4.131369
17605271,4.396684
16723509,5.2145267
14402688,4.3378286
5284048,5.4881115
15925212,4.75367
12469573,4.865946
17817832,4.411813
9867316,5.646395
18653659,4.48529
1859867,4.4470606
8028514,5.121094
2151305,4.5026546
15068578,5.052547
13625480,5.03845
13526348,4.7582836
11675715,4.205625
9462713,4.528963
1092760,6.1858582
13443949,5.0105305
1388659,4.4910955
12380453,4.3007574
13803228,4.078173
634424,5.747757
8950842,3.9697368
16310675,5.009395
19488718,5.257347
11182867,4.3190503
14979958,4.225125
1982923,4.9883766
8902720,5.1620746
6018637,6.0444956
2925607,4.314495
12025076,5.8356614
13309996,5.2798023
12794487,5.2449865
12454556,4.7107472
783724,5.6176977
20674761,4.458217
15307809,4.4802427
17529216,4.937155
16633853,4.0770783
1138390,4.078854
10965575,3.667627
4109246,5.3790355
6541514,4.095983
11697511,4.958275
21078559,6.074172
6175128,4.260792
7385688,5.0123096
9254375,4.4049773
14082332,5.0822196
2057582,5.199311
2473611,5.4668384
11360407,5.477623
9999146,5.309739
2791688,4.335859
11084727,4.2115836
16643778,4.3448443
7999775,5.1342998
9922513,4.8287463
17861527,5.2138906
2892709,5.2400827
18309739,4.669097
6414410,4.2357435
9709542,4.5909357
10807838,5.6294355
16109435,5.147622
18460692,4.290337
7109313,4.982029
5521313,4.532489
19265603,4.864819
20969316,4.572246
16748305,4.0984426
6819944,4.4604945
15378583,5.037116
305245,4.2408237
13901954,4.3016033
785097,4.305961
13209092,4.4552875
14635668,5.0082417
20738832,4.070929
15734223,4.9422083
12322066,4.7807035
6346456,4.9731255
3439518,4.683958
11120782,4.9776864
19818013,4.5196943
9862677,5.02363
18333003,4.578681
7622697,5.0571423
9565873,4.193906
16066598,5.9965634
16755909,4.318854
8497163,4.990002
1440363,4.2950974
649822,5.4617414
9824007,5.6081424
16336756,5.4874334
6528832,5.0188923
10755267,5.9319906
9463912,4.2517495
1905427,5.0851192
5592990,4.4252653
20270527,4.4005876
1264019,4.143096
16776166,5.2591434
564049,5.501881
19289198,5.216984
4941672,4.9539413
15311833,4.291791
10814395,4.16157
6515667,5.3520412
20436836,5.301823
19193758,5.3381486
16135180,4.234429
11829459,4.94998
8052841,4.763159
17157506,3.9714203
1150594,7.0685873
9486714,6.411234
10567123,5.756192
21112584,5.0846114
165919,5.142849
3185489,4.3103604
1019135,4.914905
20765941,3.9556723
15633727,4.1407704
16028490,4.5735292
5560227,4.0167036
15674549,4.3276978
8684500,6.4708247
18291860,4.719819
16910064,4.3641033
9477535,4.268058
8979762,4.636006
13111334,4.2658944
18371801,4.2415466
2331672,3.9295619
17717449,4.1476088
19846863,5.8958
15582062,4.891264
11190303,5.197901
18284866,4.39646
4148280,4.9552617
15116890,4.833868
3738138,4.7679887
1832679,5.113171
17049316,4.2374797
5849810,4.2127795
16724454,4.417739
15115474,4.915233
3924092,5.17438
17251353,4.6771264
7175371,4.2450795
13153661,4.5357614
6286975,5.40345
17733383,4.2121706
5958584,5.4105067
9495662,4.4722223
8112652,4.454789
21137537,5.8334494
2569808,4.0967603
18073087,4.919968
18093802,5.3174477
10926639,4.962536
17973572,4.361867
10192593,4.809865
6855093,4.2360134
14871736,5.706317
8698315,4.1112423
17111449,5.214423
6743785,4.760783
15499602,4.5397806
6234096,4.101824
16872219,5.328873
3655729,4.9202833
12443469,5.5952315
11313229,5.2644196
8285367,4.48229
18464392,5.1607523
12389996,3.8386059
14745054,4.191538
13096614,4.4553347
8072458,5.887679
956258,5.1515336
8194497,5.2199574
5015281,5.497003
15055843,5.1446266
18776660,4.282173
14006083,4.6739984
11068548,5.0055494
17569246,5.043451
15985947,4.929515
20930004,4.803905
7494144,4.49329
7824035,4.090615
3403034,4.2638564
4181163,5.0944886
18220200,4.470018
16885951,4.386565
358767,5.068328
14966036,5.7869368
18344788,3.5868466
16630260,4.8581185
49715,4.277378
13787171,4.330796
71645,5.6509275
9660635,5.2163544
10613823,4.6503396
2101336,4.962096
3377725,4.525617
7070705,5.8042603
10190260,3.9882598
16973434,4.234143
6677879,4.4711947
11103574,4.0551567
10660249,4.4462214
5495887,4.3325486
11589091,4.9141517
16600879,5.484558
9431369,4.4235725
13100629,5.2802258
17398122,5.563951
16000208,4.2300797
18040546,3.7367964
10187823,4.26714
14772799,4.196946
12911544,5.5474668
15009965,4.975889
435908,4.1619596
15703294,4.912111
13709619,4.39722
14656251,5.827963
3667209,5.2248073
9271742,5.7805166
3988018,5.0954356
19246709,5.26296
17668788,4.9713073
20996434,4.9273877
12871013,4.4038925
1925224,4.450729
1179165,5.812243
2455325,4.4527483
18314643,5.247959
6524331,5.1424685
11588946,4.9287324
4145848,5.1093693
9393885,5.0373693
3448986,4.1961036
4014739,4.3108897
18326156,4.4818306
20927619,4.356737
6760715,5.1856117
7461686,4.503009
12532661,5.20064
9625266,4.2409883
16983784,4.9782605
8371435,4.3336673
8441547,4.927652
1940910,3.9630947
19206035,3.9334226
20608059,4.2197943
17150722,4.206178
18517686,5.7554255
1112299,5.0966945
19240422,5.364437
19179576,4.342148
8726680,4.867822
1646243,4.9711714
9015169,5.020354
2907500,5.663329
2889019,5.438243
4967004,4.852769
16999617,3.533661
19806449,4.771826
14314892,4.1626916
19358947,4.22784
7651885,4.8674383
17811901,5.5351386
12737915,4.9809036
5136667,4.555502
4025562,4.3873377
17072240,5.8199315
5784146,4.429505
12593389,5.834468
8408853,5.195326
16532747,5.1903286
16040854,5.1129975
6760370,4.309072
19117207,5.1909876
9217745,4.3276706
3416013,5.04506
17826827,4.659181
12671543,5.0460806
14844176,4.1886005
16846084,4.2001743
18306960,4.68143
15860185,6.0618725
9507164,5.347613
3476431,4.5999584
7054468,5.300851
19420578,4.111867
19759718,3.6625628
7203867,5.0950375
16604816,5.8782616
642071,4.785757
17697164,4.359122
16352708,5.969745
16516422,4.342724
929914,4.98133
13327993,4.091796
16765980,5.082552
10153794,4.862292
19084262,4.2746644
1408717,5.512457
28749,5.1375313
16314039,4.5269423
1056280,4.9437976
2065391,4.8175178
13190579,4.9574447
12901480,4.331009
18668300,4.7755313
13004514,4.6791005
16116061,4.99142
14466790,4.8298764
13585184,4.734448
15567099,5.6548486
16376051,4.4348264
6239016,4.9806166
15757900,4.5905576
13094329,4.6737623
14988703,4.1913137
12220376,5.267941
13940169,5.6596646
9443158,5.9727592
9618052,5.313547
17775235,4.309997
2089058,4.534258
20664897,4.6177754
18841864,4.153729
4492014,5.3017874
7047076,3.829733
18308322,4.7706594
18471579,4.045717
10273206,4.636636
17152472,4.21247
16449891,4.519426
13063872,5.921255
9970462,4.0371594
18992672,4.0226626
16931421,4.3119593
8307772,4.4207063
980737,5.9981966
16545297,4.863053
15834511,4.2993364
5884952,5.088494
8885041,5.426866
18103749,4.298016
17307731,5.0619273
13156351,6.1514173
17528696,4.9415293
7891403,4.4365373
631658,4.183448
15713943,4.940611
15656233,4.1858153
8739,4.9174013
18163268,4.2118454
8171207,5.0622015
15635914,5.252021
11129153,4.106398
15602220,5.2447176
8104214,5.1053367
13467049,4.3357267
12851642,4.295684
17527789,4.302399
4461613,3.990202
319798,4.9875965
17105028,4.827473
8113240,4.784407
10134285,4.9111724
19439790,4.4814196
350168,5.2713594
6489325,3.0494444
12687169,6.219127
6226956,4.717326
5491083,5.042536
15396446,4.7816186
19577620,4.6963143
9012419,5.7055097
3716747,4.0616813
3967690,4.3972664
17839487,5.228911
18373434,4.513327
3434216,5.5939784
18241362,4.909184
157673,3.767466
2692065,5.178679
17135432,4.4864087
11611298,4.1846743
4509357,4.2445116
18022749,4.0560827
15018607,4.162056
18943901,4.413836
629770,4.704066
14282843,4.3995233
5028490,4.9486628
7731695,4.3791814
16215544,4.875516
7309070,4.3748612
21174863,4.575346
19802994,4.374127
6554479,4.3151064
4902143,4.2587285
4128021,4.9883194
5085978,5.1099396
19615595,4.2938952
14938407,4.430157
3157444,4.272513
19855550,4.77262
15479388,4.481052
9859181,4.09384
8194889,4.0915
17347989,4.7845674
6572050,5.226371
13472216,4.784108
594020,5.5889626
5618637,4.4530225
8925567,4.859569
10634059,4.7023807
2230762,4.3557224
3980414,4.2184744
12340908,4.454815
16986456,4.24197
9758393,4.685604
15990376,4.9040527
8309401,4.333766
15898556,5.4984674
13544786,3.3391068
12253698,4.056595
16893975,5.4915504
13226408,5.1006546
10989986,4.3479705
12209039,5.009042
11109046,5.542123
5005909,4.3499823
9938746,4.6615043
20500232,4.2841134
4351173,6.1180744
19032757,5.181286
18917771,4.6716185
5959251,4.3264413
13512932,4.7245884
5663222,4.3865137
19956393,4.276565
8704528,4.695728
13496627,4.917517
13427895,4.1795154
13781129,5.686345
13960907,4.5187306
18443858,3.9450734
7735593,5.4088635
17807199,4.5203404
3433247,3.9507582
15665694,4.416602
14074818,4.441538
10928117,5.0135565
9840355,5.2815733
1433483,4.4577627
16827786,5.1957135
8468835,5.1615267
19181338,5.7079515
7246982,4.4366794
15399186,5.019901
17475711,5.016174
10282810,4.5640755
16666039,4.8555555
4816682,4.3686733
1107540,4.427207
17861136,4.3279552
2092403,5.357466
7837187,4.9230223
13379269,5.5988064
4271452,5.5823913
15855728,4.933525
20328568,4.4189706
6064517,6.3092885
4540279,4.3552623
4707862,4.471117
15888899,4.4886584
1433917,4.5743594
2710372,4.9459233
16752832,5.1215463
15249372,4.0784574
16542146,5.604481
14708961,4.2887797
16109088,4.636022
9769084,4.438051
15851507,4.212058
18750243,6.075169
17923411,4.6765375
4842146,6.0417957
17239644,4.549769
10605897,5.0407467
39116,4.2371836
11567121,4.6969085
13701608,4.347588
13773066,4.284195
12173928,5.031022
13800918,4.2104597
13899934,5.022672
17926159,4.788301
12041914,4.849301
12176026,4.792547
19037873,4.6081195
12915832,3.8728921
2636643,4.1068006
14025205,5.145908
2819257,5.7195215
1624985,4.968894
14783049,5.091365
17349396,5.053925
13082600,5.1246524
20213951,4.9209027
6120056,3.4153078
6720368,4.9976816
5998978,4.3490696
7760808,4.323101
15125234,5.10176
18846852,4.2104826
5265475,4.4610157
17434603,4.9424877
2248580,5.2655835
18476387,5.556711
18181824,5.438212
13675414,5.1156955
15548900,5.69434
9778579,5.0567303
5106749,4.228752
1712789,4.761478
4856222,5.196426
3393798,4.862244
16559107,4.6859365
6373582,4.5956573
20230324,4.445577
52740,4.7061524
19432208,4.0891223
10186787,3.9428205
4232356,4.8773084
2127767,4.182532
4624841,5.538424
9341085,5.389462
14656113,4.0750294
9927068,5.069652
13007468,5.3779397
8429934,5.670498
15517811,4.2523727
10059572,4.821695
18356256,4.6381025
3249076,4.377163
12362243,4.7810073
618916,4.471128
16844228,4.275803
3545026,5.1021714
16545944,4.7637825
4332866,4.268449
16126204,4.3092065
277339,4.821908
4524289,4.777633
20688260,4.3004208
2062638,4.6117415
9475866,4.3170505
7304678,4.6839995
8471063,5.1146297
16770563,4.9287844
2111804,5.2766905
9291870,4.2109475
859023,5.2498593
15902263,5.175771
931287,5.2416787
8889118,3.9863317
18473384,5.4176197
19429274,4.190598
246952,4.354038
4958196,4.8116913
6003813,3.5586696
4538019,4.671038
10554278,5.55945
1145134,4.9713287
767506,4.3424926
9110588,5.0240297
18328755,4.250674
4604132,4.365291
16216610,4.5710974
8129419,4.35839
20569752,4.8523717
17178485,4.3134375
15206166,4.6957235
414419,5.50894
12641236,5.303351
9172888,5.132962
13564221,4.7435365
10101097,4.186665
7021874,4.497181
5552528,4.524576
21014105,4.604368
9342816,4.308076
15464274,5.551119
6994259,4.295566
906822,4.7166004
1570117,4.2117248
9184611,5.2903996
14716765,5.6574
5297152,4.368138
7597291,5.2774754
12107688,4.922943
9162161,4.561325
15423210,5.13568
789298,4.271575
10087998,4.1675687
20453104,5.0618143
12796473,5.2975774
7515961,5.1846366
13284618,4.221149
5153080,4.561318
7004468,5.287627
15085183,5.805038
18842510,5.1090384
17633249,4.4411454
877431,4.4650292
17533279,4.5277715
21075425,4.8204174
15007547,4.3748527
16323334,5.3679795
18376034,4.2853417
9995719,4.872228
20151184,5.980623
6314380,5.0130057
17682410,4.3818984
400067,5.2909813
13802014,5.499014
797972,4.880119
10084498,3.7609034
16830342,4.659195
18432450,4.3072605
12524258,4.847551
13514387,3.5245085
16565202,4.4311438
7546400,4.6304836
21161835,4.599389
6969011,4.1633506
16794458,4.868494
19710391,4.565862
13483412,4.7294173
11607877,4.928093
8647067,4.2206798
15432716,5.207433
14852273,4.3264413
18809069,4.3045135
7600145,4.5301237
15216399,4.831919
17464924,4.334252
14370177,4.2997794
11313921,4.1868067
7180285,4.2774177
16056794,5.114603
931642,4.0752826
2022126,5.1860123
9299397,4.5118175
3187925,5.0449176
7615294,4.950044
18478472,4.9159293
7024778,5.2857685
11355757,5.1068096
2262868,4.3868756
11805969,4.7992206
4092826,5.032923
8555019,4.591971
6923607,4.3434944
10033715,4.8723707
18059204,4.419626
6794598,4.6215687
18359978,4.830587
284934,4.4433866
15867299,4.8914294
1892319,4.3920903
7052171,4.70804
13980673,4.811546
11627811,4.90344
19416363,5.5385075
13418134,4.908769
4535738,5.85127
9157304,5.694324
336220,5.2086873
14150271,5.0032015
18490659,4.39218
12539320,4.4380436
19914250,5.680225
4472904,4.096699
16602382,5.1736574
11873831,5.7416515
4393502,5.072954
8917142,5.821684
20303533,4.2436576
16662011,5.1995893
8384577,5.539129
7611169,3.9436235
16078903,4.115952
3563980,4.8685594
20089729,4.411277
18045727,4.340135
13449653,4.173103
6947477,4.6473527
19065795,4.406786
3073038,4.9301705
9894741,4.187044
2817127,5.1918416
13184810,4.819241
14909867,5.089523
15295026,4.219611
7131007,4.3802238
8338934,3.4541461
12915909,4.832129
14109026,5.276109
8444863,5.1112685
10087575,4.257429
9564986,3.9153733
11069796,4.625192
9508617,6.060272
6589652,5.633678
11659921,4.1776414
11398231,4.7462845
10072035,4.0520782
1306966,4.5793433
18027512,5.887121
11459743,5.457963
16243393,5.628709
20031317,4.2187157
16063030,4.787819
16439084,4.719768
19588926,5.1411324
4735389,4.289833
19159516,4.9955087
2138787,4.767197
10116043,4.9621806
19162270,4.013778
15156527,4.7182198
2594021,4.1429296
11767622,4.4562535
3057116,4.0720506
29594,4.461353
13318522,5.380936
7984555,5.23341
6796994,4.3153195
9573394,4.5175705
3230877,4.050532
10729126,5.269798
17283014,4.944185
2677301,4.789922
16477900,4.9277744
274743,4.990378
14203322,4.0770783
4667333,5.2663164
3969750,4.3328533
14474555,4.009243
7899085,4.973503
7729018,4.847952
16945937,4.890825
12863815,4.884975
1039886,4.8907137
20035218,5.0104036
17027822,5.092726
13123464,6.3120246
2065480,5.0052733
12852935,5.8047214
17634107,5.2251596
20949366,4.277817
4492935,5.621536
14056144,4.684514
14170092,3.9847207
6255407,4.822521
13030230,4.6352654
5918314,4.6047783
1651212,4.7073946
15042856,5.763091
17479835,4.268554
14359572,4.0110455
8309474,5.0418754
19582754,6.362131
19292649,4.2298603
3307936,5.4566483
17993218,4.553682
14917221,4.4825087
14191835,5.4547796
6269439,4.6818466
16339746,5.7210135
17043944,5.154176
2980301,5.3890243
7937598,5.765768
12983504,5.4135165
12486487,6.2150536
17814371,5.9180956
21079638,5.2584777
4855835,3.5220935
4378951,4.762194
11180228,4.858707
18809701,5.202202
13418984,5.4780326
3612470,5.1452074
1484792,4.5742054
15758176,4.364637
7750044,4.3842425
640990,5.151498
2936192,4.1395745
13826698,4.869063
17972519,5.033176
19094835,5.6847997
18889932,5.3913345
4974497,4.966163
14947884,4.0435967
805218,4.691806
17620538,4.9282813
1039946,4.309074
17559606,5.1795297
19364068,4.859883
1979461,4.954027
4177233,4.5046988
17975818,6.5521364
19523873,4.7484827
7602219,4.410433
2995708,6.1118917
12262803,5.1310587
4081568,5.134297
802677,4.414112
16766952,4.3242383
584489,5.0116115
12227645,4.1784
20744918,4.8175406
8608311,5.252971
14423116,4.5152273
15297153,5.1843967
15884507,4.7247505
18489669,4.669864
11854677,4.7174807
3449451,4.967872
16011432,3.817499
7314917,3.975396
2272080,4.76566
14230982,5.5952315
14962498,4.2679787
4500409,4.378212
8184928,5.5548625
8684292,5.3172026
3344815,4.598007
17620454,4.4886136
18240423,4.9443913
18719475,4.733535
3251695,4.9128914
16627206,4.312926
7760724,4.6528473
13974841,4.697819
16533876,3.744156
5406067,5.984304
5329548,4.9951468
7592976,4.9813375
18160234,5.647714
7339802,3.992561
19227138,5.0070453
497175,4.6170535
58062,5.322286
9757209,4.256874
7439516,6.315509
2874932,5.296608
15041925,5.015327
3840324,4.263362
17109499,5.0583057
12975009,5.081944
7329098,4.5286756
17388015,5.6007037
15672618,5.775821
18405989,4.8902764
19466060,4.906327
16038487,4.96459
14071415,5.426123
11944606,5.0890355
16620442,5.007929
12713809,4.036356
14467563,5.018518
15759482,5.877894
8270859,5.223419
15580266,4.912531
10731420,4.831549
18406849,4.3749948
15434742,4.065948
4081707,4.82904
13226498,4.240366
18561200,5.277295
16604913,4.5280085
5196070,5.013318
18266259,4.170259
557018,4.747264
13792725,5.438365
13771246,4.430802
9509148,4.248297
585148,5.4932847
3402610,4.3419204
2267864,4.296751
14708057,5.0002875
15205467,4.7878933
13877888,4.8509116
4995083,4.2730017
15924565,4.317903
15718041,4.359358
17560423,4.6999836
16869989,5.0520573
13191862,4.3887672
16552714,4.62652
3057051,4.7711067
970942,5.517845
10456680,5.656959
1039813,4.8071885
6821903,5.035275
16560593,4.33293
2998174,4.182555
18044055,4.682827
15217220,3.9309728
17701879,4.2371597
11060667,4.8172317
20352746,4.5549035
11847014,4.9823523
13840935,5.6582274
12384161,4.34291
17403928,4.827898
358565,4.624357
2935986,4.2250257
16603312,4.1624885
4956293,4.9999785
15532790,4.994612
15376533,3.8915553
1678005,4.45664
21138707,4.9680533
12600421,4.9624205
14161407,4.946091
17088380,4.9516683
5261913,6.00393
13704383,4.7668686
6925777,4.832282
9125862,4.7246456
18068835,5.104793
2967121,4.4998083
5250051,4.9510746
1186569,4.6100783
2397049,4.166572
18747972,4.8457656
17698371,4.16291
1122040,5.2253323
5577494,4.4317207
14694999,5.436844
15222998,4.3557467
14790303,5.113378
1659291,4.9643054
2047084,4.1643906
20638154,4.8543243
5561355,4.702938
15374564,5.151486
11973139,4.3305535
20622943,4.2400856
15007265,4.3703227
17957184,5.0583725
15855713,4.962207
6693843,4.401996
12686241,4.239942
20325804,5.2094307
8173434,4.7736006
11870133,4.0601177
15888690,4.8366094
1482730,4.2789736
20051917,4.7872596
7525957,5.1372604
17632784,4.0005426
8972035,4.1853685
16633921,4.898706
7242487,5.76324
86674,5.429758
11040027,4.9961348
11618815,4.145484
8000640,4.552466
4678514,5.3353233
16041651,4.9244795
8106479,4.325769
9546172,4.7439766
4410744,5.0790415
14592041,4.6513557
12191871,5.547063
12322469,4.0237575
17744570,5.2856455
12024903,4.6220546
10686990,4.864655
15113187,4.334057
3851703,5.247914
13265704,4.1226125
15800402,5.1475253
6237604,5.065157
722451,5.4179378
17885346,4.77665
15902028,4.8918304
12490436,4.2763295
16539892,4.3308387
6437347,3.8035843
11947349,5.1586075
14933713,5.829527
13282587,5.1901975
4482916,4.4823184
9974069,4.6865106
21067403,4.366257
6643716,4.1325355
18386075,4.232773
5353533,4.4932833
4764483,4.811927
19999661,5.5254717
20384987,4.6062236
2586326,5.4372535
19491153,6.4093866
9464037,4.869448
17560353,5.101529
15009918,5.335873
20150588,4.2630677
9509827,4.690592
13232690,5.5937085
20522910,6.069026
15270369,4.2095037
6596747,4.0060244
6703091,5.867425
16454685,4.9695096
11463156,4.884651
11700121,4.10187
5750466,4.529726
1847718,4.1044135
20759183,4.5392003
1805150,5.013811
16389354,5.1633863
1711403,5.6222897
13507197,5.150286
15807608,4.342074
19236728,4.279537
14824160,4.765974
15986222,5.060628
712321,4.955022
4062384,4.161564
14558230,4.8690367
5183641,4.8226185
13282281,4.853736
6796474,4.889248
20279713,4.9101596
17895654,4.7013755
6287321,4.387564
19734492,4.8498282
16343851,4.5230646
13390160,4.311568
8399067,4.619169
11476176,5.03978
4882039,4.0738196
5797741,5.538
11529598,5.4173965
10141337,5.0248876
12963261,4.2714233
12591059,5.1442847
17547478,5.895124
11183754,4.4419994
14228669,4.731191
1637178,5.2319407
10151567,4.2909436
16193065,5.969954
6869363,4.197644
488309,4.515555
2232495,4.4156857
14690331,4.841696
20133285,5.505686
5871676,4.7177176
14742722,5.1932836
17566686,5.3389707
12710904,4.109752
12654039,5.588093
12370021,5.1514277
20762993,5.8986087
18236840,4.9228888
16132596,4.881997
20117880,4.406881
15282232,4.2663717
19361157,5.457268
2674784,4.990075
18428650,3.9385288
4141193,5.8446693
16870072,4.769238
21140279,4.9555836
16663047,4.391755
4008362,4.444255
16380258,4.517314
308299,4.3775163
20685563,4.604249
6988628,4.2442026
18209548,5.6450458
16272788,4.193925
18478512,4.4037905
14982550,4.794011
15128607,4.3125052
6227871,4.907857
1027808,4.837334
11695191,5.177692
18446697,4.808242
731365,4.6979094
19998918,5.4597845
7438863,5.1142735
8455360,5.4125905
6958924,5.3178673
6511971,4.3472376
16227469,5.0711856
4105958,4.243317
21024072,4.24867
4902690,4.843728
9707469,4.1824756
3230666,5.072026
16212491,5.242768
8952816,4.8445463
21082676,5.2933254
6244461,4.821183
8644654,5.6698937
20011574,5.709541
7002250,5.141632
3650524,3.845475
14950206,4.430065
1965103,5.4640007
15131639,4.448854
19813099,4.850901
17297467,4.7593646
12933540,5.5391064
16301408,4.2036295
17574087,5.8431263
66119,4.407331
19888671,4.1488676
588939,4.172426
17533640,4.881955
1876969,4.170874
17875496,5.4319963
13376886,5.6467113
15821670,4.3445096
17524932,4.974705
3703316,4.94393
20626705,4.4649467
6591755,5.599505
6750441,4.8938594
2187866,4.4142284
13451811,4.118103
3646019,4.2682285
15036294,4.560394
179925,5.077313
7724031,4.250148
21163446,4.8481135
13635551,4.6878366
9679168,5.747142
12070890,4.726253
17458553,5.012254
3593066,5.850249
18871684,4.414734
7176158,4.824088
16129934,4.5223584
15951185,4.7201357
1233257,4.3816605
1831489,5.5474377
14236758,4.589418
8100617,4.4565554
5257388,4.96927
15942953,5.427878
17734864,4.665187
2351587,3.9034183
8755610,4.324594
16012363,4.2111583
8151791,5.081917
596346,4.483602
12108264,4.9363294
7949346,3.5871317
15726577,4.845563
3181224,4.3596325
1150398,5.342553
9415000,4.6472445
19994723,4.8735313
378852,5.2732754
1253510,5.047419
15814818,3.9434047
13531930,5.096094
16314697,5.023011
13140940,4.825831
12987986,5.5157027
4379621,5.1324
631747,5.5017266
9434098,4.909808
6903305,4.7207317
6748952,4.222734
2614951,4.3422775
860941,5.106501
13615386,5.2638316
15207725,5.062718
9118604,5.354633
15753304,4.43448
1586304,4.459819
6853661,5.4308763
8308964,5.560561
4538906,5.1023345
16756108,4.3437514
10886224,4.15209
6727254,4.691568
19569411,6.311043
15867268,4.4520583
8629901,5.646005
4347535,4.24511
4833414,4.5989366
14697606,5.2906594
15113708,4.2251964
4262120,5.5510077
15268504,4.9678197
20990856,5.1516967
16571530,5.3593407
4958990,4.244379
1588695,5.0675836
13376767,4.5566363
704844,5.1006517
4791542,4.7017
938434,5.019212
13714073,4.0176225
2115530,4.700835
6487933,4.2650614
19858006,4.615627
10657189,4.6482496
20017291,4.838982
20074372,4.5304174
10972427,4.043529
12955284,5.2962446
10282754,4.1630816
10438571,5.5083313
20788831,4.848384
260698,4.216178
16136972,4.119542
18656413,3.8047493
3568159,3.9343097
19286324,5.992831
8457970,5.9770737
6676250,4.352849
15670769,5.107245
3303165,4.8164945
13724120,4.315102
16603646,4.801471
12915074,4.158546
16573467,5.05481
9902915,4.716704
3318745,5.12177
15594004,5.8071356
8231648,5.0279036
941625,4.5337763
10622621,4.9206324
9257300,6.398408
8064174,4.928511
18488956,4.220118
18072952,5.5976863
10157256,5.195045
8295039,4.548817
15285541,4.1576276
13251336,4.7328
8078444,5.0480943
9189090,4.0606437
21150388,4.225639
9044976,3.9494674
7717452,4.2227025
17172878,5.1748796
18358523,5.985175
4787084,3.3835607
18944060,4.459596
2802913,4.8438654
4144849,3.8067503
1213127,4.0869308
1999224,4.2007356
7024670,5.4282837
20467162,4.2332735
18345211,4.4289575
16723818,4.863646
3457187,4.2253237
2002467,5.779394
20216401,5.375589
15984213,4.616054
10000717,4.137377
786685,4.7775707
1408932,4.89544
11305302,5.661415
16533954,5.379145
15297194,5.0596213
1411811,4.417815
14505006,3.3730094
4967917,5.1045666
20941245,4.4081287
5054397,3.9864593
3079665,4.50439
13042752,5.883658
14551432,3.8625193
11879348,5.693741
11400121,4.3606186
6870822,4.2178082
18466000,4.829328
20558381,6.4182196
14953496,6.616986
16809421,4.221935
7387846,5.0838494
5534795,4.2439837
14469621,4.0547447
6331598,3.983805
18197368,5.760929
10071264,4.540148
17285926,4.484255
19947590,6.1218624
7957339,4.8517113
16767317,4.216113
19501578,4.5189223
205894,4.6704683
16986137,5.41781
13430210,5.0998707
1100753,4.709852
3646194,4.849136
4197760,4.819086
11126763,4.8953314
18036722,4.244062
17696882,5.07107
12425296,4.095343
6349310,4.2436595
7787983,4.746771
1817907,4.7193656
901528,5.035716
16763962,4.695716
2926285,5.3135915
8397296,3.9016886
18639615,4.106724
6866321,5.5197115
19245819,4.643593
19713083,4.707279
15164730,5.677683
9935894,3.992926
1819623,4.3796473
18237729,4.4300375
1672860,4.3646216
10227474,5.326619
19548825,4.7920175
15990662,4.4414754
18502354,5.559016
5081207,5.0946255
17569280,4.2302675
1589392,4.086804
6064250,4.8917217
6677883,3.9216285
9845703,4.762513
9611741,4.279718
10488915,5.1789536
9185241,5.2359195
9937667,5.1979575
14991616,5.7407675
15447515,4.920189
9827641,5.4864354
1210121,3.9556823
3157463,5.28216
7481675,5.2082295
5434197,4.4132304
20687177,4.7788568
7275807,5.38208
703757,4.2925286
16037565,4.041426
7526569,4.1866326
21089935,5.1683764
11324439,4.808403
19122211,5.023246
1613892,4.315906
15238989,5.2247343
9550554,6.0564837
9627513,5.0290146
2604454,5.2642236
8823472,4.0501757
14135050,5.4500527
15452191,4.307564
10937873,4.9165816
4672445,4.270821
20459351,4.407904
2776119,4.901839
17829495,5.0624213
16566429,4.606298
4644788,3.5682268
4765675,4.413148
12154267,4.4568887
449130,4.830496
16320062,5.0493026
8029160,4.4471936
326785,4.315227
943814,4.462175
6423759,5.015194
17408337,5.3218207
5499699,6.1640763
18892074,4.9957924
7518636,4.2354255
3860981,5.844227
17891695,5.5835648
13082298,5.6327987
2149954,4.9911633
16242506,5.392865
20570643,5.5088353
7950884,5.1315913
20499635,5.1308966
5905163,4.718814
19179558,4.502393
5403986,4.847144
9212213,4.898427
13670455,5.8674455
19997026,5.2462306
2936517,4.979935
12592639,4.9668274
2918393,5.4255643
21040119,4.308126
18775188,5.638557
15124623,4.991375
20250364,4.4796453
9179751,4.3002615
16064495,4.900939
1998112,5.0009513
1801233,4.1088395
13109268,3.994989
13675413,5.182921
6167683,4.497628
10836765,6.4020405
424192,4.862654
5031321,4.3461614
16224322,4.198875
6478214,4.2957525
18141660,4.7496085
14202826,4.8995967
17450026,5.672276
16653772,4.157747
7483853,5.0140333
16488480,5.028808
15647142,4.6816187
4637003,4.487272
10058088,6.2125297
1160367,4.361378
2604409,4.2771573
3411475,5.2870545
2601068,5.1264076
7281884,4.1295757
121473,4.17701
20955156,5.36992
5980518,4.056261
13443794,4.0351667
7984768,5.512732
6278531,4.057161
4103146,4.699903
13377441,5.0804505
9079580,4.8680215
16846394,4.286187
2248069,4.190645
6360200,4.5291467
13735664,5.561782
8372234,4.3483357
6007925,4.8633
19309607,4.4710364
15307093,4.505881
3971244,4.4223514
10359296,5.163637
13446921,5.58208
13327413,4.7794046
9013893,4.7946434
2467377,5.073359
10699205,4.0128865
19822902,5.089949
19307798,4.784715
5037654,5.275314
18848342,4.6229835
1446537,4.459425
16217747,5.3287945
18786789,4.21609
15663247,5.364459
17142987,4.4161463
13770490,5.6599684
18471605,5.0544295
11460606,5.1421494
9844509,4.9612317
17546111,5.0681043
14854199,4.353944
3595607,4.1184983
15664777,5.3130784
1934512,4.2125735
17604416,5.7239676
16931380,5.08935
891912,5.086118
4854870,5.5717177
20522264,4.5195293
1500202,4.76816
3433018,5.328402
7341424,5.1009965
1092713,4.0436096
8482847,4.908345
16965676,4.4245367
13799488,4.8623443
7804135,4.412705
17045314,4.754585
12492611,4.3316765
9476849,4.402611
11985521,4.77151
1803165,4.4403996
2095959,5.753584
10399663,4.101559
7730759,4.5505133
19066476,5.072779
20551068,5.2644124
20230930,4.6615853
11473750,4.218474
4288763,4.892931
975965,4.880367
21000540,4.5379405
7087752,4.2318797
16546936,4.4576583
5382974,4.379131
3961423,5.264395
11079072,4.766617
9386678,5.9749093
13747502,4.0527945
8293644,4.9230256
12669603,4.5695443
16287968,4.215281
11659242,4.56585
9089306,5.574614
20076606,4.804752
15769333,4.167578
1331985,5.620551
14820662,4.343306
2267177,4.202849
14059070,3.846517
3193739,4.7619777
21037246,4.287526
7811344,4.761907
344019,4.897613
17739121,5.7890744
15705512,5.9854712
12443196,4.8187
14991,5.061829
153412,4.769471
3626835,4.9809923
828218,4.402473
15288474,4.9929886
3921600,5.011158
16674124,4.1762033
2940102,3.962854
60680,5.3012295
12379298,4.525323
7750695,3.9028654
8364979,5.285651
17513426,5.2347
1263837,5.924528
1180473,5.339427
2098615,6.2904696
4879069,4.5939584
14401173,4.962073
2145532,5.374338
7347419,5.0715623
20601258,5.223706
13157326,5.6185713
2551994,5.015262
18426039,4.2578063
3870797,4.8303766
20947195,5.40871
14422439,4.368816
3303809,4.6709657
1733157,3.7657917
7530243,6.0668664
7304165,4.8938127
6761084,4.47621
15927761,5.090535
13907872,5.2187314
1629740,4.702268
5884290,4.928037
11238715,4.549738
16054883,4.897473
9281366,4.8006806
7973781,5.342888
15097007,4.532296
504308,4.5825877
15700779,4.3304343
4024107,5.8166046
13762221,4.4147134
20554245,5.678162
7990478,5.2021203
18430912,5.553135
6580431,4.9723854
10659136,5.0461082
18039869,5.988447
15342084,4.894184
3469686,4.5433187
13246341,4.306812
16555921,4.4678183
17367378,5.3622646
3316224,4.174861
15642861,4.1616173
18172992,4.169499
7508799,5.0614867
16466733,5.8064036
4024936,4.2826467
13360060,4.038035
3293500,4.977472
15101750,4.4552875
9296457,5.6393805
15581663,4.484675
19179844,5.647335
9630344,5.053229
6202091,4.3409004
13780278,4.738475
21293,4.330389
20476779,4.970502
2318183,3.9118087
9007919,4.3584905
18926518,4.240079
18306265,5.2059565
19084313,5.30227
17404144,4.8362794
4879296,4.6877365
10072678,4.569042
15554120,4.562476
6765262,4.1382504
2000546,4.7526703
11818728,4.471262
6089077,5.249004
13540224,4.921339
1755874,4.530639
7933932,5.1768346
20183579,4.3361793
18124086,5.4511285
2515,4.545876
17193886,4.2396727
14231092,4.7506394
17715490,4.487834
15721683,5.7933903
10756223,4.442993
20935980,5.507741
17500539,4.734419
9091710,4.861542
19015884,3.9306183
14255278,5.0208116
2451647,4.3571763
7122067,4.3617816
2209835,4.352319
18361390,5.376546
1914590,4.7572637
20381047,4.657279
6092539,5.024818
4244576,5.273489
14472659,4.5979342
18959033,5.434681
14384883,4.975246
15661436,4.8264546
7279397,5.16817
16542847,4.5178723
17462148,6.144344
7028127,4.6580033
14500176,4.707898
9956291,5.7344856
14962663,5.033367
1425801,4.431295
19199353,5.9948273
17534331,5.6343126
1813934,5.366823
13734663,5.1686697
18020906,4.9533253
4718452,4.593722
17192158,4.1096945
379418,4.189911
8722224,4.998682
13613234,4.5257673
14575233,5.907293
4258250,4.3349257
17463059,4.946272
13959228,4.260975
15599333,5.1404047
9476397,4.236172
20392393,4.3449965
63360,4.8805027
3172794,5.0348396
7500451,4.2783012
582239,5.3497143
4267133,4.221333
18720311,5.8920712
7661735,4.2888813
17642180,5.697737
3816665,5.7465243
8613171,4.5560665
16202179,5.708931
4812551,4.690856
2942505,5.062494
1614817,5.244616
9578624,5.246662
1837190,4.9578757
14317137,4.3546867
20728160,3.9789424
8113764,6.232016
3083959,6.335269
16548856,5.1957808
18582425,5.2143536
15301909,4.362376
12228298,5.1005406
6385255,4.4738483
4918125,5.0380797
17246795,4.2208524
5117339,4.0609293
4429685,4.620518
19341760,4.997326
9645338,5.52166
393479,4.1082134
7483097,5.324264
810082,4.95966
6302346,4.22574
19618636,5.836692
12866793,4.4719267
24723,4.368114
13291059,5.3036613
9437574,5.589488
16664669,5.1559834
868801,5.142068
7983070,4.1304145
2177545,4.045788
14649120,4.7558374
485195,4.3132305
17765841,5.3275743
20532490,4.4681425
4279446,4.0854697
15073644,4.2180724
436916,5.5732574
4775278,4.7669706
837470,5.3604155
10280108,4.4507833
14150020,5.0745745
15605267,5.114418
19593038,4.6014667
3775259,5.2360973
8272532,4.505075
20762865,5.124194
550809,5.5197825
20572271,5.9608912
456190,4.2749352
8556635,5.418835
14768807,4.1580477
12360674,4.202312
15554207,4.9043064
17214699,5.0140038
6033,4.4549503
1725853,5.275037
3930149,4.985536
19918817,4.848217
16932750,4.435952
19610569,4.515429
1042878,4.5263324
9988787,4.9827957
17026665,4.84913
4279365,4.376143
20725400,4.1919646
16541540,5.0750437
16442017,4.9896426
11282499,5.1142797
17792628,4.2158723
18794969,4.5308175
12136999,5.7490935
6972151,4.2304893
15310445,4.0339646
10022620,4.121247
6937897,5.68128
1187588,4.83994
15299964,5.1762676
3292643,5.055155
6554879,4.9617233
15581821,4.1602383
10012292,4.5189915
14468,5.7557597
17420241,4.2228575
18345436,4.3790646
3105733,4.459267
12738641,4.853385
13686425,4.699205
9131704,4.283162
17241035,4.459099
4150060,5.177169
19700463,4.3699613
6300353,4.720555
16518720,4.9861274
16703093,5.3435364
20006934,4.9501595
18067296,5.5224977
570695,5.6326666
15941197,3.901815
11910497,4.7601495
12353119,5.395859
9279978,5.7018123
11634283,4.8483057
3649988,4.693447
17457497,5.086281
16348636,4.365636
268868,4.2114205
16959759,4.451071
1334793,5.858316
10708414,4.4824395
11738270,4.402302
12623332,5.0346017
10386594,5.034577
19427899,4.2785635
18434433,4.611543
8966643,4.627096
9669444,4.3468738
12055506,4.5722904
2514831,4.331472
18350662,5.0845003
14904682,5.66984
4863101,3.319243
12412900,4.323262
17224052,6.232817
14484150,4.8671284
15859741,4.9403467
20185952,4.379979
16809162,5.091335
15774102,4.666352
16390233,4.0660996
18804424,4.4990153
65268,4.3024764
2051013,4.771803
5985742,5.4951386
16099713,4.8386407
19084168,4.1984777
13328254,4.507711
18561873,4.236506
11319787,5.4455695
9646126,5.711314
6261301,5.047177
6782456,4.843885
14011318,5.1414304
19162994,4.236488
20014618,4.1303473
18392528,4.1684475
16325781,5.035528
16122018,5.169858
6464254,4.134014
17554898,4.917488
16265428,4.0279636
12271038,4.181578
13362818,4.9500504
15604619,4.3073306
9089397,4.168451
5386448,5.015935
484312,4.326412
14991226,4.8800144
15536966,4.7027597
6370012,5.442528
633276,4.7845345
11301136,4.2737026
11982791,4.7964067
16382486,5.2507954
12209733,5.6898103
14543437,5.1726847
15562188,4.378375
16367520,5.576282
17445405,4.959085
8720923,5.5721993
7055559,4.864471
9973002,4.187806
4069422,4.2429094
8929521,4.872133
13514774,5.255618
12539250,4.5799665
13186395,4.4906344
9617306,5.927286
15869718,4.3033338
18348195,5.2978415
2875019,4.520008
8108376,5.7625704
15054327,4.852437
6783618,5.6990495
20454892,3.866203
9894686,4.8645515
17633832,4.930443
12309643,4.4097486
12340407,4.805344
19727919,5.168251
3967945,5.2002025
9014060,5.010795
1304952,5.086613
15706102,4.286244
4218208,4.330658
6276737,5.3022966
20783985,5.6446395
17704561,5.205701
15852819,6.6339025
15713028,4.9415536
7716322,5.2456784
2365632,4.7307425
15567051,4.33032
14262477,4.1128664
16504499,5.7438383
6693134,4.337346
8092302,4.278024
6731350,4.648129
6780147,5.4102497
16456128,4.7249703
20730657,4.5976024
18060895,6.4253345
17160522,4.38467
17042471,4.813128
10988358,4.2896724
16071277,4.75393
6952815,6.0371065
925075,4.257331
7052366,4.3852687
8273742,4.417649
9002096,4.3960414
17305700,5.862341
11562068,3.9297872
5968050,4.3402243
893413,5.5244055
19270375,4.8363414
848722,5.167189
1304181,5.6388416
20819487,4.3549614
8741349,4.8542967
128036,4.1572022
15756117,5.348091
11211985,4.528951
699556,4.670482
16470117,4.5588055
16228948,4.5090513
2356991,4.833103
20727664,4.381279
6150893,4.567678
12572046,4.45642
13182297,4.8287935
3093469,4.0276093
9115266,4.2806616
17851017,4.9189267
16870431,6.031759
3736567,5.392775
19821160,4.218371
16274951,4.454687
6237443,4.448581
16146297,6.061962
16490343,4.5714374
6267679,5.1594014
5604557,5.085701
16050144,5.1472774
5791844,4.2093525
13667633,5.0357165
12147973,4.375872
1351489,4.787591
2695044,4.7791963
18254317,5.4550743
8504081,5.362289
10773469,4.6176877
10382430,4.563134
4905118,3.9128745
18424903,4.2177305
3016563,4.274413
3539618,5.025593
566195,4.369349
19159130,4.690187
16767712,4.4438577
14301088,5.1719193
19892918,5.1978526
2819298,5.621906
2686030,4.0500135
9117009,4.994294
829106,4.9695945
332525,5.641164
18460119,5.031785
15484165,4.1393194
14008695,4.1301904
8908906,4.306866
2285444,4.8920503
12382918,5.701223
18124200,5.1166215
14303236,4.347737
13624126,5.293242
16687741,4.365678
6259928,5.216663
15930655,4.9761677
6387526,4.135562
19699218,5.1289477
18176463,5.309553
20606731,4.1958127
3469115,2.9343889
17369165,4.214911
13517727,4.927148
3721550,4.494466
3250095,4.4247518
7884670,4.870887
16256365,4.9731355
17211234,5.139132
6672812,4.5140924
3808709,4.6978927
12864784,3.9913666
9596551,4.0694604
4795088,6.12029
17903549,5.1355853
18502972,4.962315
10617498,3.9750073
19904066,5.393155
12996544,4.415312
14667764,4.9298134
2021742,4.7618527
490989,5.201923
4588199,5.2617087
450009,4.8206177
20281525,4.13214
14788837,5.005873
17076396,4.8037124
3695375,4.212823
17788162,5.188556
4606473,4.779777
10085417,4.4568086
20053253,5.4559727
18104766,4.818998
10948027,4.2525563
8485057,4.8866177
15842028,5.0554743
17335062,4.415553
15397393,5.478098
1983188,4.1921363
10564295,4.8237176
17497912,4.5510893
15581887,5.8950257
1115276,5.5833483
11769831,4.757738
9733538,6.121079
10803131,5.193877
4647788,4.2767906
6746716,5.2504597
17158062,4.3400674
11418885,5.0954933
300595,5.929949
20518688,3.53286
20043855,4.393092
3884636,5.885711
18094963,4.9724903
10858543,4.9996686
12849967,4.4164886
15042453,4.4259944
18994026,4.87374
3506164,6.2582483
16722169,4.380676
13200822,5.069688
14857207,5.194635
18426456,4.9627137
1083336,4.3084126
11692311,4.1435294
19504042,5.1912327
5786506,4.6573815
13764984,5.278338
6716160,4.8123302
20267316,4.3782616
16560212,4.7496552
2252844,4.135759
9301784,4.4669065
12869372,5.113316
1033679,4.956546
14142273,5.1122317
17591306,4.918345
17570408,4.1240244
15842855,4.7034187
17209321,4.8637834
9164681,4.2780547
17697566,5.482237
9373148,5.1430945
9939202,4.9840193
16086666,4.1615634
18406927,5.8359036
1546945,4.1206346
4824547,4.94668
1330972,5.3096843
4706241,4.028131
2576206,5.013874
8160542,4.632955
19263786,4.030519
8880994,5.4061646
15528972,5.1593814
18962916,4.458742
7827566,3.71539
20256042,5.2142386
10752737,5.062507
6749628,7.0902867
6220514,4.866961
7834765,4.628542
14106979,4.264326
1156733,5.0175076
18162012,4.7034316
7956149,4.9275002
7547105,4.2308264
20678183,4.792316
10157393,5.1126275
2257064,4.276499
5113910,4.3843136
5511812,5.935905
2849596,5.70221
15485898,5.1755185
12366762,6.3435307
11327484,5.19792
3048760,5.127832
8671156,4.576561
20539875,4.9610224
5036659,4.378019
12403816,4.1500096
11497800,4.621439
2565399,4.8522983
16870873,4.755375
20048283,4.6796255
4902855,4.4199624
7884952,6.059491
7110810,4.326935
2400010,5.718136
16056031,5.1757407
13328202,4.679201
17225485,4.660721
20444584,4.506257
10126519,4.2985716
14522465,4.085575
2764516,4.947315
12566262,5.682802
504440,5.411474
17016159,5.4776673
3137069,5.265589
7385651,4.362862
9316519,4.7394314
20209459,4.357811
20607164,4.4279284
13900504,3.9989607
3581087,5.1959786
15267916,5.0119247
15900766,4.7192755
15798969,5.2304516
14371353,4.603738
17840858,4.967204
15801344,4.037201
19503229,4.8349905
5442901,4.4177995
11555105,4.36768
3168163,4.208015
16649773,5.2526774
7054912,5.540967
11402440,4.1874776
399640,4.2101693
2969749,5.2383814
9167889,5.0887513
13310836,5.0100574
1004578,5.287724
15310116,4.252506
17686630,4.37188
14844758,4.953676
17994861,4.9933867
14028637,4.9110794
16360868,4.093561
6076202,4.9104166
13726565,4.9188757
16268194,5.1124816
392794,4.106592
20505979,4.1781173
12095709,4.196013
19893526,5.0250154
20045444,5.037251
11672450,4.739047
234184,4.936529
12987983,4.5353823
8568852,4.0813804
16645828,4.890206
6385039,4.457897
15790508,4.103576
16258218,4.5416408
18278425,5.0612235
20895742,4.379753
18618632,4.1366177
16015217,4.9667835
2003180,5.3890767
13993626,5.546532
17001424,4.282026
9028856,4.491866
10321776,4.407836
15470479,4.67093
17231066,4.297142
883517,4.8360386
2526345,4.5164866
16050332,4.4767385
15969273,5.2042174
3873776,4.880039
11798956,4.3054104
9847917,3.9586742
13175533,5.3396397
11594600,3.7583177
15531588,5.7541037
11793542,4.714532
11590171,4.9310193
13937181,4.3391147
20309321,4.521819
1541129,4.857789
15702992,5.443102
17668313,4.862379
18638985,5.5843725
12857087,4.955981
14540094,4.261693
16713521,4.141852
7764721,4.1657085
20459710,4.457754
15167862,4.3485093
6291435,5.90594
4129909,6.3388834
742791,5.93216
2268845,4.508224
4645831,5.0255623
8655125,4.3134165
20634473,5.2786098
9809458,5.0877547
21138063,4.23189
14883537,4.827757
13899358,5.223208
16639826,5.3458176
21095044,5.0299263
8566407,4.810788
2055802,5.255336
9452127,5.0489635
13855164,5.405433
7666482,5.574378
13467547,4.972345
10133444,6.2002254
17381,4.860202
7553821,5.86352
14371293,4.9992347
8894773,4.2814865
7418562,4.340243
14653831,5.19468
19693808,4.8605065
11604885,4.436489
14035390,4.484987
13697216,6.1125193
9119564,4.998651
19927187,5.0268335
41513,5.3004336
3411380,4.2382216
17568128,4.1450977
3614983,4.719377
3993234,5.053126
15328326,4.596998
18645174,4.323072
12095413,4.2855988
5562962,4.785312
17572893,5.653312
5277829,6.1551275
14200946,4.23794
6416763,3.8110769
5142318,4.4291587
2440357,5.062518
15820203,4.2347965
20995137,4.357397
17847925,5.544997
5308650,4.5082335
18240184,5.0243964
14667640,5.0594306
12874607,4.1330605
10788486,5.1741943
13116355,5.1014013
4550062,5.0754137
13239421,4.653742
1066727,5.245236
6758849,5.1342936
13490397,4.414083
6413186,5.4889216
12366069,5.197005
14553693,4.0782256
6033550,5.1131015
10475981,4.014486
3625075,5.2631702
1096511,4.350811
4165927,4.736623
9897713,4.1655602
15666107,4.4425864
11360976,3.9169216
16519349,4.251976
1128681,4.73864
9698250,4.7460284
12987360,4.7831893
12932186,5.2431817
1842931,4.4103336
19413540,4.1897492
15538284,4.3729777
14057062,5.2629757
1961417,5.055466
8289792,5.1130466
15548347,4.5353208
20072717,5.001762
16404866,4.412296
16872040,5.239057
4724943,5.0861077
14896095,5.883644
15701663,5.1974063
17423675,5.10061
19310183,4.4335036
10102882,4.388349
7339716,4.7767253
3278624,4.6296706
9219569,4.5170407
21068507,4.29713
10034187,5.90039
970659,4.139633
14597577,4.002499
7206075,4.74532
1194606,4.249982
9732432,5.303849
2324977,5.6866026
17023173,4.7212768
17845588,4.8154497
15590003,5.090985
245359,5.4388103
16241602,4.430202
16301899,4.930185
245366,4.2658944
11968539,5.6266675
16396729,4.5771174
9874042,4.865625
14715067,5.0824065
2045245,4.7848654
20901323,5.03799
19489369,4.131387
20231046,4.763184
17030885,5.9756002
14691805,5.4634366
15646546,4.9093204
13881415,4.331639
16766571,4.3866906
11117439,4.4394193
1118801,4.28666
19123591,3.983792
19032449,5.0825844
14787826,4.273552
4657892,4.048296
13945834,4.803362
14320263,5.348859
19307356,5.098197
17846230,4.6780057
14486098,5.013232
10766309,4.9259744
20639311,4.49842
20726260,4.4583936
15473525,5.957864
14933467,5.6981645
9334228,4.1694746
13437219,5.0608478
262343,4.2899656
16099007,5.07535
9125711,4.7657537
13226293,4.1810474
14727460,5.602394
3594191,4.1250033
15178725,4.218893
12295233,4.8970037
1045438,5.756859
14931550,3.9862242
6246681,4.8083515
18227022,5.2903395
883653,5.749873
16532176,3.9229202
19031108,5.1007175
11989649,4.796511
20243723,4.0036697
16790525,4.4613853
13541941,4.3769693
15294475,5.2531843
15645257,4.354975
1113272,4.1085196
8668115,4.5503707
1637213,4.38435
20696525,4.9345894
8646530,4.8798513
20920048,4.59627
13743061,5.117445
9950923,5.46412
17402766,6.206472
9904485,5.119635
15182467,4.0281577
9591579,4.626192
8777316,4.0345573
1075426,4.0824122
19589726,4.852135
20761314,5.753719
20572801,4.412066
5762947,4.4745946
20858221,3.9280832
11165425,4.231477
12868842,5.700342
14279793,4.100358
18945236,5.075169
13490175,4.4507394
15987687,4.640948
5477842,4.181196
7205456,3.840842
6591077,4.679523
15235535,4.438856
16664008,4.2336097
5839979,5.318601
5969920,5.934586
18766879,4.8495445
2123284,5.081346
16688647,3.7023823
9801260,5.005633
848087,4.4172497
11043594,5.0402837
14182712,4.0170946
6335866,4.8253555
20998700,4.0193005
19588669,4.854697
19084978,5.123798
1465891,4.7393703
17554081,5.4820137
16337047,4.558909
8254674,4.694516
20311253,4.8446956
17221938,4.157387
6627016,4.26073
6209799,4.4881277
17512898,4.2193685
18060320,4.655417
766813,4.4422536
9838145,3.7478619
3083907,5.0317616
18190775,4.1715274
17716204,4.31809
15550715,4.5173078
15939098,5.7240467
12419766,4.993681
7415235,5.002165
14397802,4.660175
17189644,3.4071717
15985737,5.205491
3700395,5.5571895
902467,4.345809
9444903,4.8326874
20635866,5.6342034
9429038,4.996426
562478,4.9004784
1825386,5.4953957
7653991,4.786999
13714529,4.699591
14747766,4.447044
220946,4.7562838
17602719,4.810043
20648678,4.8157816
17464690,4.3389034
17670245,4.565819
13398901,4.8243403
6611314,5.174834
12950970,4.5588
15190865,4.715255
279093,4.2201943
13318239,4.208079
1136972,4.302725
11296046,5.016178
3793831,4.9455338
9013270,4.7460217
18374071,5.0217323
15040421,4.9240847
14085728,5.0648913
17752035,4.795163
14402383,4.868462
4053912,4.7260327
3644052,4.959918
17663849,4.807484
1888006,5.5167904
6822747,4.20855
15824294,4.891671
14682931,4.363123
16376546,4.5445113
16171896,3.8274064
7094462,4.90236
8720865,4.4199924
15083267,5.791348
2397852,4.9502997
16597173,5.2837853
13325468,5.6338086
16020857,4.2574334
16291677,4.6505504
11280898,4.41327
6553661,5.1601005
18841477,4.4840693
12469041,5.0898933
19887332,5.088212
6626911,4.6423697
6972777,4.1676264
24712,5.3459063
15631734,4.918923
13625482,4.4765997
17041907,4.8742743
17833439,4.3159904
4511482,5.050137
14692747,5.268202
18356556,4.0966177
20570865,5.584622
13948486,4.9273543
15634281,5.1934013
8163336,4.367318
15877171,4.915052
11845978,4.9976454
13862304,4.4604893
13015239,4.230576
18879414,4.331363
1494596,5.0239663
473601,5.401808
11095719,4.3680425
6031904,4.4989424
16170694,3.8485055
17585561,5.00619
2969630,4.3919997
15095408,5.7655263
13859361,4.9614673
13466713,4.400836
4026075,4.143089
2175827,4.5848703
17159798,4.136307
3577543,5.898109
13041392,4.7910814
10231620,4.70794
13434874,4.2381864
1310672,4.825589
7276603,4.0429277
9165281,4.2148457
18068913,4.3885727
14213037,5.442534
16418341,5.3119617
802839,5.155418
7893901,5.1804605
2160591,6.048555
15917321,4.716738
9414521,5.0448155
15833807,4.432699
11415455,4.704523
18241445,5.2389894
9725232,4.4763665
19620966,5.522758
14405224,5.1444
10658613,5.183324
10410842,5.297062
2943450,4.3386903
12845862,5.6002812
3098703,3.7539923
1467577,4.3290343
7741297,5.3481603
10366041,4.6971726
14705126,3.7192833
14237406,4.731267
16612877,5.3374166
5261044,4.781117
6260599,4.2769628
10824676,4.4004564
16243823,5.3545556
18746930,4.630671
1025161,4.1444664
14991035,4.760523
10994968,5.8922095
3015450,4.6391106
9433268,4.3069806
11967857,5.054833
10332831,4.461198
17658094,4.7839885
13473948,4.575485
14377,4.4464087
4795356,5.020985
6952692,5.0858655
3191678,4.0410213
11708,5.179189
790017,4.201746
16712101,5.697732
990529,5.0024314
13020789,5.523964
1945388,5.7581606
16912472,5.2353635
4375603,5.1375866
9699745,5.867925
16252761,4.3747687
18517584,4.935199
19637278,4.0284038
6726748,4.9818645
10861614,4.719382
13333552,4.672352
13018248,5.221832
7331201,4.929326
10832099,4.9327707
13942062,4.3384643
13770756,5.3359923
5406131,4.3546553
10965962,4.4351635
7917156,4.295823
18433508,4.1894717
7451805,4.454754
14426998,5.193719
331854,4.3393493
8887413,5.085169
16557960,3.8324926
8194908,3.734466
17268712,4.1447835
16231826,4.093737
833149,4.760454
16350826,4.1912346
8368773,4.956464
13172582,4.2552114
9054109,4.2500653
16545545,4.2771544
4330309,3.877486
12623839,4.3238764
7501292,4.6230755
20034244,5.036498
16824550,4.698847
9827188,4.4903564
7325896,4.4138064
4916223,5.1934066
7701769,4.9730425
17447212,4.375498
11720627,4.4714317
2243721,5.7074366
9119573,4.7896
11972989,5.5306435
11303678,4.5330353
17907159,4.1968617
14055105,4.3162665
4700875,5.9216905
5730680,4.8698707
12247245,4.8686523
11357222,5.0746994
6133150,4.4187574
3474269,4.338988
13301427,4.1278086
4900034,6.873053
13661036,4.4763136
15292103,5.770899
7575626,4.860112
3812595,5.8920245
18387756,4.069428
17123983,3.8608074
7246010,4.9419236
18341273,4.215439
18428508,5.2111044
20358562,4.472774
18240098,5.750085
7097488,5.284719
6866061,4.540853
4615244,4.725526
302309,4.22004
10767624,4.4359293
19991838,4.0407534
2686794,4.9210505
5605532,4.191644
2115333,4.19022
13681728,4.3701286
14539216,4.620233
6007066,4.115924
26362,4.855331
13461852,5.403553
8775344,4.960563
799924,4.5894036
18177610,5.32126
11337913,6.4024034
18390064,3.9168801
17839897,4.959741
20803354,4.982738
2142150,4.1383467
15773850,4.183111
4350495,4.3275414
17430853,5.116406
17465579,4.8256116
17234700,5.155368
19051760,5.310197
18615001,4.74344
9033864,5.041262
19701093,4.741333
5271019,5.144183
16710935,4.308583
9740264,5.204889
9148138,4.2619143
16769813,6.119085
9717335,5.444238
7367795,4.216313
482969,4.650655
7417793,4.3873577
4753599,4.460965
5185807,4.332531
17432058,4.316224
17330389,5.0018883
18080411,4.68067
139143,4.752053
8489712,4.5982924
848170,3.7941327
16287456,4.752193
4868150,5.0512414
81552,4.7094655
9263457,4.1165843
10433113,4.4387074
20709966,5.634149
20322645,4.6555295
17074852,5.3107557
3074304,4.4104896
19721014,4.3957605
2702838,5.6586924
559511,4.4317856
9667459,4.3995748
9650878,5.197691
14790081,4.662262
15270922,5.8484898
16630373,4.944369
5481685,4.608531
6689948,5.239234
124011,5.022144
13994052,4.0950027
17695593,4.512668
6103146,4.868035
12793489,4.223191
10563076,4.760354
8924942,5.2992344
11601327,4.106198
15142679,5.2778554
15290561,4.493604
19430067,4.5186577
16856233,3.546685
12996664,4.662826
1718770,4.315252
13345384,4.618726
3423032,4.298089
12570895,5.232965
13446870,3.9301274
7628791,5.4291997
4767139,4.018476
422214,5.558277
20770742,6.494867
4951025,3.852664
8111575,5.4613833
15166481,4.196007
18343148,4.426436
15648993,5.650493
4887475,5.381517
17612481,5.0229845
54626,5.859757
14298697,5.6446395
320877,4.472362
7264849,5.136665
8675378,4.8790727
16972627,4.3178754
165461,4.071912
13506967,5.425993
13824731,4.214256
18332030,4.7788987
19926628,5.3643866
20120690,5.6761785
16244717,4.3692193
19212838,3.9497132
4077186,4.8027987
4246135,4.272103
18112461,5.6446977
16766743,4.3781924
1869961,4.823045
16134449,4.842221
12913007,4.694146
12898943,5.0053663
2472461,5.4181013
14554389,4.3193903
6717390,4.1086326
287272,4.1277204
16208121,4.1981206
14501592,5.200286
19975703,5.1980844
17462053,4.2634807
14489201,4.2090726
20067972,5.0870466
5836043,4.0580497
2458029,4.6112676
1115349,5.138516
11414243,5.203498
4606614,5.097008
11212601,4.044534
8152867,5.7657275
19861011,4.469114
19143826,5.001052
18563122,5.0029316
18097379,4.386702
4863176,4.688357
12761812,5.1332707
16735848,4.347976
14027250,4.8034983
9884237,4.679888
6725463,5.215365
15398400,4.392445
8520667,4.920753
6959057,4.9174285
4741346,5.224198
16576373,4.3511214
12190267,5.1207695
17302114,4.2819023
13721032,5.2118583
15287084,4.905154
4832939,4.8404365
15397491,5.2037134
16492958,4.2983985
13785354,5.2298675
16113122,4.9655776
739811,4.751958
789559,5.072939
14859925,5.587134
15099815,4.6549053
3812797,4.778746
13625610,4.18597
1678763,4.506621
18066845,4.767714
6716027,4.177906
12773462,4.02078
12776549,4.3635397
2997966,5.0534124
15962688,4.144767
9690939,4.7557263
12324428,5.958154
12302429,4.161872
7652993,5.390762
18960376,3.9649847
58294,4.4977455
20394608,4.409648
6039038,4.9748693
15648407,5.600735
18675571,5.4616427
15360319,4.2391286
13580032,4.463363
1529321,5.8082514
6846210,5.3763585
10547887,4.54161
6106777,4.880009
17894673,4.8466887
7697223,4.7318244
16162933,4.887818
17858987,5.0316963
12202155,3.9279518
828497,6.2305837
2346018,5.206613
15822779,5.202082
507517,4.2046003
7629141,4.198951
19566229,4.2901683
16928712,5.326799
20401541,4.1596723
20639808,4.2424464
9108883,5.281087
19643198,4.303975
13784363,5.0929656
1335036,4.500579
16966776,3.7261343
10126716,5.472678
16676176,4.423029
6831518,6.014408
11206039,4.895162
18475261,4.761276
14058763,4.1774735
9380145,4.456524
16708692,5.058269
20897863,5.7913017
13650177,4.6572657
14058941,4.611932
17692964,4.9405756
1423063,4.413169
20364066,4.6041784
16690643,4.0573196
16226497,5.5972958
20256213,5.052244
826388,4.39534
17295823,4.9145784
8125874,4.607956
14284950,5.1843686
80700,5.0560846
7576910,4.671398
4727912,5.919539
13429535,4.1759577
7463102,4.695458
4776301,5.060504
12728997,4.6189175
17682955,4.7855806
15255593,4.321083
16647588,4.5943284
9150429,4.8773055
17359903,4.288561
3945201,4.3229403
5932313,4.541348
3871177,5.0298586
12290886,4.4827147
2519112,4.9403715
16395494,4.637845
12850682,4.8849344
18957138,4.805245
18123867,4.33743
4075696,5.825249
12386579,4.1903687
15767124,4.744659
14499172,4.103403
4105435,4.8919873
7199464,5.2159204
15880526,4.5169454
6119918,5.018115
12026845,4.4500933
10269315,4.5015798
6660511,5.5488887
10625297,4.384949
15918537,4.314102
3618458,5.1245837
6657708,5.156952
622766,4.0795975
13848005,5.1105704
11987588,5.709444
17626263,4.900738
5932678,4.9481454
3090474,4.4286885
6662147,5.6633973
1200697,6.5571666
15289098,5.62314
93359,5.2016897
18618247,4.1655784
729841,4.2386994
9749603,4.7295547
15087746,4.304152
1619695,5.038152
1939283,4.358672
17964535,5.8784947
5970123,4.2385545
1040018,4.252973
17611836,4.797299
19526855,4.4668717
3946324,4.1292386
8373675,4.977399
12806491,4.015534
793610,4.47879
11937618,4.1834598
13814827,5.602357
2967631,6.3665886
1077521,4.7228274
2933941,3.9561806
10676959,5.786584
20815969,4.209447
4613323,4.838829
18413118,4.2894015
4482584,5.4944816
4983691,4.945041
8935510,4.2223315
5851115,4.526526
5991341,5.900279
466402,5.151315
126046,4.8986096
16338618,5.016591
3447745,5.8390036
10036480,4.4710116
573144,5.0175085
5013119,4.0818415
13546556,5.1801333
15418986,4.1549907
17440484,5.825533
1236788,5.070892
13512130,5.9530253
228925,4.262835
21158249,4.6215796
9529089,5.0654855
17120221,4.72003
17368582,4.3001456
11693843,4.2630205
14279874,4.270312
12561681,5.2420683
5162420,5.492081
4692537,4.3994374
7264701,5.213404
16037497,4.5894017
17995663,4.495139
17191860,4.1802173
6089865,5.19144
14203400,4.273208
17448330,5.536473
19819860,4.566655
19766824,4.9122534
16351003,4.4716387
9779960,4.804995
13379064,4.3887687
12168198,5.878541
17221109,4.285851
3683241,5.2228103
18303895,5.073262
10228824,4.1949086
18023847,5.8112926
7853110,5.9268627
5616298,4.7486696
639199,5.1807904
1628415,4.3445396
8408768,5.180228
16894328,5.020293
1748036,4.461112
17630540,4.829852
8956687,5.002278
5143896,4.4252787
19316580,4.1229205
21174905,4.7199907
17574877,4.885699
4745876,3.9931514
8565299,4.9619765
10232039,4.3992515
13695833,4.3760633
21067615,4.2897844
15130400,4.5229263
4915180,5.2988744
19092315,4.723352
18238213,5.5200834
18009688,4.4627676
1086714,5.4604626
8907930,4.9054294
5325355,5.10638
19531580,5.592522
10054046,4.9820633
12814269,5.07206
10434902,4.242138
4296274,5.1812105
14414440,4.2042966
3102310,6.3141418
15832677,5.24752
17207664,4.309162
12184433,4.919721
7651638,3.7733028
8104879,4.8687954
9412292,4.429079
6066407,4.234059
606666,5.3478236
12188928,4.1750712
8194592,4.344363
10156462,4.806511
6947041,4.416515
16271281,4.4187055
10732710,4.024118
3312253,4.9797006
14959195,5.127739
19121342,5.2424836
442098,4.23808
10105496,4.4716387
16810456,4.9002795
8492253,5.3550763
14199057,4.042218
77136,4.1816025
3509495,4.848578
14791537,4.4341445
20092176,4.5972204
4085887,4.187462
806199,4.604474
6014992,5.330014
17318207,4.3111353
13515118,4.817004
12157959,5.323996
17956375,4.348191
12062745,4.359439
14330713,4.230098
15454635,5.325185
797712,4.5687118
20038576,5.125618
653118,4.974479
15916066,4.683595
19030537,5.254819
4964259,4.3310304
12041,5.0471454
4474281,4.749051
19951868,6.171845
2594478,4.3636794
20801864,4.593951
18368441,5.292904
19111197,5.2090197
16259189,4.9044094
6450408,5.2858443
2000611,4.38435
4873690,4.6350765
13266485,4.2493253
13769476,5.272697
1121497,4.473468
12335328,4.0779085
2620676,6.773767
20976155,5.0604753
11609650,5.4591517
9098087,4.5758967
3630162,5.0290666
11573475,5.6789656
9330594,3.982488
55320,5.481964
15111599,4.9595203
15784488,3.9145806
5904746,3.99628
14730841,4.493425
9968223,5.5786757
7962707,4.149934
7262439,4.0342445
4786580,4.9405956
1989731,4.682737
9107681,4.563094
18408236,4.7017403
15987934,4.703929
16911773,4.7893376
17266805,4.8193793
21079967,3.9278152
9788141,4.3387704
5575736,4.6064277
16026199,4.8271046
6288917,4.8656015
12111955,4.7542357
10637666,5.0200677
531552,5.1154575
2461461,4.890093
12829242,4.1409445
12192924,4.7803397
16291340,4.3200455
14170388,4.332641
1434078,4.306799
17532536,4.177646
13797466,4.354857
1993623,5.0254784
18088349,5.3975425
7772479,4.8572135
2503408,5.507766
15494076,6.2184386
19554150,4.8899117
17715213,5.1634455
18498919,4.5264144
1713602,4.779979
3289009,5.0230346
8800996,4.7060885
16735021,4.619121
13018453,4.250043
7074961,4.6948614
3601900,5.444106
17964166,4.329543
20625403,4.2924294
7238641,4.643505
15951388,4.8087854
13627991,4.3898087
7802598,3.99743
13752025,5.767794
2997467,4.3503876
6414967,4.804453
10784969,4.515284
4526809,4.843703
15147053,4.3496842
15603961,5.383228
6656567,5.3487563
15926217,4.0277786
5570446,5.347117
6674210,5.180628
15065730,5.4485235
16368541,4.31512
5968874,5.0765233
6662609,4.2052016
18273831,4.7381635
1112070,4.2623577
18126916,4.4763975
10881879,5.563241
8688460,4.2830896
16225673,5.0898337
20704205,4.8329167
488083,4.3516498
19222455,4.697661
5183502,4.0116277
20651132,4.8230495
9651543,4.146352
14295456,4.783561
100002,4.51633
2011301,4.9138083
2207459,4.814496
13572291,4.2646728
18118246,4.234919
15990199,5.082802
13532901,4.3210764
10733505,5.11355
9348145,3.5735726
12201138,4.218051
17435074,3.9427311
16987503,4.097056
20832160,4.6541777
20308749,5.109193
15620835,4.2547827
16321524,5.0796986
1857226,4.8920393
15150380,5.944868
783158,4.617045
16123903,5.9570103
16678094,4.963726
8631355,5.4239283
1672647,5.207087
21077900,4.368464
4205883,4.4692264
20786225,4.505227
7367373,5.0426073
15251516,4.596278
20234018,4.603783
8387244,5.844859
1209832,5.1501703
2578122,5.1361666
11910402,4.5699224
1123343,4.1522303
5749314,4.906083
10753755,4.3034306
13033732,5.403351
17265669,4.5987215
1633630,4.6753206
16427050,4.1390176
21097638,4.341436
18889564,5.75797
18255651,5.649054
6758846,4.4244037
16363743,4.242219
2097617,4.1614285
8868841,4.6991005
16085583,5.761634
19221072,5.600832
1786412,5.0979524
7053502,4.7864246
14834903,4.553356
18221952,4.6312413
18315088,4.3151317
9529246,3.9883687
16884487,5.1102433
8791898,4.3162465
12738346,4.2451134
14873250,4.6892123
15902192,4.941883
14669230,4.5561757
1811051,5.6987157
11441498,4.334277
9709039,4.2314997
806345,5.398873
14317454,5.2241035
17723516,5.0344114
17857431,4.781238
10751336,3.4443212
11591546,4.991158
8758259,4.163982
15052895,6.184789
12453894,4.7216525
5480755,4.3668156
9885430,4.738131
18316379,5.175934
16085227,4.4365373
4539937,4.8503323
285716,5.739542
4125300,4.9881244
4942985,4.5218053
13785184,5.328049
19364110,4.3756356
8153369,5.1510077
15925822,4.7317686
11640293,5.687362
242178,4.16914
7612456,4.9874635
16620513,5.2673783
10166394,4.1832356
10154118,4.167903
18443719,4.0505304
15008570,5.4615674
1059849,5.468983
7880998,4.802541
13900170,4.315935
5827810,4.268756
18058836,5.751511
13982791,4.7677436
6661227,4.703364
12704159,4.4657183
7156847,5.88922
13174293,4.4940877
15238184,4.372141
7071880,4.1402016
7651993,4.4444957
14716443,4.8490047
10220860,4.14627
19758007,4.3871503
11126756,4.023892
11107261,5.017528
12053058,4.985656
16621275,5.6243467
17981730,4.0007315
15196650,4.5451694
2856036,4.8788853
5813992,5.226571
2116059,4.1856294
16290144,4.214148
14101740,4.9034066
14236545,4.4679103
17895468,5.054458
6957253,4.1580324
12154150,5.247954
20175536,4.4784946
13460331,4.035637
12875978,4.3665333
11010892,5.6908913
9896754,5.647895
10043601,5.3313093
20982400,5.1823926
843015,4.819565
1948543,4.59906
10927486,4.9338517
17996884,3.6723876
16258220,5.0076056
5458248,4.2054744
15635466,5.093759
15887544,4.1123247
11229232,4.122921
140335,4.093949
564311,4.780817
9533058,4.8213825
9526314,4.3070626
12004930,5.2671514
6967482,5.1044803
182225,4.742197
16769883,4.421308
18316798,5.513329
7459275,4.62168
1959224,4.939198
9402784,4.79582
19136169,3.6097126
21138581,4.844476
10724176,4.7155466
371595,5.1194825
16149160,4.0332794
19954751,5.1444902
8902837,4.561325
12826068,5.2858734
6569350,5.966452
14807957,4.522166
17155824,4.147559
14486212,5.21679
4532435,4.151405
702090,5.1234555
9610933,4.8635645
13885782,5.327086
4837813,5.1873074
1815326,5.829374
14090131,4.5273705
252867,5.1157413
13529753,6.529211
10075221,4.4536147
3497704,4.47502
18310014,5.7768974
15208990,4.8874416
15451844,4.7269993
11928411,5.225073
20308833,4.0041404
18211034,5.626475
11501188,4.760148
13748806,5.342318
15779973,5.3694053
5914715,5.0293093
17075311,4.862039
15433768,4.7211623
20016841,4.15263
1999200,4.513868
9847111,5.1999907
11227489,4.634451
9995713,4.7692723
14779590,4.3057966
9495405,4.9328465
18777330,4.322711
5653004,4.5696206
10983169,5.034804
8734246,4.577619
14920747,5.1997757
20957690,4.8810716
14786197,4.5202084
16444330,5.3658442
4617410,4.495959
10594322,4.403912
15328573,4.5252843
13909131,4.7244296
10342165,5.869869
15508674,4.288139
9411906,4.9115067
5729793,4.2963996
13565111,6.04448
15153375,4.933156
10766240,4.182194
9031081,4.3839035
11718547,5.0751452
5894720,4.952115
18472852,4.1121264
2028377,4.319104
20879912,5.228453
10764345,5.9539022
5013564,4.542395
13380219,4.618872
921695,4.1069393
15913067,5.1256
18875426,4.183942
3116974,5.6926594
5213865,5.7443013
13939271,4.428258
503460,4.0356736
16756427,4.364388
16326596,5.4415627
4093967,5.240276
3843678,4.6986117
16824823,4.8975554
7389196,5.934065
19863189,4.442345
233933,3.971684
19033972,5.098534
2333234,4.299932
9920363,4.8412294
20193909,5.132315
17016281,4.3796535
12823846,4.250742
9835124,4.6576295
12306153,5.055293
17288739,4.6497655
4196643,4.58437
16017817,4.11261
3026050,4.15972
4334513,4.0440035
7106945,4.428399
5252442,4.3671513
9679518,4.0585275
2203926,5.239772
9102340,4.678712
16289097,5.612356
17339881,4.0675163
12988242,4.8671546
14821268,5.92043
16351554,5.0140715
17865286,4.77121
10629003,5.0939
14804403,5.9339366
15026222,4.9090858
7003507,4.8732243
11985414,4.9302435
13786473,4.568562
1055029,4.9536104
18486790,5.3905253
5309168,4.259873
19608042,5.003452
7462108,5.3095384
20494180,5.560789
1043046,4.9102407
21127815,3.090798
17583460,5.333756
8283627,4.768538
13452362,5.05108
17268185,5.243279
9549850,4.926435
3933203,4.4228024
13673585,4.94963
5181619,5.169561
14670685,4.4878063
6602217,5.254364
667836,4.3723574
1037198,4.7583036
7972462,4.471523
14918238,5.552728
20990948,5.1209407
2553441,4.6135306
20941471,4.2437277
9678870,4.159871
2880864,5.8639836
17865021,4.374211
6364280,5.5109587
5301003,4.997179
11421994,4.863128
14869260,6.0564494
2705164,4.835566
1403949,4.2818418
16751771,4.630587
19555770,5.012861
9235081,4.953589
2061725,4.135511
959788,4.38075
15410095,5.590077
9173061,4.848944
18674105,4.5712314
4411289,4.8716974
13112324,4.7341056
8470717,4.3822675
14605582,4.4055886
4531215,6.3863206
138211,4.3663025
7343279,5.158742
13506472,4.777443
12522809,3.0672565
15588055,6.5495615
17387565,4.251125
16251985,5.557061
14179931,5.397404
9592585,4.5643506
16932091,4.5336556
3563047,4.2815175
4643145,5.5322375
1122374,5.2472343
8617250,3.8745868
4550647,4.399786
6713685,5.4413366
5728008,4.403514
7459069,4.525203
18474118,4.253471
8386663,5.1904063
5525206,5.748069
20732065,5.3494616
594394,4.5555954
4073934,4.845224
15399745,4.965092
15568588,4.278584
643948,5.3279247
17386176,4.4216495
16870730,5.068671
627758,4.1220016
5444992,4.2721553
14091854,5.4866276
12289125,5.5819573
7240149,4.1399393
6445371,4.269945
20607428,4.9158473
13880573,4.876642
1583111,5.174124
13223524,4.7247534
8271384,4.277601
16857968,4.0181723
9988233,5.12028
13428556,5.0378003
9281849,4.9257274
18637912,4.714025
20409141,5.334365
17436054,5.3971963
16114438,5.318847
950262,4.119312
11506248,4.6100407
12112504,4.3485117
6643091,4.46844
15396005,4.1651354
9901423,5.127326
10732733,5.2003407
3378404,4.166095
16476141,5.2745485
15455401,5.2861104
20666793,4.4192834
20270960,5.092995
8669130,5.3117766
14076631,4.307343
1992751,4.146614
8593868,4.450729
16440276,4.991241
16096911,5.1701336
18600236,5.8950553
17749444,5.390513
13803428,4.533094
16707117,4.648471
10679064,4.8872757
4576206,4.3750396
5117490,4.267665
12186933,4.4390388
15664674,4.768371
16797460,4.9849806
14844204,5.3088374
21106251,5.352921
17212078,5.8676877
17547106,4.9506025
16997599,4.2373934
272637,4.365969
1691660,5.082338
16757056,4.0487423
1034005,3.9205709
8955927,6.1935105
14064346,4.958403
11102591,4.9124455
13605065,5.099271
14203975,5.0021195
14993134,4.067754
20887065,4.310279
12738816,5.717837
1887874,5.7545695
14214998,4.37806
15597600,5.0188246
4916997,5.9234867
11367489,4.5047665
9278786,4.3069677
8336042,4.919877
3884769,4.7110023
4490509,4.541527
5309235,4.4325542
2296312,5.0563507
8953956,4.3135753
16449796,4.9066567
9316287,6.20627
10545815,4.179195
6782506,4.0301614
18824451,4.367275
10323094,4.2372336
4422234,5.3342805
14181323,5.565317
8886241,5.0918937
7135778,5.152349
17973663,4.552774
16212477,5.4042435
7531309,4.428956
13525308,4.43386
9496542,4.5541563
7956185,4.8857427
15308517,5.4411197
15486971,4.9198284
13748546,4.890223
18199513,5.3769712
6515154,4.3196588
18142357,6.0835495
16516883,4.412474
873465,4.3868856
803835,6.1257725
15939395,4.7860994
13899101,4.832827
13376437,4.5508823
16885435,4.2788067
7350605,3.9251802
16905585,4.7482862
15887264,4.430133
16769052,5.1640444
13825358,4.8611526
12303,4.3000855
16663520,4.3321958
4331601,4.191961
6558237,5.9514456
14025801,4.1640744
11850334,5.6328797
272706,4.3912477
1573965,5.002246
226021,4.5519915
13841319,5.034018
11657897,5.270564
7777469,4.892061
6973598,4.5421414
15445485,4.7608175
4471012,4.4591813
15513815,4.7240553
9315809,5.089572
3259107,4.5582232
18635794,5.244445
16566937,4.9365582
72190,5.906516
16661573,4.451547
996866,4.129154
12815395,5.041651
8456613,5.6420665
20715120,4.813711
12008415,4.1787686
13820571,5.3513036
7700054,5.53183
17814136,4.3446136
13077628,5.0618334
16793525,5.024376
13684319,4.419082
11242469,4.019774
16179023,4.528963
7704920,4.4262404
9432869,4.5048027
671633,4.8345585
9923887,4.7216616
10069781,4.480891
16354170,5.031846
1445819,5.370462
16345072,4.5479097
15028552,4.666123
18372468,4.4278355
15341441,5.006574
18171613,4.156113
9794077,4.6881976
12985023,5.2103295
456296,6.0594025
15788490,4.3989553
4037426,4.438349
19914995,4.126199
21104475,4.895274
15043805,4.282743
16893907,5.6236353
13857521,5.2517757
13866269,3.9949124
17633800,4.7494636
8258324,4.7611976
17668159,4.5896444
19721535,5.069046
6560870,4.62106
15407347,5.481283
18893669,5.2310953
12226016,4.251586
16015215,4.151069
9431367,6.438577
12711445,4.2675323
589676,4.4295807
8548176,4.139975
6886759,5.7088747
14170956,4.326005
2729723,4.337922
5102006,5.3413243
20459849,5.319324
9805128,4.7541656
9461837,5.313877
10050351,3.9603953
13809471,4.3366227
17875924,4.198399
9575138,4.361939
11335931,4.254724
20980071,4.067196
6674482,5.1031117
17164542,4.017093
9678327,6.101247
13724666,4.4064155
16180645,4.1914124
17813907,4.255573
14014541,4.2197943
11275661,5.0791063
1478315,4.9871445
9015954,4.1340904
13943523,4.526496
14577780,4.8131332
21150890,4.7175198
17869087,5.1935973
4518031,4.663386
18950652,4.484916
6000531,4.569517
14450761,5.3337755
6607086,4.2567205
14880182,5.158644
630026,4.7123985
12796980,4.672141
17764559,5.237883
12832723,4.849586
5325896,4.598626
10163140,5.3980894
19912065,4.6913996
13879391,4.5770397
8412188,4.3779497
8383325,5.130699
14746104,4.807664
16617589,4.936809
14936250,5.313556
18226793,4.497275
15182184,5.4258533
722333,4.5118585
18309217,4.023471
5328080,5.260755
763932,4.2910895
417858,4.5796223
8007908,4.448042
6120611,4.8065243
12990161,4.8104267
16995266,5.604676
6146409,4.5024962
15344363,6.13986
4771229,4.8630743
11086888,5.064755
5271199,5.6487064
18458174,5.010657
6715,5.2410254
12021460,4.4935184
11366062,4.3000655
18242004,3.9485574
2093956,4.637238
2375247,4.3674355
3219401,4.0773225
19507888,5.046175
8760775,4.543982
14194293,5.022776
20801701,5.407539
2069027,5.0805783
9087285,5.9698453
11323228,4.4192524
10318976,5.633889
13032930,4.6984997
3476805,4.2653937
17107656,4.3628974
16826934,4.9709377
19273465,5.163806
11634575,4.089655
2601744,5.3946905
1215122,4.5979176
13960617,5.362716
7127757,4.5309615
4257741,4.2943206
17981168,4.8817816
16227131,4.964559
12587017,6.2309065
4296291,4.0996623
20140519,4.301323
13654448,5.4533496
15657856,4.408702
16263744,4.3854475
11546462,4.0833864
3992326,4.9793434
6383040,4.979011
3604749,5.5331364
3411845,4.7266006
19084108,5.3471265
19884374,4.7570033
17733920,5.376168
1496484,4.8872485
20604638,4.9864035
16024539,4.4956636
11283146,4.669097
9211534,4.91501
17038720,4.6548676
281806,3.567408
9998452,4.737956
13807441,4.331599
3887138,5.3264937
3739971,4.518351
9366256,4.5207253
2197591,4.901509
594640,6.421611
16255688,5.0921445
8777763,4.398317
2198953,4.1187134
16930020,4.44358
15754813,4.5432386
15392732,5.787794
15342306,5.137906
2407415,4.8205338
7302762,4.18047
13981725,4.204749
18329418,4.3139596
8442997,5.748943
11888263,5.0922055
9449220,4.7017064
18040553,4.856749
17437508,4.8306556
9512793,4.4125223
18505129,3.8394916
14089727,4.6073527
19473178,4.433354
10707035,4.7732024
21021897,4.035908
15841513,6.427972
1177531,4.695525
5729118,4.8158407
11506542,5.9002624
15510706,4.474774
17033408,5.26338
8307606,4.6719313
12368734,4.533695
19288313,4.223903
14535325,4.9897523
9792182,4.660788
20588210,4.8257966
3010571,4.79551
7775879,5.1784105
1705175,5.5285687
97354,4.620024
4358976,4.9891562
15577345,4.6742606
13114257,4.0278106
12095048,4.3198752
15801639,5.1556544
1038326,4.7992496
19874046,4.979081
17407487,5.639119
17767695,4.9865346
16216234,6.050838
17990948,4.522247
2395993,4.3231087
16498921,4.9595404
6214893,4.640871
369880,4.8582354
18071978,4.3429413
17677767,4.7339067
9698911,4.7915263
17830628,5.856985
5445451,4.294651
931105,4.288924
4261781,4.8418365
13435446,4.836886
9405976,4.1388235
8194363,5.599014
1869685,4.3031387
3042436,5.0655704
11656411,4.9784403
18668136,5.1679583
5704923,4.998191
13803488,5.579962
15113277,5.025981
7603693,4.0452447
16665876,4.331292
758782,4.866924
9810758,4.1639605
15376050,4.5551004
17750661,5.1461825
20478876,4.598737
18389483,5.4470153
4016791,4.7983885
8989320,4.979889
14575964,4.481785
418846,4.583423
3816460,4.65438
4527218,4.2369547
3061118,4.858893
16260056,4.7792397
4137680,4.8799586
15313703,4.91027
3980511,4.9796767
18579416,5.8468337
18038352,3.88963
3773430,5.349769
2429982,5.2022543
1156374,6.0629616
5593241,4.0636244
9424217,5.292085
2776897,4.7055492
18322783,4.725107
13789259,4.1744165
10898767,5.2996883
6391684,4.828797
138619,4.2950425
17570773,4.192567
4604991,4.0748706
15740494,4.8368936
14524401,5.0908966
20624541,4.1340246
5902791,4.536807
16309329,5.7228317
9647904,4.549617
1178281,5.880857
19329911,4.52301
17879764,4.7828927
4596953,4.040353
20437726,4.7467217
3930914,3.9185467
1831361,4.9574065
2627737,5.339204
8210415,5.2428765
5414911,4.5686884
8797016,5.0451574
10941385,4.8244634
17881149,5.189761
13734958,3.7267637
2057474,4.4281864
8410430,5.115152
2217609,4.7589
11080978,3.9029083
18007266,5.0959263
12389574,4.766605
17497948,4.3471437
2151479,4.5504465
12806940,4.656269
18207682,3.8055205
17276301,4.246727
12440668,3.9384043
14194024,5.1546326
6908178,4.230964
9346869,5.899376
6938507,4.3576474
15479066,4.308235
12006462,5.636297
16555259,4.681796
19161974,4.611299
10970661,4.2865896
19701029,4.2044563
21066532,5.1541696
2623348,4.808797
16479789,5.783308
18294702,5.124253
4667367,4.2474785
15656585,4.5882473
763336,4.581588
20864355,5.4781413
5918014,5.536999
1202866,4.202773
11239207,4.460005
14560685,4.6179943
12004174,5.7188063
982327,5.093241
15156157,4.4995465
14201057,5.2440734
15716633,5.571486
20616785,4.2938633
4183424,4.9935455
15970080,4.3384175
15591630,4.196894
14809010,5.2414703
8516411,4.591872
11334152,4.1548905
13419864,5.3661895
13097757,4.8878627
8473794,4.524146
4427442,4.6541443
18411753,4.781026
3090312,4.233412
16178677,3.944236
13235417,4.42785
53469,5.6714263
2811745,5.9567037
2250557,5.240424
18332319,6.0480137
17908408,5.152363
5855595,4.308037
300976,4.3175416
16274753,4.1942024
11459958,5.1945753
19981889,4.9328156
4595569,4.345009
8473480,5.3241673
15494796,4.7023454
14109365,4.2409663
11713899,3.1319935
2047469,5.480257
10164539,4.4426613
14247824,4.3018746
11040622,4.7976546
13768816,5.2409186
15798241,5.1515565
11016886,5.703197
18493434,5.5873785
483414,3.3823462
16039516,4.4352217
1126492,4.3172827
12885815,5.006124
870246,4.8644915
9342478,5.460943
15591266,5.2431893
18476523,4.3281198
11754314,5.3957405
18447785,4.727707
6675896,4.3503447
9351013,5.3740172
1090564,5.4290767
10945407,4.2298975
7618587,4.9553328
4728060,4.175703
2866418,4.5258803
6326133,4.8868814
13247489,5.31294
14590533,6.22999
6028539,3.5516024
15437411,6.1497326
10050847,4.8680444
8825297,3.657766
5577516,4.4876513
8010033,3.9903038
17622447,3.6254673
2998969,5.871671
15847001,4.713157
16365378,4.080021
11874600,4.914583
17257347,5.4506464
4940859,4.2973194
9066788,4.9857917
12093734,4.0980787
18636898,4.644195
18205794,4.225084
18471439,4.188703
14080841,4.907473
13861816,4.2545047
14033731,5.120401
79067,5.4966636
11677993,5.2249165
3351453,4.26448
1328192,4.614034
9216687,5.7065644
6748032,4.0310917
3192030,3.4885616
14224977,5.252063
12496332,3.8955872
15740766,5.028681
252865,5.365217
17558516,4.4083395
3958976,4.104111
13687717,4.479621
10882066,5.5972834
3969367,5.306329
11612050,4.1050353
8291897,4.5163546
4652938,4.570847
17458415,5.086967
10460314,4.242615
16188517,4.813735
16814417,5.2722383
10524332,5.1912327
18342490,5.277777
7055184,5.2277594
17810445,4.846756
3176619,5.6633554
5631088,4.219595
391955,4.69728
10205012,6.3013606
3835334,4.8379626
13217991,4.155248
20210030,4.361862
13998138,5.2952843
7395202,4.254264
4700433,4.5970316
13916599,5.7332597
18671866,5.237283
140167,5.450473
12965288,4.957792
2867542,5.2753034
11715358,4.7149186
5405138,4.9090333
4718773,4.344964
20438896,4.395719
14167708,4.5128193
5927418,4.858384
6758612,4.0246234
14256305,5.3738728
671510,5.37122
11827542,4.5764146
21006477,4.6776834
13727995,5.4753876
10195613,4.2173166
13372035,4.391059
10251790,4.5181055
19569016,4.835656
13821806,5.5757127
16635538,5.455032
17736019,4.974999
2154122,4.438041
3953537,4.5342927
958507,5.513555
7675917,5.2080755
19855805,4.17097
13641437,4.2736793
980098,4.893518
5560698,4.2634153
10524365,5.747722
18124838,5.367353
18774020,5.073878
10961847,4.215628
1782340,4.9543686
12495831,5.087703
9506861,4.3894634
9691546,4.3083925
9823636,4.0375686
3865141,5.365461
20555684,4.333054
14668906,4.56371
12495553,4.71437
15494283,5.278909
6366378,4.5144486
21188020,5.6497936
19914233,5.2820373
5266717,4.5114713
7709304,5.1583533
15836744,4.051038
15086143,5.1827164
20761753,4.5230846
15990686,4.7029624
10021464,4.314961
16679342,5.2138987
13667739,5.1686654
20932415,4.884724
13156881,4.4572973
3279987,4.3060555
20156382,4.3339887
3361279,3.9844856
20798161,5.2005477
13961253,5.1619935
9714250,5.982173
12423497,5.2117457
9494084,4.7873216
11874212,4.8837295
5495646,5.3341045
4847648,4.5442567
16102308,4.9049816
12852960,4.250204
9757875,5.134598
13883393,4.5619836
3048606,3.3828564
2673792,4.286793
9197804,4.3190174
10478114,3.7058263
1296589,4.9988956
7022756,5.1688604
20206239,5.3678937
6194377,4.2895346
16178357,4.5688806
5768819,4.727222
16054744,4.1898003
16087249,4.977698
20814139,5.4748693
19621012,4.3330336
16830544,4.3012295
18721078,4.6881623
11460916,4.513827
12866552,5.0186234
14387027,4.9221044
6400482,5.216448
7060166,4.245944
19291785,4.1655974
2748128,4.74338
11926732,4.42779
10272797,4.293322
8672054,4.5028424
18353380,5.5605197
17761020,4.680865
4968197,4.858444
9845618,4.763575
7845074,5.7444735
4623696,4.528963
12870849,5.440749
303851,4.9115677
19200196,6.2919087
15908840,4.821019
6032335,4.2292805
3718513,5.2584023
16485299,4.5947137
4713319,4.226582
16081760,4.1606865
13080317,5.027472
7583731,5.3586397
756777,4.4867454
5275949,4.361038
87595,5.9446645
15420122,4.8658834
15973697,5.0585504
15498455,4.4244328
9612265,6.040442
14386700,4.9102674
7514135,5.6060743
8444229,4.042279
15820575,4.669349
10807060,4.875036
16660847,4.9967823
17696202,4.5343704
13081225,5.696282
15377740,5.0649176
15616135,4.536552
15380100,5.250777
11927345,5.697053
16300328,5.4655814
6461833,4.3623195
11530837,4.7307835
10127745,4.905809
18421622,4.3718615
16983708,4.170265
15674013,4.341356
18411433,4.3912134
15100599,4.2663283
19119469,5.5055456
19696922,4.389219
1129432,5.006436
15464146,4.236029
7772486,4.9809318
727547,4.090138
11374380,5.2382593
14945624,4.79853
17590260,4.8188524
8649538,4.010369
11973518,5.3788404
12041445,4.846332
17492303,4.1109176
7342359,5.1305866
16148756,4.2939477
3489481,4.9677234
20165798,4.892805
19423386,4.4518213
892183,4.2144074
4125832,4.3715334
12742621,4.9767213
11379244,4.1660905
21213790,4.714586
11305103,4.833553
1914787,4.899925
18956855,4.2868676
3294174,4.963477
1948379,5.0550585
15968872,4.908315
15704180,5.0016356
19887,6.6661105
16632785,4.6702223
16688753,5.4665484
16232278,5.893372
7859095,4.855945
13225003,4.4973016
17796507,5.482857
15791823,5.8870645
20352865,4.3539743
5125396,4.9533696
16741245,6.303213
3372859,4.2372417
6209084,5.1509566
20267865,5.4141755
15925916,5.13085
15868472,5.252979
4251101,4.973841
16769114,4.682544
6901228,5.293056
5602320,6.2200565
13346767,5.364945
14115706,4.9682784
5668372,4.4515867
18342086,5.1252246
4531035,4.7326903
18484597,5.1038013
8284881,4.9645147
11280583,5.6506777
17778147,5.254055
14666899,4.471431
3334906,4.8253145
17911903,5.784387
1914540,3.753059
11604488,5.033797
11656716,4.1073327
16770224,5.079863
12071820,4.177164
14375343,4.5235963
2818169,4.4106984
579716,4.723064
13433642,4.401627
13879181,4.415806
9261548,4.5856705
2558071,4.443566
16937049,4.901509
2164631,4.615105
16749235,5.040695
8224214,4.415638
7403319,4.013311
11785,4.04083
21014487,5.227644
17305040,4.0726085
16054360,4.788312
20387832,3.9051502
11418967,5.22997
9979094,4.271802
16602694,5.4648514
20954165,4.786287
12699603,5.9894714
1751298,4.3174167
3599882,4.9733367
13577027,5.1193757
11262063,5.257609
19489633,4.8241124
7813901,5.091954
18585120,4.7015815
11373490,5.081448
15744290,4.328209
20758985,5.0172367
4788133,3.9609494
6014002,4.3341923
15665485,5.151593
9369716,4.1014056
10516381,4.1407933
13020433,4.941177
3089828,4.7209005
18124990,5.2256455
18767331,4.169514
14108671,4.543877
7857558,5.141843
14576203,5.128137
545949,4.293306
6524543,4.4117227
4765070,4.3666544
13205376,5.753718
10040780,4.3748293
9988434,6.4753413
15955004,4.963155
15329980,5.259786
6777949,5.552224
5066364,4.897799
7335879,4.899093
6325852,4.313761
3810218,4.7707067
12853799,4.118059
7454450,4.9345903
4033422,5.601082
11700750,5.223714
6820713,4.171678
14181565,4.3820233
19102654,5.1839304
5173185,4.3180804
18330777,4.4174786
17704293,4.3606515
17992541,4.885964
16318720,5.5939345
6686393,5.3042955
1099774,4.914201
11117800,4.9252696
12073099,4.238475
19890767,5.2054944
8195086,4.680988
17027375,4.454138
14149669,4.2638965
21176767,3.9850123
12836932,5.0832686
2032214,4.586558
12973308,4.464468
14344285,5.255029
15296800,5.0358534
13624030,5.043217
145994,4.516162
3877951,4.5042753
11145251,4.980777
15006184,4.4358897
14254092,5.2338767
27006,5.470288
14376622,5.7972584
6065778,4.478223
15313321,4.921653
19453758,5.150802
10636648,4.671421
5505592,5.31665
13424996,4.3554544
6268515,5.398632
16790728,4.235011
20024499,3.3088634
16753343,5.133745
18473958,4.369558
14445529,5.3774166
18289327,5.3696814
20942352,4.859738
13216953,4.9440413
308241,4.785021
8859689,4.0569596
1404326,4.179865
4243837,4.3877463
4121114,4.553109
9124975,5.000272
4223238,4.2785096
18005525,5.031798
13062975,4.3348637
3302463,4.3108697
5834648,4.302992
1074155,4.2852993
8195090,5.2630596
4839357,4.6331263
12085141,4.9535933
9403935,4.949034
16350714,4.196033
13592944,4.9645476
9269191,4.969492
1479084,4.348821
5075267,5.9298368
3938279,5.5482984
12571731,5.1989293
1360791,4.54425
15530531,5.111817
12106348,5.3837504
13217036,5.308212
19570262,5.1520104
10906704,5.094911
8557304,5.0116534
15070507,4.3747196
20743703,5.137679
8799529,4.1963725
3103038,4.32004
12087296,4.151275
15832676,4.6674685
13800671,4.018236
8651941,4.8126535
7601779,4.3618684
2332199,4.1297946
3029597,4.2710805
13551245,4.1387596
14119078,4.2180133
19176790,4.7599173
12600622,5.707952
8187719,4.9418473
18915576,4.894068
17108129,4.424368
10945649,4.401673
3993388,4.9478235
18377570,6.011348
19055241,4.2322354
18550398,4.9379134
6377520,4.719633
20572019,5.2891264
20911697,4.5370946
16840836,4.7434936
10113316,5.75293
6262645,3.797197
12833506,4.1207695
3767098,5.029812
1977530,4.760687
12487255,4.8213325
9091805,4.30662
16015940,4.5526958
8686040,5.3254194
2723554,5.2975883
16098269,4.9905477
9300677,4.3965855
1530745,5.241991
8472888,4.6015363
14579123,3.9871285
11435331,4.157305
2530757,4.707389
15343674,5.6631665
16014394,5.567239
20362620,4.3328357
17500331,4.37695
8410796,4.631604
14125183,3.9730356
7116786,5.0040455
14040467,4.125418
1016105,4.395382
13362329,4.1979036
3131756,5.0747595
15579505,5.7630267
234241,4.965248
2314930,4.7240996
11083352,4.1612186
17929422,4.4525766
6990,4.2032294
16101296,5.117641
10811560,3.8770142
3506399,5.6028795
17533420,4.9783244
3721904,4.927891
13650422,5.200042
19699023,4.51319
7718819,4.7675295
11448048,5.0372224
11167618,4.4031816
7762201,4.020022
14223568,5.1218367
856286,4.0267525
17721775,5.005388
16693328,6.041457
15585584,4.5987754
7083273,4.4395556
15285110,4.3330708
16944820,4.466405
4352537,5.441979
14669627,5.3296027
15038186,4.315626
14854617,4.138887
8325544,4.1658545
13307480,4.503014
13590061,5.0331473
16839473,4.211417
6485535,3.7715497
17543654,4.0718174
15250767,4.552895
15022766,4.2842245
4159623,5.6471334
10569636,5.122153
680288,5.1631064
16202422,4.6810894
16200038,4.690623
12945400,4.9664154
15972873,4.1674533
4454120,5.079446
12543988,4.8649483
18265842,4.213129
13491912,5.258154
15028336,5.184778
8918966,4.9969616
20119649,4.7590594
8925974,4.8911686
17408114,4.418278
16783144,4.055969
14057198,4.6565213
3154241,4.4730678
5567126,3.94317
18042771,4.276068
16794481,6.009884
11918849,4.2869267
12981941,5.517787
15209750,5.0662446
4642539,4.947287
7549488,5.178173
11973659,4.207234
7022598,4.8587804
4700082,5.063875
9363417,5.2821155
13978865,4.2016935
1647093,5.126438
19490499,4.992504
11924774,5.2515187
15898592,5.1106157
20425192,4.43882
17239330,4.7565365
8518280,4.2854123
6006328,4.4387155
16555755,5.6176677
10185960,4.513796
8325366,4.7503242
4503332,5.6791162
20493376,4.621693
9560057,4.178741
13496176,4.9077253
17942214,4.613572
18189131,4.651837
10755963,4.6480603
20491832,4.928497
8450309,4.58554
1049126,4.6618686
7513210,3.7630794
11144797,4.1131463
16749331,4.5379124
10973780,5.1318226
17958414,4.6232443
11819865,4.4683743
2041143,4.1424
20002306,5.8925385
10731035,4.087421
708802,4.3946333
13398340,5.041382
5487435,5.7962203
15785109,5.063705
9972284,4.038968
20991455,5.063738
13760233,4.6568055
4291607,4.4947333
4967157,4.8648562
1956075,4.1615257
11590421,5.2425942
19767372,5.2007565
14954775,5.495983
1245624,5.959346
10297856,4.28031
18551085,4.1246333
1796722,4.925061
692605,4.9718747
9594997,4.373558
12025211,4.32877
3645829,5.04059
2672694,4.711549
8507012,4.296118
13079462,5.285941
11306396,4.9432664
9925349,4.229743
15236777,4.8039474
11319588,4.241761
4199015,5.0262957
18395089,5.6959105
17905479,5.2184753
9645421,5.6808352
14319833,5.0976276
10544363,5.7504377
16882644,6.2325206
13274952,5.6098614
16812019,4.655534
2815482,3.592685
14454924,4.764856
17031009,4.9905286
12751856,5.2179246
12041595,4.362974
641817,4.984617
18456430,5.1322403
8442243,5.463958
15420883,5.6708617
12323062,5.0936313
16450421,5.0900984
15657290,5.8800564
17583732,4.9122014
4278990,4.9088883
18270108,4.53144
5371463,4.557628
2830518,5.167338
11982313,4.9063034
8071607,4.781014
20529328,4.6015663
14698527,4.474757
15034825,4.3781204
4630071,4.7458014
19111261,5.5921416
13655933,5.269307
16429240,5.0472994
17589714,4.09205
16377285,4.129848
9137593,4.354195
16030685,5.173609
18485633,4.7994833
18338709,5.141573
8323975,4.879627
4822324,4.508854
15641937,4.3345895
6230733,4.1368313
6156781,5.157262
13077148,5.9711695
9683720,5.686479
14086193,4.3591075
14474109,4.0981526
1146534,4.3606086
15373088,4.5400743
263814,4.1006846
12949812,5.884743
17213469,4.9421854
17759501,4.470594
10123024,6.239868
15057163,4.1097736
13511137,4.8710637
7181655,4.4032183
18639124,4.408045
8088827,4.8176255
14108578,5.8331556
580131,6.0215344
17046815,4.8506036
15936167,4.3126893
15871357,5.436674
3218105,4.9769354
13900417,5.755899
8897418,5.202302
3559005,4.862899
3114026,4.6881223
13603327,4.8693204
11825152,4.3694882
9304836,5.004747
14275105,4.2714763
789295,5.11164
11773492,5.0514956
6885705,4.431358
401044,4.2321334
5418312,4.566511
7883146,3.9707015
3062952,4.7463264
716780,4.9984736
3140241,4.9833503
7534005,4.8716097
6290301,5.0616302
14808279,4.3196187
16619736,5.127565
266490,4.423587
1098863,4.537045
16824881,4.315
15616532,4.9550023
13733931,7.1255097
18387179,5.577564
14407193,4.4964557
7202368,3.936464
16814381,5.4383984
13549391,4.9605217
10880832,5.0777755
16133477,4.1023955
1841308,5.400645
8614318,5.673831
18270335,5.1202836
9489570,4.784671
18718303,4.3664713
11279590,5.1688523
16012123,4.379897
13669049,4.0462003
648048,3.977893
465723,4.340958
5952748,4.2153125
16325813,4.481266
13935360,3.8371127
6599302,4.292897
1836381,5.0272107
12790727,6.4164133
20248640,4.5625906
11638339,5.0374846
9173711,4.995197
7347913,4.3239355
1987627,4.4435844
16406118,4.7715173
13893432,4.2280498
815571,4.956522
10023965,3.923282
7401876,6.000304
4718152,5.1100383
1806368,5.1191435
6519873,5.7561693
14216418,4.188258
3198018,5.220173
601049,4.262797
9156816,4.1521606
6627254,4.3820744
17339688,4.2577877
585362,5.7250457
9080622,4.4027276
20091759,4.2710896
17573804,4.5113907
12282255,4.7812552
21120635,4.319287
1423112,5.0357504
7053561,4.3667927
3811578,4.669584
14168559,5.360671
4464620,4.3030357
3499459,5.255708
10833987,6.017375
10948389,4.878732
8882767,4.3544173
16149325,4.0697503
7709799,3.6121123
19532448,4.358282
6452138,4.272719
1264179,4.034417
9785847,4.292527
16633969,4.2695637
17858464,5.4425063
11710680,4.9352083
12502633,4.394281
16554438,4.321931
14706784,4.216143
15899432,4.1237555
17496074,3.5192304
7113260,3.9988499
9344858,4.4125323
11324355,4.0907135
14219085,4.974927
18999751,4.7882314
16273791,4.439401
16577123,5.5399275
13588840,4.320019
18023744,5.0750804
16309538,4.2576537
13972861,3.7550368
199693,4.4181075
5295029,5.102711
716169,4.6133075
18703571,4.293134
15816784,4.3717313
8524493,4.838759
13314752,4.173029
4271119,4.35425
1194408,5.0914865
10038447,3.9813666
15917348,5.140032
836720,4.6410437
19018579,5.066461
20817805,4.665959
16425968,6.1598644
493177,4.2367487
1722101,5.505064
3626238,5.37809
2160504,5.3812423
16823923,4.3327136
3057844,5.196463
11638520,5.271091
16336759,5.2431846
17515547,4.6706376
10684258,4.3813787
975833,5.556648
952779,4.333841
9007249,4.9452105
20618671,4.216923
13728328,4.201877
551865,4.0938387
11084436,5.4656644
20073965,4.4586515
10381729,4.604945
249867,3.725753
16467328,4.75584
15364015,4.931015
20979336,5.8726
18942119,4.883735
4738464,4.23483
6915363,4.97639
19680116,5.2466397
7852570,4.552072
16351037,5.1568522
1322804,4.136834
13847591,4.7245717
5632253,3.8919184
18346606,5.775129
4408381,4.338882
10036386,3.9541533
16071397,4.3295035
10906832,5.113187
14165982,4.803681
6760090,5.3971977
10684184,5.08081
13622723,5.821537
12230921,4.0279183
4756551,4.899528
15300257,4.2640395
13031100,4.7591643
4778002,6.183923
17109623,4.6654162
6974801,5.851294
16613747,4.2594705
14143244,4.965781
16378280,4.2094164
12987735,4.2473426
2967294,4.335149
10337983,4.108953
5666454,4.741082
12233758,5.0565577
20090215,5.05109
9728168,4.1022205
5537922,5.010649
18160503,4.782356
415547,4.381904
12448364,5.216781
14707551,5.448091
9509831,5.2578893
14074884,5.770964
14239336,4.403495
12247085,4.8686233
732397,4.5393267
10520894,4.438608
11046598,4.268669
5904098,4.995439
6758835,4.844872
10568208,4.445179
7401859,4.152177
20210682,4.205854
18430809,4.7799993
3924325,5.106115
15507292,5.266647
2811937,4.705757
1509069,5.1493545
2482480,5.738714
9566218,4.228107
15813659,4.825564
16813826,4.5283895
8429486,4.5037103
1046443,4.80806
15455360,4.05278
17576520,4.0747857
16431249,4.1662965
32802,5.7919855
9737171,4.886894
6170127,4.7515893
8690956,3.734883
11017742,4.2727633
17700931,4.926846
16961205,4.161554
17439187,4.158652
7420757,4.620952
1311399,4.228629
16518066,4.4058495
11239271,4.116884
13689670,5.4658957
17610059,4.4971876
13969486,5.289392
1755158,4.1621914
4791600,4.1790667
9057393,6.1465945
7368683,5.1287904
8634362,5.3194785
19295093,4.926776
1360932,4.2049947
312387,5.015569
15986526,4.9809127
6049863,4.8968697
15854548,4.46934
12222625,6.052858
11376730,4.2034745
13856304,5.2426586
14558032,4.8440514
7149890,5.1044087
15327600,3.9859226
5303100,4.710288
6309766,5.042947
14802709,5.4044404
20816297,4.3170214
16588039,4.304389
16284144,4.91007
9921210,4.0842404
20992059,4.9380956
17152580,4.2217307
7329781,4.3465
6993613,4.2514133
15423779,5.310904
781397,4.2620034
3849226,5.671049
10123617,5.0443263
19040,5.933497
17543831,5.0113254
16137677,4.6847115
9773223,5.1572537
1749563,4.822489
18504196,5.824109
13141460,3.8961644
15115983,4.4717994
10403348,4.4362864
17254998,4.3754215
7052402,5.384198
2277754,6.1393676
755565,5.513682
6001901,5.518869
19220229,5.052601
15309932,4.5845885
7440670,4.3940334
20863546,4.720962
9920792,4.4027863
21009685,4.1776934
5232121,4.1335506
17491711,5.039369
14110352,5.0952773
13412997,4.314643
54325,4.958692
14430474,4.883971
7052957,4.26179
3816424,4.056676
9341748,4.315954
11255694,5.7160892
13397201,4.4087377
9772167,5.094514
9182198,4.4249625
6678707,5.739982
18150524,4.490575
909063,4.101957
8398955,4.9466753
15860690,5.3281245
20540044,4.784128
13194651,5.3931484
2838091,5.1272297
9238507,5.0204096
17041478,4.6990256
13675000,5.3224735
11822406,4.9535275
15817291,5.466374
2608391,4.6536403
11987299,5.003877
7679315,4.702764
6645634,5.015422
12986892,5.352089
6672257,5.7261724
9645073,4.951255
1488584,4.999464
15112932,4.356913
17283514,4.349606
7162674,3.8567102
19181900,4.306045
13279026,5.647056
5103548,5.036501
18237943,4.9048376
17235103,4.3119326
8925296,5.093425
1850140,4.3440294
923725,5.718145
8367125,4.3244934
9943111,4.5250087
12437037,5.003451
19801110,4.886754
11625612,3.3119082
16165998,4.909238
2729395,4.826361
17045357,5.031186
13331143,4.23868
13982422,4.3689475
6030899,6.127393
12412030,4.9880347
3293395,5.6947675
19602390,5.192915
11138823,4.830477
15471122,4.9618006
6912150,4.9406505
21173579,5.133825
16615968,5.3231826
14879273,4.6058035
19050687,5.087603
14312770,5.326558
13392288,4.792673
767286,4.221918
5734753,6.0947447
20556481,5.0174155
3971065,5.776976
13764747,5.1101866
4364789,4.8700037
17572161,4.263629
9183686,5.81584
2220415,5.2969904
13162066,4.3768926
6560394,7.1927867
10407841,4.408056
20014995,5.3226166
3543840,4.2152176
14453053,5.953289
18655581,4.4115863
13083322,5.657584
3584737,5.2495327
6700860,4.9789944
8798227,5.261862
16576444,4.3779006
12422935,4.918434
1993655,4.4821725
4881590,4.336365
9241217,4.6265407
12444762,5.338696
14915099,5.5771666
8792756,4.2050624
9899499,4.682291
9304950,6.2330256
10807858,5.072712
14028494,4.160366
5738011,4.617616
63693,4.410305
19219071,4.8589306
14826702,4.3523355
8308182,5.319794
14165555,5.1019955
541725,4.427461
14835632,4.942836
17910781,4.264358
11084205,3.4029217
13654166,4.330672
14406923,6.0935836
11588250,4.93566
17704747,4.408986
4317357,4.6057415
1743379,4.3869085
6594861,5.4587154
18198400,4.1172233
8167938,6.385658
17881936,4.196071
6240341,5.4353023
10357606,4.294738
18519745,4.8310175
676257,4.2828846
281521,4.286401
980444,6.2539945
4848799,4.3716674
5305619,4.375532
19940925,4.1403537
16601518,4.9847074
16572200,3.5532527
12537940,4.449797
12094730,4.4813724
13779338,4.426414
6972046,4.2937427
13128841,4.578711
7955336,5.0859895
16838403,4.3860645
699594,4.5047584
7065748,4.214314
16478212,4.4971776
12488042,5.0356812
5534192,4.2194877
18052924,4.4467764
4261214,4.5462193
14969728,4.4049506
13526488,5.288629
12827728,4.4998436
13316433,5.024147
726620,5.2722464
13167467,5.058714
14820482,4.1803627
10783912,5.329809
13000020,4.918578
15262831,4.0733724
11868383,5.092501
6660518,4.5317235
3070876,4.273155
17479321,4.0875196
8669988,5.5285563
16427668,4.349306
17004838,5.114498
18110395,4.951426
326357,4.451218
3363423,4.2986293
2931859,5.4246984
12684163,5.705488
13761202,4.11792
15923245,4.511741
15675422,4.503987
19928741,4.8459873
8826129,4.0706525
15433453,5.033962
4163294,4.4267545
18097149,6.2077093
10547752,4.8147206
222601,5.032763
7765071,4.8284297
14892123,4.853038
13940247,5.3345633
4574921,5.650876
6620911,4.3493676
12089006,5.151953
20904517,5.1664405
6363926,5.0340567
13209865,4.844928
14994292,5.5985036
5680378,4.270341
14108420,3.9265513
15436304,6.042774
15888227,3.845042
11605415,4.8426585
5874615,4.8306184
12665563,5.016802
15397612,4.7316694
15052385,5.7829638
239410,5.0167
19280895,5.9310594
17603059,4.301319
10108537,4.385821
6950074,4.351544
9174208,5.9600873
12431352,4.143518
13263987,3.786342
10203622,5.099907
9175286,4.7857833
794213,5.0303226
16416002,4.276105
17967882,5.0721803
8483614,5.2159414
20757412,3.9811027
9715973,4.911812
5526245,4.883424
5942800,5.4187074
13439061,5.2098246
13188022,4.178702
2452967,5.0031366
21794,4.445422
780006,4.179967
9857034,4.968987
4665541,4.977957
12657893,5.501962
3499016,4.7283797
11257329,4.202214
1534212,4.378
18307315,5.3600297
14451659,4.899548
14655794,5.0165486
14883614,4.4660754
18889516,4.5293126
10680564,4.585532
1026592,5.2649107
8370658,5.3013744
3479294,4.528084
1593645,4.6747336
4958693,4.2142787
12057323,4.2235394
17478124,4.0888143
9392104,6.0080605
11495236,4.167272
19624896,4.2523074
277883,4.972622
16173452,4.792522
17606167,4.006335
4082561,4.6759195
17095296,5.060505
9652949,5.2166395
18134783,4.1809616
11257497,4.9557223
15546831,5.2840395
13388285,4.716079
16963578,4.1487455
4963237,4.4007964
7350085,5.154865
16415014,4.409848
18493015,4.4803944
13816365,4.6993027
19980998,4.269586
13814268,4.1897492
10038581,5.1423798
9487892,3.9131916
16300909,5.9315133
7680552,4.750542
1747531,4.5563025
10043064,4.457588
20153395,4.6533337
4237949,4.9769926
646325,4.393872
10930986,4.3130536
16916926,5.148516
20410237,4.4905953
4624521,5.2057695
18549532,5.666487
17134567,5.0914273
13379881,4.3229494
7698407,5.5760818
11923264,5.0113726
8818606,4.3000965
4808505,4.188506
12136198,4.9618316
5105227,5.708918
18003190,4.4243345
16916107,4.2667265
6044612,6.2425537
19913546,5.4632044
15372528,4.3499
13924365,4.1783724
10805884,5.0145473
164575,4.325069
885473,5.15919
7563764,4.9081635
266964,4.5749865
4917519,4.2448287
14608900,6.022982
15536111,4.3657217
4686821,3.9408119
3594903,4.9714713
13896639,4.028424
18664404,4.4908834
5050664,4.906532
6046209,5.1762486
16082711,4.2630973
6437918,3.7492197
8292724,4.7180996
9525911,3.998399
11436264,4.194008
12803718,5.0972595
19872977,5.2930436
6199732,4.775814
16688361,5.124854
18457031,4.4751773
16345911,4.871524
9258899,3.9635403
5551048,5.0235443
6837775,4.5960197
9491760,5.03581
16814803,4.242145
2253949,5.0122714
15325682,4.1787934
4129992,4.9089704
13883334,4.9038844
12403252,4.381569
19143529,4.402974
19568312,4.180903
6628193,4.29181
16736166,4.585234
20817323,3.916499
1617264,4.3090935
493611,5.493347
16620516,4.713676
3703037,4.507865
14236884,4.7741594
5684688,4.6216636
12344231,4.729498
12970891,4.330524
6914608,4.82746
15572532,5.7818937
18492515,5.378852
17039086,5.044406
13466700,4.7488403
17811293,5.127478
14799502,5.0534987
6558552,5.0718727
15149374,4.2127633
16582351,5.0342574
17719704,5.2547717
11532531,4.237533
14240385,4.919698
6761345,4.7146077
12247741,4.9123282
11005957,5.21176
339123,5.267463
6965019,5.091905
16778074,4.168776
4718314,4.8358173
59381,4.2676506
1535590,3.9666464
16350076,5.1540046
17242195,6.152602
11296570,4.4580054
20270705,4.999094
10829760,6.4403524
1358588,4.2167425
19171670,5.681928
8117209,4.276687
5905310,4.4217644
9698762,4.3934402
6374350,4.9778852
10411803,4.3678474
20501444,4.3852634
5057918,4.244498
8411293,4.1186795
14507000,3.9980905
6910305,4.6098204
18049811,4.473701
13172753,4.4602237
7328956,5.4963884
17078640,5.8277297
20847446,4.589369
973319,3.9358346
1936730,6.302667
17514599,4.342186
18296551,5.102263
8632682,4.496569
17965243,4.179271
13774014,4.378421
14198342,4.4171376
4517117,5.689968
453109,4.2962637
7361434,3.9941378
8354654,5.74436
16725685,5.106062
12336668,5.5518665
16289576,4.351758
8369941,4.968304
11221210,6.465482
11732322,4.3156185
1525494,6.3832097
2634085,5.257864
6401639,5.0715423
14402393,5.967561
11601819,4.9471893
9370370,4.3267655
12670055,5.402612
13654824,4.0368834
11421477,4.871901
1732804,4.412838
4867042,4.788422
7678453,4.1209908
8564421,5.5195518
10365342,4.9841413
18376245,4.882268
13621762,5.6009383
13748272,5.3843193
15339227,4.333977
17573036,4.3440113
3999130,4.942315
9458150,4.6867027
7109804,5.355927
11281913,5.0448666
9630053,4.6126018
20495252,4.8524103
10703724,3.720293
4643192,5.130537
15147128,4.157349
21151399,4.442272
20176000,4.9362984
13706563,4.280128
14708737,5.141612
11259062,4.494788
15765087,4.86998
801260,4.7877026
9814508,5.2892685
15167375,4.9799776
9593699,4.986527
7817843,5.284317
4291200,4.075794
9821513,4.818512
12404998,3.9935842
13885045,4.3167667
16276399,4.1967645
4774190,5.0125155
1177395,4.3405952
3594588,4.1969094
13979519,4.891755
13867878,4.1006966
15550886,3.780759
15865251,4.4024844
8872571,5.2741556
8089329,5.6412654
16518099,4.3726635
15581030,4.407119
669955,4.8166327
744096,4.0470395
10356764,4.162534
16615650,4.1216955
15394184,5.4897013
19699256,4.3266463
10158286,4.611977
1013648,4.2679353
13282553,4.742288
7071934,4.920199
15282411,4.681671
10730279,5.0302525
14068882,4.9888735
11165109,4.253382
14590480,4.269317
16178751,4.5383134
5386565,4.8356047
19785687,4.0476956
15988225,4.697034
15275639,4.629396
1201479,4.367037
16961210,4.2530317
6437262,4.5747848
15236748,5.3814945
6651156,4.0126667
8031823,4.823385
15044173,4.5207334
8187354,5.285952
15220582,5.1849527
18041519,4.4545465
10427581,5.174418
17332070,4.8536925
5519207,5.926378
9233068,4.269916
1072765,5.295342
7964931,4.4816685
17281592,4.568992
1391819,5.698414
12322923,4.178458
796232,4.563318
20269586,4.1519194
1106555,4.589856
12836808,4.993136
16049215,4.973391
13585495,4.647262
27659,4.6310196
7062446,4.9007945
1507840,4.8514023
4224505,4.910205
17649499,4.9820395
12272849,4.430075
13899611,4.368361
10944046,5.0034966
16084355,5.17108
17492764,4.618362
17137781,5.0414257
9504684,4.642207
16580343,4.2663655
5423597,5.5592866
7524042,4.3845067
810830,4.36983
257588,4.267361
17779833,4.0882444
580943,4.1595063
12209186,4.3214183
17340683,4.991978
1970308,5.5441947
8213152,3.867337
18505106,4.812456
3917007,4.3712654
15322697,4.8801026
4326065,5.088195
4145874,3.9187841
14183568,4.6808467
6758878,4.3955946
14181776,4.3397727
5293817,5.0685973
6965353,4.758102
431632,4.2408376
13504933,4.6053214
16394224,5.5321097
10041830,3.9351354
18765384,4.9458537
8337362,4.5760064
639111,5.667576
17833561,4.315815
10247089,4.9093204
2847596,4.837863
6766511,4.479538
16346945,4.7113857
9823143,5.6879463
20651217,5.5280137
7831486,4.336397
14828451,4.5624394
18859411,4.5657363
10769149,5.326364
964167,5.608182
4631412,4.8919015
15466140,4.543412
16691404,4.9254856
20237047,4.716062
20438506,4.436018
12976716,5.217159
19292333,5.740451
17559493,4.279808
3246480,4.528963
14610609,4.5025983
16437565,3.8999627
6787180,5.4865055
5961202,4.299842
15654101,4.2399845
16940385,4.575257
13479810,5.1555185
8952526,4.5204906
9536092,6.015262
8580918,4.4510202
8754339,5.110142
15463060,4.817282
8902472,4.847291
16814818,4.4560394
21174008,4.807237
7938761,5.040921
10281233,5.5897355
7710101,4.3400493
4710310,4.457588
1208928,5.061229
20697709,5.045297
4387007,4.8769703
327521,4.833252
17573004,5.1827173
7665979,4.622382
15069489,5.4311743
2083347,4.3484545
6361102,4.173372
16060285,5.7251577
15604857,4.9818687
11661652,5.1678123
7735518,4.425835
11760628,5.1550674
8605739,4.3187323
14360109,4.4181304
16736363,4.2958436
9975282,5.0192237
6693305,5.3982053
17527694,6.0530663
7967982,4.858454
9738070,4.9209876
1472009,4.7943
10122089,4.160906
3371770,4.265387
10568730,4.8147826
2288762,6.118067
8830120,5.3860073
19677185,5.9191604
18567743,4.6845984
17356049,4.874262
11760186,4.806625
16554873,4.8632145
12972040,5.4594316
12186697,4.2493844
13450544,4.426954
18250284,4.3456554
16758308,5.7343283
11889977,5.2440815
19141428,3.8487988
11637578,4.074069
7310097,5.5446267
10102510,5.5182858
13701719,4.975581
13713886,5.570709
13223726,4.570335
16616242,4.4873323
16115090,4.7177243
6425382,4.472634
11718955,4.790505
1162640,4.993243
938821,4.235969
406932,5.0126886
8501323,5.529828
15718623,4.3793826
20395737,5.6294265
7711451,5.8967996
7391213,4.97649
6201900,5.1925626
12831159,4.419164
17962960,4.842859
12891430,4.4767637
5251719,5.036732
14728306,5.165947
8542461,4.11622
16362150,4.6479526
12089485,5.003791
4848075,4.925332
6955434,4.349053
11032614,4.11591
16575174,5.0302396
15631376,5.041743
8322478,4.5345793
12955756,4.5158854
13249335,4.146037
3775090,4.975269
11413391,4.5741224
14151856,4.2141337
11225342,4.9712596
4792495,4.024972
4089954,5.0818615
15734466,4.4257193
5969210,4.168365
2514814,4.678063
1966740,5.426264
16286570,5.3474183
12710030,4.8964396
14884687,4.1440907
15433822,5.2309995
17860823,4.1649666
15194854,3.9852183
9510417,5.3899064
15192145,5.5065947
8701226,5.074382
3757461,4.5202928
16826074,6.001733
16071415,5.1639404
11989606,4.585597
856123,4.8085165
9565942,5.250424
7546927,3.8553581
873633,4.5455794
7070958,4.9750805
14558311,4.3143063
11778488,4.0252786
18942329,4.9060054
16781755,4.9749565
14075504,4.7663198
16382840,5.1695514
18239539,4.1214447
13803815,5.0490026
15657259,4.630752
17450205,4.376444
15042259,5.1531744
12253459,5.4715
20519569,4.5236135
15954428,4.489887
14840861,5.9803634
16233350,3.853335
7326082,4.208992
19785854,5.0789967
16858996,4.901441
6473307,4.7688932
19113235,4.9620667
10040930,5.1739063
9548899,5.1397986
794281,4.695377
20919218,4.4207716
17699790,5.239981
21017129,4.1776624
13762269,4.4275494
10193343,5.329058
4668681,5.3835053
17131,4.8345723
16288358,5.68763
2022920,5.2143116
9685844,5.1622148
16259102,4.872962
15453414,5.0975595
4866426,4.4032855
16333772,5.2162166
9927553,4.1189137
10010845,5.1033382
1787771,4.279618
6678367,5.1304
2093182,6.659597
11788559,4.0438957
8266641,4.3271523
8195360,4.1712666
4532221,4.4295554
18872495,4.746255
16381453,4.2699475
14083503,4.6705627
4903029,5.585702
611542,4.717522
13167991,5.729915
15935256,4.8585305
16043093,5.663681
566968,3.9045575
14028986,4.8062506
13811664,5.195994
6903051,5.3701143
6446853,4.6599364
3206180,5.1586204
21171230,4.869459
5765547,3.885743
15020324,4.1455727
20896775,4.567066
1160233,4.336699
7700393,4.9102225
7461502,4.304264
7652640,4.4209514
9064709,5.1256433
20785776,5.1575804
3101504,4.48288
1354775,5.855771
13783491,5.3341947
4333455,5.446777
6077948,5.784337
13114542,4.743134
7876210,4.4390373
16687380,5.540441
17573621,5.0560627
4629566,4.5550165
12367873,5.1627455
12567769,4.1318617
11970285,4.435415
9724452,4.333764
13696003,4.1244054
7262068,4.969121
3727061,5.1270447
14493950,4.8668156
18760070,4.166559
12775020,4.8722086
14726839,5.6795073
9936262,4.8410463
16110414,4.2930408
11640278,5.1406116
7998525,4.122631
363673,5.2301817
6133578,3.9220383
16742483,6.043601
13684502,4.3259506
12985509,5.604331
3213813,5.4220366
17583116,4.7223396
20573610,5.016756
15394902,5.2191267
7086825,4.639021
19333479,5.118771
6187183,4.3760037
17416959,3.9142869
3978632,5.334341
14749713,5.649908
5455004,4.522752
12734234,4.7253423
13251757,4.186545
9597258,5.632364
4447996,5.5570593
12022098,4.8592377
14009735,5.6418505
12109812,5.0075474
8052205,4.800528
8910975,5.5992503
16193292,5.272862
18960193,5.2631984
16376205,5.531931
15887436,6.1319604
15774629,5.0407996
12882914,4.4517407
1290935,5.1394854
14203428,4.8018265
11616727,4.286038
11339109,4.626399
11531322,5.063146
17909014,6.490475
3916685,4.2945256
17511648,4.3063135
15495164,5.497554
13559939,5.6817846
4417912,4.0063267
16405360,4.6411223
709690,4.986976
8569922,5.215991
3980863,5.0489936
14980174,4.7506
7920629,4.9165115
15614302,4.2401147
12950608,5.1813283
3485073,5.4651084
15954187,5.2505603
20584333,4.7500963
4322990,4.5540624
14319478,4.139646
18433384,5.5640154
6545449,5.094166
16453576,4.9320884
4950629,3.9734547
16768781,4.803456
504437,5.060375
213330,5.367146
7319641,4.1711435
16164283,4.580288
512210,4.7920055
13017185,4.034202
276120,5.056984
21172466,5.046658
11475711,4.7903147
13135057,4.8607297
825486,4.4393287
2318200,5.5830946
14375153,5.658889
13463943,4.235466
19529637,5.625312
13590509,4.162354
16071883,6.047379
16738220,4.328112
16199739,4.2363486
8186958,4.232407
20768833,5.5277853
15805709,4.1363854
9473646,5.8024645
20285586,5.416943
18047767,4.5142055
20175817,5.491753
10221874,4.212291
13896071,4.760392
11258033,4.3320847
6015706,4.106818
1491991,5.9769006
3810839,4.3863654
20234321,5.817757
3441949,4.346613
15957963,4.887273
17824351,4.5540223
7854426,3.9959671
10496900,5.105392
13217577,4.346907
19521520,4.2250614
17173982,4.2690034
17670690,5.5881505
55470,4.4559946
11720071,4.36255
8800628,5.245284
19100435,4.4202137
14397750,4.6835866
15561757,5.023241
11566230,4.1696157
15268284,3.6725547
3131982,5.662739
7387950,4.9471035
8504666,4.119996
19963366,5.0598264
13043029,4.4966598
11528631,5.254236
4908452,4.3967247
17420647,4.95981
5341379,5.349627
2441167,4.3916183
12826811,4.651916
18460674,5.2978835
16071519,4.39974
13841711,5.471866
3946239,4.3722043
15254173,4.0935264
6345940,5.191712
17477588,4.034873
18650569,5.5601296
6628117,4.7775955
1257183,4.5216823
808830,5.5794897
16963374,4.684179
9382824,5.252412
1677768,5.312163
12072765,4.2515063
14011434,4.40768
19573782,4.595007
8841646,4.4223347
19428065,5.688711
6462046,4.121081
8213015,4.3023562
9758987,5.1169987
17406384,4.853456
16417616,4.627398
6561509,4.9269323
16416006,4.892066
3523001,4.852618
1688711,4.508238
6077178,4.163482
15584368,3.7455256
8662954,4.8134284
7697664,4.8598933
16617893,4.2227693
5383191,4.667838
16352725,4.608882
9147025,4.752616
13099545,4.4838758
5751316,4.457121
17701738,4.9608197
17283230,4.9137955
12738836,4.986257
2053940,4.742349
16404444,4.920893
12630490,4.318783
14997426,4.570826
13878195,3.8201056
16031340,4.9190755
1876810,4.3139796
7775924,4.2218027
6466299,5.028546
397034,4.372914
6252815,4.555255
10543751,4.453936
18213333,5.4396834
18097060,5.347099
1454258,4.881768
4128342,4.513632
4501410,5.0652313
16839962,4.694306
8593798,4.975506
14406693,5.050555
7040669,4.178793
8735325,5.4086666
4794475,4.61396
17635861,6.2429814
5307406,6.135307
13092407,5.1741247
6327196,5.048845
13082319,4.2061033
2478944,4.2885933
8219648,4.383137
13413210,5.075739
19623944,4.3149176
7562345,5.208401
9777511,4.1991477
8775,4.3081207
14406807,5.8194036
11959165,6.970942
13418681,5.063553
1589073,4.240473
17165441,4.3659143
4842054,4.800049
926060,5.0126877
16102409,4.9865627
10691240,4.3336964
17405370,4.7352886
13297711,5.101146
14268636,5.5730314
4601637,5.240786
16039976,4.5150537
6969570,5.9898214
5392759,5.6066318
7133323,5.292396
5535096,4.3050566
13066306,4.879444
4874687,4.080828
19270578,5.420906
5144164,5.8264465
17753127,4.38566
980674,5.055426
3030247,4.1651425
944755,4.2362366
7689528,4.778564
16426176,4.9386945
7514235,4.9280024
12956823,5.244786
20321862,4.7875905
15546103,4.992647
303694,5.84658
7288168,5.3327937
7804958,4.7623625
3971534,5.3551598
6884254,4.709148
20710255,4.960119
2586484,4.3031454
4125398,4.358814
20650014,4.121346
7939866,6.3518095
12832227,4.1734605
6787310,6.001865
10164810,4.3749704
19547068,4.1098185
12680171,5.552397
3903173,4.075624
3398697,4.6297956
12336386,5.80433
8174115,4.192183
7038985,4.865245
13997385,5.101816
258814,5.175261
8520668,4.101235
6866356,5.022718
3674757,5.0417404
5179785,4.383064
2516036,4.792636
7659042,5.4721127
4862347,3.9415712
13308629,5.1622314
18221864,4.388098
11059932,5.2482047
5783197,4.7385325
9077858,5.177012
11010086,5.564584
18377036,4.174318
15422844,4.4659176
9315797,3.8481772
1110195,4.416502
946034,4.596967
6186079,4.0530124
7720975,4.311968
8034317,5.1050153
19246021,5.1881404
16073408,4.096959
15407094,4.1150823
4088506,5.1410785
5843,4.8066893
16527719,6.1364837
5202135,5.1479273
17921473,5.277425
18878402,4.304985
7327096,4.3637543
6645543,4.2228537
15830500,5.1416774
9241956,4.1754227
11769396,3.8070128
7323097,5.668628
17514778,4.989399
6655683,4.5042496
2816626,4.346435
20174316,5.866793
2594434,4.171841
17332774,5.1107664
16084384,5.3786483
6796530,4.7765856
17191621,4.885104
4482409,4.857975
8943358,4.3196588
3012149,4.7357464
564649,3.9348478
10566503,3.9663308
821996,5.765659
17903287,4.9670277
18449296,4.1373305
239883,4.3833556
14801247,4.8524218
18112402,4.013674
14848976,5.1852565
17300178,4.071714
14189988,4.088318
3868052,4.892521
12850186,5.8495383
9561708,4.8340077
12204677,5.0033145
6986600,4.937326
754117,4.0540314
8598730,6.27727
6089016,4.4474134
4309643,6.1379642
1305602,4.5555954
9813715,4.371471
17943194,5.6110926
673760,5.0488844
14678835,4.252081
11761315,5.017523
16314419,4.557063
15972862,4.3363605
12593225,4.691306
2618997,4.520242
14554716,4.1265326
9670767,5.385934
19929006,4.464184
20302991,5.271384
14223837,5.4551783
10542347,4.191418
18689588,4.647265
9976550,4.140934
1313340,4.1453977
3898625,5.941474
13171740,4.6875486
13960026,4.1030254
7637980,4.3518453
16178501,4.6877494
10874971,3.992439
13623770,4.25374
16515900,5.13235
5750696,5.341511
7760015,5.327131
18266400,5.0604887
14297269,4.902317
3375448,4.891855
416108,4.402081
20743305,5.247201
17721658,4.378653
19624742,4.8419027
12806777,5.173022
20379828,4.42876
15357515,5.1604643
16776935,4.7397966
19173476,4.7559137
14964080,5.046083
6004659,4.500029
14487218,5.1541114
7362102,4.4789395
5856838,4.8779693
4405156,6.129412
2071140,4.8556995
17778004,4.964212
2747058,5.491074
17048815,5.117253
3485758,5.099245
16275903,4.962379
15638567,5.2454395
10925179,4.8868313
13894648,6.5353
8797770,4.339135
17876926,5.5346704
8016138,5.2240634
17971100,5.2303762
2337333,4.924169
9272493,4.324646
15066701,4.0841107
7343512,4.319731
8014950,4.252176
19361786,4.826555
6425071,5.0414224
15239732,4.0695186
10983426,5.0111246
20362385,4.29346
14320181,5.173229
16814382,4.990065
3059383,4.7021413
299030,4.551098
18246166,5.5652657
15476769,5.3118944
15752571,4.2832007
16929727,4.308654
6640144,5.484258
10769176,4.359811
9406789,5.9488587
541535,4.8433666
18353672,5.6661043
11571391,4.687787
6400264,4.8239384
9513357,4.4212465
20818936,5.1039863
6242600,4.284528
16272643,4.4355993
16391484,4.896199
18787961,4.9839272
4126565,4.5138583
18617227,4.4433517
19806972,4.5815725
17387776,4.8350115
19830215,6.2017674
14887088,5.0292916
14708,4.7402725
18342361,4.384179
5967489,5.1545167
20213732,4.9973874
3930878,4.9140224
20193058,4.4625044
12434717,4.1753526
12784291,4.6972
15471316,4.7456465
20692462,4.3120246
20607037,5.1655097
3623946,4.9589577
4546712,4.052855
17295448,3.928709
20058993,4.548841
15532523,5.915221
16219227,4.1415477
7410502,4.253663
669972,4.558105
6347756,4.6213703
16541000,4.496129
10227627,4.6722736
6925633,5.099132
10052622,4.149023
8792086,5.114976
14572499,4.195192
1628564,5.086489
17298939,4.2687497
16070252,4.2475195
20608757,4.5032344
1733056,4.939142
8615062,4.539916
20649927,4.373481
15552913,4.575485
19944880,6.3411837
813573,4.9353657
4404400,4.4187827
7211758,5.632828
20680564,5.4858108
17921621,4.2643747
2601226,4.693503
7247703,4.364569
13191964,4.5876446
5694197,4.937861
19810585,3.107919
18358437,4.9077406
21218751,4.2976
18087564,4.302433
14262713,4.8411965
16981121,5.3499475
13656241,4.464874
3793003,5.0855384
20863293,4.122098
2367089,4.4444947
20459297,4.3326516
7841886,4.557593
12025397,4.8755035
2391218,5.630023
6832821,4.729977
19345504,4.2126317
18996087,4.274758
8408085,4.6330986
1782872,5.0666656
15517080,5.9243197
4963638,4.702947
13810190,4.5753374
4914003,5.044
9186655,4.962977
1275498,5.514042
10753552,5.097839
15222000,4.784058
10449807,4.662586
16726544,4.9826865
11498476,4.3422847
17900243,5.0955224
839336,5.6606755
13685577,4.9279785
10978189,5.297094
16015050,4.9720907
17635928,5.9619794
1326629,4.686901
11192104,4.1980023
7897229,5.025081
1699874,4.8218145
7798559,4.510914
16289102,4.4885464
8582967,4.437738
18237383,4.865753
3654688,4.551857
14536666,3.9781976
10634364,4.693652
18156088,4.510584
15100330,4.3385496
3302730,3.8703594
18091036,4.304351
18932405,5.2553964
13685932,4.0589185
1774269,4.6634398
18568009,4.903548
4308633,4.2482557
3478771,4.272937
9576478,4.627268
14352139,4.4337645
15177167,5.0021524
16721859,4.0768323
2672332,4.8641257
12535415,5.5668583
20153703,5.249256
9918963,4.4101434
6524515,4.2653027
4589159,4.8690543
5875384,4.402205
12685516,4.791555
20067104,4.4123836
5927267,5.237042
18588397,4.0368032
7036435,4.463702
15872956,5.2472353
20850678,5.877096
13739108,3.9117358
10460271,5.873697
21004740,4.172843
2520075,4.819256
17992761,5.514207
10322621,4.526447
127387,5.2075524
19326257,4.656631
19198552,5.3368444
3465972,4.734611
6923031,4.377364
13507664,4.8601356
12916545,6.4016123
11145640,4.930404
17973686,4.3601537
5065276,4.893608
9407895,3.817639
9288411,4.863474
3506870,5.249231
5194346,4.556292
20458959,4.5410967
20149300,4.94116
15701562,4.748668
15579683,4.3660445
1971570,4.364051
8091463,4.922975
4098814,5.5395613
17973231,4.332746
10140368,3.669282
17619741,4.0070972
775280,4.131788
11792072,4.0829945
4922204,5.1160693
8486165,5.3198295
18224656,4.8823156
8388864,5.01572
13064336,6.0304227
12783330,4.096387
12310916,5.1008706
2629076,4.7620554
18152017,4.96385
8054651,4.8354177
5860799,4.803865
7475552,4.7866015
12367315,4.984313
5968423,4.304666
13394184,4.3739767
8035074,4.2982154
1943502,5.187906
16723323,4.443433
18482568,4.2924457
16194283,4.7692256
728486,4.7583766
20580227,4.7081103
11743921,4.2380695
16750558,4.506308
6648187,4.1641335
11420878,5.2158732
13388422,4.5873303
4749216,4.0712624
15408605,4.879057
12257105,4.5414777
6779562,5.184013
9033568,5.063074
14057802,4.552919
5019863,4.66171
5652946,5.099538
5153624,5.201979
5833002,5.017931
1365597,4.9802556
21080291,5.1763434
1546833,5.005301
9319688,4.120642
9234100,4.3244734
1656336,4.2844357
8324941,4.971142
21020048,4.526087
4950160,5.0766196
9384919,4.1688156
17651103,5.293942
1073780,6.2809534
18809473,4.268414
7472465,4.097797
13508766,4.679647
13394404,5.4986115
7219012,5.036962
13753292,4.194778
684310,4.234069
13191065,4.765657
17982304,5.2472544
15419747,4.228072
682159,4.444358
9114249,4.162093
15989188,4.9110637
18194839,4.9692945
13864415,4.278078
18701355,5.062353
15411459,5.7763033
12591362,4.7866397
20236280,5.034021
14009450,6.1550064
3928458,4.358414
15666965,5.2488103
14808890,5.118045
5632356,4.557363
7260601,5.0296397
3966626,4.367075
17383677,4.00654
1189738,5.3676624
7024079,4.2030888
17962569,4.661413
20856610,5.456476
15166160,4.7584
15519813,4.3400135
12589926,4.882302
17342599,4.485019
15604452,5.612512
7824018,5.0897856
14096583,5.117666
15406357,4.962506
14178037,5.033638
14835009,5.807295
6992667,4.9467854
18022235,4.105113
4865454,4.769332
16710629,4.8377566
15302248,4.2493553
19623349,4.472155
14815427,4.474668
19123833,5.1203
17005665,4.064355
12705874,4.129257
4874768,4.600882
16148992,4.7637367
12380223,5.2739735
16598840,4.195534
9616086,4.3619533
5285358,5.5774064
1251681,4.8725495
1489157,5.0423346
4757837,4.7753077
19346500,5.040803
9757167,4.4895964
20456058,5.0818076
7263042,4.7659373
2084393,4.816538
337928,4.3259797
6587661,4.927262
7381893,5.8071256
17477606,5.0941067
13672711,5.310049
17237070,4.121653
11049502,4.077455
3384323,5.6681743
19768762,4.866159
13489234,4.4623632
15206253,4.394674
15974796,5.008994
981494,4.1022
8671686,4.808873
10038536,4.915941
13698284,4.1639185
18898768,5.018747
14854053,5.597725
8251228,6.2718086
4026354,5.789469
179670,5.029204
13882748,3.5545535
20332071,4.883943
6898985,4.019508
14357868,4.1841674
17700246,4.045062
15185932,4.914235
10107386,4.519395
9793177,5.2178917
16254980,4.440148
8673594,4.2727523
16431962,5.318107
16056284,6.000964
9612883,5.240837
1220971,4.6881905
20754725,6.096321
6292555,5.3921885
4099682,5.0963874
8068089,4.995421
12451721,4.515075
13847467,6.107397
2628191,4.8265576
2033421,4.6059837
16273883,4.6026654
14864685,4.6050696
6854069,4.204881
16285366,4.223863
3629381,4.7098074
14402857,5.0865808
940046,5.1944222
6692571,4.0092916
714029,4.77609
6967723,5.010272
14070652,4.431129
9059397,4.8666024
8975105,5.415331
13093904,4.65947
14522716,4.8065567
13140867,5.433711
18446357,4.8480525
7499179,5.0596113
6079197,4.398151
18872005,4.9525137
27644,4.4512725
15228692,4.1957655
783359,4.2477922
16774532,5.118732
20930125,5.183305
8827052,4.951559
11778189,4.4905005
18045023,4.4103336
9676254,3.9241757
14335190,4.3747673
9624825,6.679994
8164402,4.28914
7262304,4.3890843
16838085,3.9701316
20708619,6.003005
9691842,4.7374687
21136731,4.7888923
12384293,4.6421556
9076691,3.9585075
4060503,4.1149063
2755909,4.83461
14821603,4.161495
15359306,5.7355404
814971,4.61017
2474857,4.407988
20590800,4.806261
62095,4.1557426
5178,5.1213846
257601,4.715135
16798094,5.026757
4707667,4.815626
5212321,4.653803
10414683,4.6109576
3420223,4.3382626
9050144,5.149115
6268082,4.9055667
21066623,4.950549
2942211,5.223928
14536346,3.9906678
20982712,4.251936
11506990,4.566658
13492584,5.37575
19620699,5.321097
13204229,4.3632994
4848983,4.502106
17693,5.021389
21021937,4.6500416
12916138,4.4897943
16389860,4.4528584
10502443,4.9441166
4824808,5.032138
846655,4.0553775
13078130,4.869109
18980106,5.2301307
10386084,6.8489094
6391780,5.4783554
6761607,5.5952315
9775642,4.783183
7886308,5.948797
16862325,5.0855193
267820,5.126908
12382114,5.0573926
6005980,4.482619
15059257,4.8402996
5860752,4.3963766
17694795,5.0865064
6079747,4.126911
7475379,4.5260673
16462791,4.1776986
8844652,4.3843217
16375084,4.7254643
17143591,4.935299
18460660,3.9668655
7367796,4.298822
13601867,4.932275
7643927,6.4384203
10118379,5.090935
17136670,4.868081
17803183,4.233923
13244254,5.1521606
1951345,4.250672
3849796,4.2433834
7808346,4.3587384
19606485,4.3298793
9540193,4.8927894
9301562,4.8581953
20640268,4.7857757
3907071,4.3419147
1178106,5.022096
5488107,4.5285945
16928560,4.154846
20570202,4.0797563
13577929,4.788547
777327,4.7145405
17031869,5.776693
13266063,3.8176496
20563658,4.501101
14685769,4.9778337
17011121,5.0010824
9975625,5.0526156
11475865,4.0240293
16630434,5.2766404
13944019,5.17689
465277,4.688021
820710,3.9719307
15360787,4.6844015
5076531,6.052141
17829984,5.185451
19081969,5.7573824
16751874,5.1087723
8167459,5.488286
10770670,4.341839
12623927,4.2564435
12917766,4.295411
17489254,5.4151297
8194457,4.414316
266566,4.8437114
12502509,5.0944004
9793542,4.429854
16884027,4.476933
5774039,4.579239
5220930,4.232868
16664524,5.2136917
5318528,5.797182
16555435,4.219176
16785643,4.294676
2254431,4.708742
62427,4.47424
20999485,5.1580257
3386696,5.069846
6952639,4.326448
802851,6.3275213
8524504,4.3699346
9542872,4.8301187
15310580,4.863003
196090,4.226162
19681887,4.6344266
4687499,5.2898107
19800416,5.29732
20155597,4.049103
16829602,4.325493
16652342,3.7707312
10859700,5.3200045
15221027,5.328344
19162983,4.094799
15604781,6.366087
1213696,4.2347465
17948042,4.21554
1914817,4.3109064
7647687,4.0675716
7021263,5.049543
16497433,5.6094427
9393674,4.53491
18310838,4.896111
12000916,5.615861
11758885,3.8864555
3290706,3.709465
16122861,5.013367
19404978,4.7388005
11968958,4.358893
15430972,4.18784
1941216,5.1183486
21140004,3.849802
692383,4.984226
2515629,4.3700085
14467915,5.068792
16284255,4.0951686
20204577,5.0362635
6348721,4.1699715
8937241,4.892054
527226,4.122264
16215126,5.01897
12290567,4.0867686
1773966,5.497956
18295538,4.908823
16351428,4.378345
15722001,4.2848344
15533905,4.3345017
20170239,4.1393776
10343816,3.893866
9513587,5.2196836
18476541,4.355624
10545027,6.012809
19932392,4.2202015
795198,4.8166575
8131995,4.380491
11984568,5.645273
4823529,4.5751925
15496178,4.263079
4106488,5.6174245
14012883,4.782408
20916911,5.2961197
18125210,4.1397266
13347417,5.5382047
14073969,5.0895987
18568924,5.0105734
3139246,5.177713
9971730,4.9544406
13307580,5.1066666
752202,4.9094515
17702071,5.4359174
1039215,5.1037507
1363817,5.563572
18157468,5.254693
15556107,4.094946
20057330,5.017842
19698772,4.65697
20635128,4.371807
1550146,4.35437
17333488,4.914334
9943258,5.0872254
11353590,5.6159935
8371,5.3437076
20906522,4.883161
20998550,5.235484
945348,5.6652827
20268079,5.4630456
11386890,5.458512
18516830,4.0038223
9238523,4.692971
3874726,4.744247
13415925,4.2328954
17094877,4.225562
8828796,4.2316995
2474009,4.129352
18426530,4.943133
15980784,5.3826375
248791,5.5857396
17136662,3.746194
6027467,4.8272285
8167266,4.9071026
13970606,4.896081
20010406,4.811117
17749477,4.898558
18037723,5.6466064
14276659,4.543123
8868954,4.2086635
16216469,3.998219
18309484,5.078328
15936959,4.349649
496095,5.493238
9062564,4.3199854
11260756,4.410168
13452357,4.720951
19330844,4.4716387
15774482,4.5347815
12649361,4.954958
15143237,4.677318
16001856,4.6759515
6363321,6.6870513
13883171,5.2051196
5022295,4.2329307
9605516,5.179815
1985338,4.3721886
14367406,3.9097974
16259495,5.1177816
9788564,4.9899993
4547143,5.133239
3662,4.2644224
18734230,3.9829342
17463797,5.1022635
29683,4.660337
18705200,5.370469
9977717,4.380948
15188238,3.9372325
11937692,4.4652977
16305055,4.908123
20786519,5.788381
6603756,5.6650767
4121097,4.068468
15914701,4.9003158
16855685,4.6114626
10728455,4.988354
11047173,4.636249
9247018,4.385412
17332569,5.497197
6045926,5.3088765
4721439,4.537496
9837193,4.0804987
5978964,4.624045
17510648,3.5406637
12711232,4.1512213
14731531,5.371386
8191166,4.1646714
17545953,3.6270115
16380979,3.8623435
2715269,4.067719
19910558,4.1762104
16652293,5.4426436
14937023,4.6610603
2847652,4.3664927
14906904,4.107697
15958215,4.697046
3782958,5.068018
16769092,4.672737
20282569,4.2363296
1633225,4.2198954
19859179,4.464879
8069279,5.047496
10000073,4.4701543
13541421,5.1805534
9236807,5.5796156
1962115,4.022736
498342,4.939369
6416081,5.1958814
20483728,4.0683713
19038275,4.450967
17671676,5.23439
14233774,4.8672037
17158784,4.021252
5303927,6.4085765
4753639,4.2408514
8813307,5.226964
13928652,4.999132
2735710,4.837026
6691367,5.193698
2635772,4.3024683
8985904,4.0841055
3106872,5.094525
18493211,4.766561
9409367,4.7669797
20137739,4.913534
16323065,5.878083
1308232,4.552051
13997539,4.9116287
11927848,4.2138023
8341669,5.0711966
1617477,5.233667
6273745,4.6456122
16468116,5.0922456
16645620,5.4517307
15404685,4.534093
10971010,5.833966
8121643,4.886409
4069626,5.1511507
3424948,4.419608
13281024,5.9254737
11283918,6.033591
19437268,4.328916
4998579,4.514202
9705782,5.037831
5280163,5.1602273
6334824,4.519104
10512932,4.762587
1854391,5.970151
9969898,4.428151
14011738,5.8743944
18015606,4.826952
12970748,5.595854
8504036,4.379648
14252982,4.01326
8994363,3.7176933
20308199,4.4392576
9300634,4.38679
14250043,4.554155
12901078,3.858247
2483350,5.6344438
18190894,5.2886324
14461498,4.5065765
12274336,4.9754395
18522547,5.2182174
13531999,4.406684
6416545,5.6709623
10473730,4.229148
4564840,5.811567
9381449,4.6712413
17654571,4.244938
9478214,5.436993
1091840,5.537173
12792132,4.6998663
20057450,5.1379194
9315622,4.9868636
19523121,5.20252
20929420,5.2685366
9426418,5.3792267
7834158,5.3205643
9458372,4.3444667
11275053,5.1373367
5410899,4.3603044
5715079,4.323409
16652163,3.982002
6452132,5.8619504
481022,5.097774
13640454,5.6855555
20074013,4.543702
6846573,5.1559515
17046700,4.633412
14968403,4.6073256
10098890,4.528963
4044625,4.6117473
15344579,5.197216
7047329,5.406665
5511917,4.5089183
4777199,5.4637933
12493647,4.3199086
13356413,4.4651055
19737860,4.268064
13202797,6.2092924
15071892,5.640687
2092905,3.887175
13020797,5.2756042
6558837,5.2267413
21104715,4.5206017
17046848,5.727647
16312601,4.9158583
7637797,4.3418474
14567341,4.2560687
17480175,4.686727
14399901,4.2755885
13164204,3.9856129
11636784,5.0437007
16252094,4.9765286
12567935,6.041171
19833001,4.485644
11670741,5.0121293
15814231,4.6257615
10413878,5.0864906
10287680,4.1541224
7263572,5.0769787
13453143,5.0946136
14547270,4.366639
18615372,4.7179136
4841840,4.1875544
12603918,4.858757
2576777,4.8249345
15026535,3.8157694
13576433,4.9165864
7983560,4.778806
13020571,4.519077
7125107,4.2589564
1276760,4.6938024
9613130,4.973636
17177068,3.8223407
10939255,4.4716387
19839026,4.888146
17620962,4.706656
4055607,5.392332
4094518,5.3053765
19348139,5.54653
4093498,5.2546515
13345154,4.841564
5070285,4.745146
13208685,3.8303902
17829241,4.1662455
3569774,4.1911793
12382,4.772877
17851246,4.0845375
3084409,4.0580277
21076367,4.3915863
6812162,5.7980533
3290619,4.7157025
9615209,4.165826
15096656,4.128445
8422398,3.9854238
8186924,5.1826735
2698206,4.5768323
6638377,4.7473073
11825529,4.8815665
9737921,4.9548473
6144468,4.4244585
4637053,4.533767
6723500,5.0853024
4117743,4.3972225
4823682,4.9644413
18794192,5.4764843
20933209,4.350738
9110708,4.109761
13637689,4.164004
15808501,4.2966495
16153590,4.401556
17287421,5.0929
5846654,5.6277094
12175473,4.561517
18933100,4.5630407
19566311,4.3336964
5219028,4.4452496
18359256,4.1459136
19118005,4.661135
19674739,4.399525
19206558,4.642932
12755310,4.3334713
6758402,5.3941526
16118816,4.4998026
12367864,5.3250933
16626994,4.494897
7789429,4.4715962
20522863,4.331181
19019325,5.0868325
12471348,5.267839
473592,4.782676
13884932,5.6114674
17651864,4.6265483
15723889,4.0559363
7153171,5.4894843
2998112,4.2375946
17805689,5.987074
13297765,4.919914
11281960,4.709118
1092093,5.488287
1122014,5.500163
18338719,4.2243366
7931882,5.264111
14803907,5.1182733
7989669,4.7068167
16084468,4.50895
2298233,4.7819996
14483603,5.049231
4380030,4.628569
14824492,4.3270106
13021970,4.4996824
15286045,4.1559772
12849364,5.2146783
15287376,4.018239
702578,4.337037
548133,5.262454
114203,5.3909254
6660330,4.3573694
14384342,6.1864424
15466816,4.920168
921441,4.9550877
4824847,5.8178945
10541422,5.125486
1645867,4.5252953
6836730,5.2692375
14069903,4.2764626
20737830,4.1848636
12389378,4.910916
20673515,5.6321454
276317,4.8898435
5578778,4.325057
13301214,4.750075
9944018,4.956264
8148417,4.325897
17254296,4.8290806
13168631,4.2841253
13153886,4.509141
13309667,4.5526776
9110554,5.515905
21019508,5.0129743
7866421,3.7301297
13077720,5.495706
5750941,5.074895
17237082,4.1490564
13438949,4.5881095
536985,4.1072645
13878820,4.9052367
14707023,4.326704
9696833,4.379716
20352608,5.97682
10009762,4.973048
271114,4.5752134
13175223,5.3144245
8405099,4.5691047
8826603,4.455934
17926947,4.1175666
19845214,5.063474
16651057,4.898978
13489891,5.1899962
880424,4.1992683
19120020,5.9389167
4711070,4.5091286
4171526,5.7430086
7262337,4.8537188
18617676,6.625659
6924400,4.9844475
18088516,4.783942
5969549,6.4248757
2707450,5.2678256
21042395,3.5593345
2273473,5.2541866
18309362,4.985121
19676100,3.9441478
13079659,5.7768354
3861965,3.953607
6338166,5.73404
19888160,5.3988276
18962722,4.2622356
6700061,4.315227
20293820,5.081853
5748509,5.248768
17639637,5.00642
18152652,4.9409757
7349256,4.243758
14468736,5.2427983
16796218,4.8631945
10136632,5.0531187
1133296,5.324494
19697794,4.8788805
14579390,4.517528
10294454,5.1747227
15287408,5.587502
12873513,4.8423104
14010252,5.1585803
16270452,3.8827121
15720569,4.422751
16497180,5.2303486
18450009,4.54336
9738167,5.001437
1494623,4.8039823
20802860,4.3179035
16394179,4.110804
15729325,4.922015
3290275,4.074554
1974381,6.1979427
17159806,4.290334
19853343,4.2849507
4372192,5.202302
7985260,3.9553583
19946938,5.4037943
14089782,4.025727
1336554,6.0652514
7368607,5.0179753
14928864,4.0584865
12512613,5.110732
7234538,3.9828546
18788903,5.3085017
13841318,4.115167
3105801,5.0834284
16601867,4.8011107
15160009,4.8397126
6090106,4.3165536
14048533,5.9237857
15968041,5.6464257
16322997,3.9389975
4233242,4.4348993
15532225,4.3654847
8335547,4.6720033
20515035,4.93253
6488146,6.0045857
14555176,5.130118
16872471,4.2642436
18314694,5.6745152
13670552,4.4791965
18734125,5.0150743
17011437,4.6971726
13497670,5.061596
4287473,4.162249
4286567,4.1019635
13734801,5.1291385
2867463,4.3547854
11701889,5.6096954
6561301,4.8990617
11721669,5.3533254
16443453,4.333235
19161964,4.9615955
3485178,5.143505
11065264,4.9352217
13191653,5.1171174
4309757,5.653849
16400961,4.273667
8456825,4.103391
4358868,4.962201
17100621,4.867996
1003984,4.17863
10386936,4.352027
1145337,4.240973
19768829,4.2244744
14577849,4.3874445
18846688,5.463748
17848120,4.862041
15124924,5.329288
20740710,4.253206
12145189,4.8517723
5481978,4.075144
13795453,5.9239955
8939325,4.571694
16454418,5.7692943
3602739,4.5134134
9614552,5.2148747
20858071,4.702621
9614378,5.208044
14092702,4.4399447
7018113,4.344259
14272021,3.796896
14110395,4.178052
4707959,4.9966936
20015244,5.4055686
14502993,5.0158
422414,4.2752633
10708986,4.0913634
16539503,4.3343334
7183259,4.947207
4296407,4.487314
8902138,4.335523
14715206,5.2447896
6428942,5.5087404
2868115,5.072214
11118260,3.6462038
10036352,4.0541773
13395033,4.7996197
18599224,4.8199987
10525599,3.4567006
7032930,5.087686
13168419,4.8627124
17606023,5.7326493
12227192,4.6948037
18654555,4.6620398
11392635,4.418362
16539333,5.778154
13091455,4.2767153
7528664,4.199465
12412327,4.1035943
11553765,5.122073
337922,4.3967743
9116883,5.1195164
13578332,4.779762
7492539,6.3240943
8425148,5.753804
14397701,4.5228186
12870344,5.206377
17561114,5.5628457
13560092,5.8861766
6940108,4.3122735
11461331,4.2726927
15150306,5.011049
15295573,4.0408587
16897410,4.819795
5070437,5.1075807
13578708,5.287119
13084346,5.538345
16830436,4.0825377
14807890,4.3912425
19180935,4.172701
15553636,5.238969
16164206,4.6880093
7277180,5.180381
12150447,4.185802
3413977,4.118359
18509562,4.9597054
5534962,3.9862022
18086624,4.307638
16187382,4.3652525
4615631,4.367049
16428065,5.671154
18222712,4.6375947
18092210,4.8801694
17718244,6.5593452
1832655,5.064474
18324581,5.077066
16628797,4.5723214
17879131,4.1180015
15309122,4.4471817
12273366,5.204955
159273,5.009363
7473810,4.1389275
18359713,5.284494
7395530,4.334733
2659732,4.2598033
7197423,5.804895
15039012,5.3963704
6937109,4.8136163
270033,6.333799
15075785,5.25484
20636966,4.349293
14809668,4.8756824
16134654,4.566205
17666567,4.2189384
3854739,3.5711
18448985,4.362316
4777677,5.2155004
4782605,5.5494394
12345786,6.1663713
9972891,4.872286
8167169,5.391807
4598026,5.1722517
2036673,5.988752
643646,5.428464
8090529,4.473454
19293035,5.0319815
8055198,5.242248
206637,5.0483084
1891118,4.227392
17333187,4.9347067
10035471,5.311316
8087381,4.586998
11718932,4.0741873
2838331,4.395153
17226297,5.259748
6418971,4.755952
17876648,4.4260373
2125004,4.066535
3468181,4.818457
15502582,4.9483876
16827732,4.7598066
11865398,5.181161
16568164,4.3152037
4274443,4.9768105
14539326,3.9860518
16945516,5.6279416
20965965,4.0042057
2132457,5.528366
394508,4.7422776
19924708,6.2566442
17684151,5.1394196
20796343,4.941814
6151774,4.8473887
14293195,3.90662
18489661,4.5480194
13732544,6.261916
3441979,4.6321373
15846997,4.280491
14784793,4.3452344
17026474,4.9804325
17078757,5.0623617
15732223,4.632398
17686605,4.988179
10599384,4.3887973
9826455,4.623608
4720326,4.370255
8518237,4.9519596
10272667,4.575932
5991511,4.4069834
10551695,4.692055
1078858,4.7968373
6809332,4.322734
7807308,5.5399537
12568161,3.2478452
16297494,5.3917656
6967305,4.7329564
14339810,4.2604585
7939788,4.3860993
19701946,5.350317
5885373,5.3088408
11699798,4.2094855
11740577,5.0647354
13620977,4.185783
14540002,4.3978434
6044794,4.7050714
8934898,4.104426
78331,5.244934
5507980,5.139752
6989359,4.5620813
8369804,4.83859
11419628,4.8543205
9510158,5.3159904
16047844,4.2912483
10749801,5.6523085
20304654,4.5301447
18307914,4.0214157
20772462,5.342798
18636166,3.9165573
7903661,4.4551606
12152708,4.4450426
20324947,4.545619
17384804,4.399132
11389773,4.1913705
4855838,4.149628
291764,4.2808304
5903980,4.9975376
2551665,4.4684052
5510725,4.343676
15925866,4.2880106
1785039,4.684734
16233577,4.26705
15523581,4.560649
17894604,5.2517843
5857917,5.016756
18110654,5.1836944
17961715,4.227133
17013967,4.9033613
21022856,4.96667
20865630,4.206286
14125,4.274003
6776698,4.2613206
10551675,4.3195486
10983204,5.085044
11370207,4.076354
2989220,3.79643
15268965,4.374713
16767550,4.51972
2268888,4.305912
19163801,4.287143
15213086,3.7610755
15968399,4.5907826
15843007,4.467916
16202731,4.537975
18057259,4.4898186
9517131,5.0940547
12782370,4.1111836
8713837,4.2092905
450577,5.4248033
19159379,4.9491067
17671110,5.305079
2028432,5.3594894
18492137,4.592522
9136581,4.4836316
16981845,4.0107627
18568770,4.4716387
13752439,3.9144185
742974,4.031038
13572919,4.89467
11381333,4.7389708
20015527,4.543937
7603251,4.6786504
16312458,5.0025263
808566,3.9928524
621430,4.447667
7990169,4.5194993
6956581,4.761215
8467862,4.9243665
20503539,5.0955925
1815512,4.5436487
14631715,3.6180027
246896,3.9175692
15434732,3.54763
19360201,4.7427163
15565766,5.173364
14535188,4.51537
12915928,4.117361
8532763,4.2501645
19555750,5.126464
1349187,4.0542135
4567433,4.577898
5708829,5.3092947
9516142,4.4974747
17533374,5.9265265
1712200,4.963098
303462,4.096019
7621370,4.819772
4838022,4.7374682
17920728,4.3543344
13770559,5.0847173
1438369,5.938677
11164047,5.105074
13141875,4.303604
3368926,4.513842
21055967,4.4639797
176653,4.9215198
16459191,7.398426
956145,4.2211695
33223,4.210174
96383,5.109586
5797398,6.070531
19156426,4.4661455
12618291,4.5787206
15774322,5.095613
7698521,5.0574336
15655719,6.4564605
15776530,5.198525
741909,4.8799195
15508722,4.167671
11593418,5.509283
7652936,4.3515835
18566816,5.2411385
864328,3.826973
4454397,5.0017
12998056,4.759043
15327740,4.7216563
5525510,4.3253756
14711796,5.3407555
13266347,5.8906946
17554190,5.0440087
13557918,4.047351
18476851,4.8205385
15342498,5.116973
12008476,4.687799
12037587,4.8213196
16840061,5.5040755
3741226,5.6804185
21067832,4.6400833
16661769,4.3603306
16724403,5.634547
14374893,4.269697
14884030,3.9724376
16200703,5.1223354
548475,5.2894588
7601559,4.5450563
13636806,4.6440787
3197653,5.053994
16287863,5.1308885
1582688,5.720576
14290875,4.9131775
9504165,6.122535
10368464,4.370093
16948313,4.985138
18503104,4.9562507
17434573,4.193532
11272222,4.2588015
3561338,4.992216
16042687,4.402507
12906305,4.4292145
8268358,4.1719394
14807279,4.4633965
6291454,3.9928834
11851511,6.0898833
15773096,5.2007976
8390904,4.8907647
15511455,4.7609057
4440008,5.970596
16941779,4.8770823
10280961,5.4123473
16779171,5.469981
21026932,4.6068897
9047816,4.0600724
8454029,5.1995893
14138477,4.1673703
199619,4.9625716
19135926,4.466758
8630290,5.044199
13281979,4.8849998
10929396,5.668498
16665006,3.5681787
16755372,4.494512
20025456,4.2389226
4279323,5.3746166
19979771,4.4286437
16960882,5.248294
19571350,5.5832114
14640609,4.19676
8551601,4.7784333
13733855,5.5341053
678343,5.6828723
21027191,5.1363115
8340604,5.144198
16225638,5.6283426
17481668,4.3232913
8210905,4.6884804
1072931,4.595933
6071153,5.9329724
6287961,4.3438616
8869387,4.6375475
1524711,4.346851
15252250,4.6864
13667440,4.682593
14569097,4.165808
12812370,4.3698654
18866187,4.4412246
4730179,4.707049
10115919,4.356741
8130298,5.619917
3478866,4.4542494
2669366,4.240951
645173,5.43038
2817022,4.92791
16040106,4.3092136
13112056,4.90789
10880254,4.1157365
2347431,3.9592426
16807749,4.7522025
20465333,4.5475926
17715225,4.3636694
15469512,5.1310015
15453848,5.3196983
7418874,5.200631
13495590,4.681759
7798930,5.112249
3056353,4.740441
8105876,4.8265133
8576907,3.898978
19847574,5.2381315
815879,4.401824
16064802,4.806266
15701850,4.2807646
14076821,5.424431
1278671,4.420671
11325079,6.248547
2904128,3.7633305
842147,5.216017
11552389,5.2488265
10341509,5.8811107
15796872,3.8828955
2160741,5.1256323
1561968,5.2323813
14084323,5.454857
14220594,4.9440436
20641131,4.829082
14161103,5.4638586
4622328,4.7957106
14213722,5.353659
17792897,5.17249
14315241,4.29695
16315762,5.9456067
5989927,4.479932
1785942,4.779255
14474959,4.9957986
7241090,4.7837524
12212892,4.4122353
16687656,4.399399
16791106,4.22613
9410846,5.269172
16509164,5.4373846
10770929,4.2412057
13293463,5.532868
13436940,4.902641
12611733,5.393719
9201458,4.6083226
16646382,4.169586
10412006,4.718833
12794623,5.0492144
16406403,4.8560576
9807855,5.6502404
19532191,5.584638
808891,4.579344
14480699,4.5689893
6170405,5.9708548
17964490,5.095923
2182899,4.73245
12010797,4.0078874
4830799,4.679509
18596204,5.0664783
2372629,4.5630937
15127349,4.2031856
7621673,5.0781794
15430980,4.6307373
13587013,4.0808153
19362296,5.0631084
16929763,5.721794
5838858,5.011099
18637631,5.982818
20073959,4.9451337
7415011,5.20599
16469710,3.9812286
15991741,4.728716
13217609,4.3389044
15535079,4.124394
12446224,4.3433733
1965750,5.45435
18215065,4.7869854
21170447,4.4144163
814911,4.488452
11282228,3.7409644
1364746,4.279262
5823661,5.007468
12399934,4.8465347
14762154,4.3781905
14779757,4.995945
15436836,4.9287796
7048360,6.346696
7746574,5.126063
20249492,5.08526
12883463,4.54693
3519768,4.253863
2236513,4.263638
9314178,4.93354
18001123,5.7216487
9157886,5.6447644
18326752,4.2818837
6348490,5.212145
2391772,4.617439
16755461,4.7577415
241140,4.513015
14470283,5.3766155
16579057,4.3458033
15797693,4.073845
16194726,4.1162553
15123831,4.296775
9921297,5.4418807
18056182,5.390206
16944112,3.8111675
12269953,5.0936522
15990468,5.935448
15942879,4.6423244
19404423,4.7730517
2721834,4.129077
20075726,4.635977
968848,5.067099
8142,4.766673
11866470,4.4622397
1803219,4.8717165
7319791,5.0671463
11047668,4.3064737
6813041,5.0451236
9507090,4.6588078
19912744,4.4577665
3573724,6.463057
18397875,5.5648046
3811688,5.0949636
8535125,4.5746713
12815140,4.478695
17794571,5.737224
15066527,5.0165815
5277117,5.2641373
7950866,4.084979
5870899,5.186767
4887727,5.0847397
9021705,5.488839
1499737,5.5844035
4896937,5.376291
1814279,4.1160836
18056270,6.195176
20994196,5.086713
17746326,4.7163877
17403415,5.2332873
6900076,5.258062
3237764,4.8144126
14075528,5.166452
7971643,4.5906796
13688335,5.5346165
10000523,4.277158
18393130,4.1913543
15609432,5.3031626
10826403,4.6301
1130730,5.412816
16252716,4.980358
15757160,4.596904
20604775,4.39171
19812211,4.7619967
1356710,4.140906
175511,4.7414374
4308744,5.0147247
8799510,4.481942
7987834,5.513133
11869511,3.8847349
16335125,4.34225
7917251,5.2763853
1941396,4.842101
1620225,4.6183186
45987,4.4359612
16085565,4.589417
13642260,5.0889287
4457161,4.0697417
5393307,6.2092905
14704252,4.9467607
21159099,4.1235776
16158202,5.29333
11739985,5.6044264
11293039,6.6274695
15701856,4.0395226
12866294,5.078119
6376345,4.320981
18470545,4.556714
18120849,4.0151734
17178306,4.758795
20458803,4.45705
5466799,4.8480268
3240518,4.90259
21043691,4.523712
13098599,6.4376683
10036313,5.3489885
8364458,3.6864538
21054990,4.5730867
16078800,3.928497
17339568,4.7474966
8943149,4.433813
11176819,5.689103
18208285,4.2171903
5051020,4.808393
14770892,5.0255556
1487849,4.8320923
15452525,4.28637
7956817,4.206067
9668948,5.2765665
17696771,5.0592537
17845624,4.701056
16242863,5.4262166
873590,4.88206
5314398,4.593507
9463692,5.5109105
20902817,4.389874
3013427,4.604443
2227342,5.24576
7181242,5.6862664
12837429,5.672873
1531825,4.752282
16275733,5.225295
15438452,3.5819967
16781516,5.0170965
10246056,5.2300262
20196464,4.8766317
519272,4.6309614
17839944,4.5142045
15057207,4.479058
2776641,5.797548
13691558,4.82383
14727517,4.9913373
16000908,4.742678
7580383,5.564307
18727947,5.0897017
6492569,4.471812
19230154,4.2046657
14930357,4.258198
6743813,3.6481109
1924645,5.0577526
1948456,5.1199923
15009466,4.4864745
20116016,4.3520513
4746561,5.1596823
18194415,4.0441585
4022889,4.8838844
19140676,4.8443494
17545704,5.09294
15989568,4.4127517
14702901,4.6441817
17039819,5.5155554
9593678,4.7301917
1950428,4.5150385
12291609,5.240115
19643156,4.3409324
10137247,4.1412106
14935831,5.5673766
3979611,4.928567
7651177,5.0994997
20543983,4.8489814
14483758,5.1889563
4161354,5.3944554
19326520,5.0841994
18026334,5.7666388
19413809,3.987273
15452236,4.21642
18507448,4.1952615
9172192,4.389764
17736033,4.4824843
19981261,5.1968875
21026999,5.679426
9794251,4.603672
1542279,5.105588
16214981,4.579311
17956293,5.391007
14525485,5.1038647
18502516,4.5271845
10783624,4.6400504
17419473,4.8177147
1107014,4.402863
13939822,4.3302383
15511779,5.22139
7320160,4.5196385
11766978,4.5360904
11973537,5.1357145
2248017,5.130404
7842597,4.5617585
4780959,4.2089286
4765196,4.669495
6627450,4.944499
2794820,5.0197334
19181216,4.374876
7583199,5.382323
16966885,4.069559
14628611,4.148138
9842239,4.856248
7922378,5.116058
19409664,5.131432
5947034,5.3036942
17405042,5.369497
21139669,4.8795347
13861444,4.2468843
16428383,4.351742
8906260,4.863272
14183935,4.6870284
9928466,4.3905177
855919,4.146822
13591023,4.152656
19415314,4.8324046
15511992,4.999473
15734755,4.8935976
20188619,4.530909
16517776,5.0182233
10232553,5.980623
8994197,4.7958856
17335308,4.310272
17190249,5.208873
18356019,4.5270586
9295290,4.237599
18072296,4.101066
15207910,5.11045
15342701,4.2307816
16225530,4.243672
21067590,4.8455424
18031944,4.1471486
8651340,4.2103834
20849060,4.33686
10875641,4.2248745
10992957,5.1455154
12593058,5.487982
7602382,4.741085
15180644,5.1049614
1979506,4.997803
949420,4.609109
10089648,5.3566146
17187731,5.0252495
20054296,4.274013
9411206,4.441572
16794235,4.567609
10023104,4.328182
3419211,4.584821
18348512,5.49724
20795251,4.100608
16805759,5.0593567
16481858,5.694178
13174453,6.3698235
7162562,4.123139
14600054,4.7692394
15530743,4.766395
14807208,4.632302
13788100,4.7147927
3340326,4.3440156
18513560,5.0667515
14022330,5.2227974
18372704,4.29364
13278853,5.0163093
16350271,4.787285
13076162,4.582191
13937282,3.7781293
15573824,4.6562977
12634006,4.7825007
10127270,4.1883
12308695,4.0647416
3052726,4.2662683
15857453,5.6378727
1039779,5.272988
17621218,4.472976
12549689,4.6332726
11909622,4.9129577
18714825,4.0628796
16239571,5.288335
8367271,4.0820765
6717232,4.735138
10810921,4.457204
1223755,3.7175922
8208878,5.6221075
16347775,4.5286503
14928666,5.038925
11849763,5.1388884
792835,5.074069
9865262,4.2167287
11510704,4.9173784
1503989,4.6034317
260833,4.881323
17326533,4.9762363
1276303,6.52822
3404668,4.7543335
9733138,5.44738
9593533,4.381944
7912513,5.1660113
7475557,4.2428865
5772983,6.4383516
10189969,5.5757585
20539388,3.9521923
1194467,4.384562
2468186,3.9889183
2262461,4.1866765
18510317,4.2511773
12020835,4.553969
10812470,4.388365
9748407,5.134987
12656371,4.8036504
16686437,5.2253394
8532128,4.8814306
17229367,5.126476
10590105,5.2392616
18520873,5.16674
18443476,5.107599
10661782,4.2182984
2803944,4.6837716
5101342,5.0978727
14506113,4.9233303
14188561,4.222553
20663542,5.2353044
45910,4.7927647
16916708,4.1732454
774999,4.6505837
17864341,5.0341077
15362363,5.379428
5763191,4.037643
1999959,4.2989945
6169800,5.259258
13312592,4.933813
4016012,4.2587137
4864105,4.683921
11255432,5.8089952
4936102,4.694789
169556,4.5375676
13076586,5.0173984
4606385,5.4477806
65834,5.14592
14802029,4.3397474
4666584,4.174973
12347387,4.518822
17641346,4.4737573
15477385,5.1266584
20765319,4.279767
9212510,4.492498
13728682,5.897954
4240751,4.459842
17588127,4.4654894
20306155,4.9461637
15148316,4.3152275
18077052,6.021795
20355160,4.2540493
18273348,5.404022
10735397,4.347736
18593003,4.2107716
297561,4.1707363
4720725,4.8333335
9448243,4.667612
12024772,4.291063
15299585,4.163186
14935760,4.554681
16706516,4.7308106
19888947,6.2830086
15885228,4.8097997
18708463,3.9942226
13624476,4.999808
20185442,4.3384786
16323618,4.538371
1249397,4.905901
16961197,4.3227563
13874533,4.401709
2365792,5.0883617
16589554,4.5881324
15958616,5.0855885
8363399,4.0940824
14657450,4.428525
6940457,6.103904
21098282,5.123056
11063949,5.8679276
6990503,4.27284
15785190,4.1854334
10886892,5.10738
15841618,4.7528725
16015983,5.3618402
10392074,5.1675463
13953228,5.0383587
8473374,4.1132374
20885687,5.0044785
346579,4.3305173
563496,5.7566977
7788880,5.0733
13097083,4.433248
539350,4.9955735
9172460,4.746117
15864683,4.725132
11256603,4.8175654
6971002,4.5285625
16245059,3.9961648
5135769,5.035188
8508345,5.256393
1864924,4.820786
18985595,5.437904
2151106,4.0582466
15254789,5.348105
9596708,4.3124733
10186747,5.7485156
2560559,5.09077
4794816,4.9564004
6690438,4.9663715
7379929,4.428388
20510411,4.9250655
19236099,4.9484687
14670612,5.2858973
20087812,4.261392
15635528,5.378175
3677687,5.033532
13619296,4.859566
1788553,4.858984
7513280,4.9517965
6504049,5.066098
11674335,5.5684223
3440741,5.60562
12538477,5.0958495
14655591,4.2699103
13342658,4.9205217
17433075,5.2196994
14253869,4.936189
13301364,4.693513
1482273,4.400983
12857265,4.7797284
15806552,5.3938813
6145167,4.272923
20663839,4.8983426
19966374,4.9091268
16855679,4.4322476
9575809,4.2950134
12021839,4.3007455
699472,4.726114
3764540,5.485702
10449941,4.430079
10170471,4.311753
19209936,5.90001
17187028,5.3462663
699723,4.288984
18666583,4.125039
1174876,5.2180867
17524441,4.990221
18125983,3.816828
7930685,5.0203395
13623700,4.0418577
9081032,5.135621
14058266,4.961609
18323385,5.028172
17766457,4.249571
14055624,5.124504
16355554,5.469709
16635143,5.083106
13999083,4.785437
14551193,4.215201
15559457,4.704121
4667200,5.2850623
15632278,4.9325795
15036809,4.874373
609042,4.279367
20139125,5.932273
5281234,5.149719
14615176,4.3949456
16649908,5.0099072
3799640,4.924442
15550900,5.581195
19933864,5.815561
20773742,3.9837215
18231522,4.3888774
18016452,4.1320734
1744216,5.029003
1906269,4.333841
19435280,5.3963704
2698996,5.426471
20538580,4.2853384
9365129,5.072106
7861182,5.450723
19538632,4.4039345
748571,4.3035583
6236257,4.103888
16113842,4.9755983
14181648,4.3979278
16453837,5.3209467
10282713,5.4647818
8167182,5.1996527
17362069,5.097219
18073738,4.3679423
16193283,5.1971
17728208,5.0611506
9804516,5.2167635
2151549,4.6335726
10075517,5.968897
19451978,5.3318877
20093311,4.3113656
16601641,4.0149865
18692877,4.156209
7788844,4.700251
4710218,5.3395114
8426309,4.682595
14843849,4.3023615
5696377,5.1917715
15261309,4.2971187
19317196,5.0266147
14839106,4.2793274
1892680,4.533332
10071156,4.370961
6274459,4.1867576
18812266,4.807478
12221938,5.342536
17964309,5.315394
4218929,4.8666525
9216548,5.376868
16243308,4.3764734
905399,5.405569
12837046,4.761762
5205123,5.0543404
16389866,5.028388
6614984,4.264286
2711179,4.370902
15100454,4.7640014
10339185,4.3482065
15591499,4.7909837
23856,4.2188535
7664128,3.890657
4952825,4.492675
17905460,5.8143296
13343019,4.301977
5605968,5.8571143
13465756,5.051114
2238366,4.161473
14106692,4.8081307
15435165,4.6642966
16114228,4.786377
13982518,4.240381
8306956,4.3453074
5945067,3.965399
20483008,5.0501304
9539111,5.1392856
1278391,4.1393085
8564563,5.0864778
15277561,4.999141
16128587,4.8400884
112435,4.2389264
841978,4.4217024
15410402,5.30242
20492259,5.1951914
16724220,4.5633626
15904417,5.76324
822172,4.894524
18869692,4.7990003
13303293,4.529369
20809592,5.0008993
14297036,4.2338777
15659634,4.2725
6864560,4.2628765
2106706,5.279643
16864817,5.403765
5385665,4.4740357
18449878,4.226156
584881,5.7172976
3258183,4.1156306
9685865,4.9702134
20606940,4.314321
14787179,5.247498
14472459,5.2347865
18978234,4.5076036
7652820,4.768468
15219971,4.127465
10414541,4.4867268
7982720,5.5917296
10256767,4.992607
15783855,5.588231
6543953,4.501925
16678870,5.4386897
14856799,4.3045025
19345676,4.658084
329168,4.607951
4047751,5.8602986
4456987,4.0580263
5192300,3.8389697
16378208,5.4366894
10837129,4.6007915
21644,4.2984385
19175586,5.70454
7327112,5.168561
17757561,4.034298
9118301,5.3793583
14169736,4.2109056
19552822,6.50156
12286939,4.4492865
12388831,4.264414
8383187,5.623288
3952093,4.392615
10811857,4.4024467
18986977,5.5989122
20211737,4.519855
13297279,4.1197634
19978946,5.8225446
13512427,5.117535
4031668,4.8823085
11194693,4.394275
2076112,5.9913416
19117903,4.2609572
11046693,5.0730934
2487916,5.1138186
10175417,5.244632
3634361,4.2683167
4045248,5.3982735
13542521,4.008593
7182074,4.637724
15596773,6.2288985
14029776,5.336696
13667152,5.317806
9682257,4.2050586
20570956,4.7009025
17303067,4.456837
2778359,4.1538033
18227389,4.0989895
12288445,5.104942
20533007,5.145225
3442146,4.2418814
3207986,4.4007463
8941820,4.914051
18175131,4.9780197
1331960,5.69434
18180291,4.909762
15591038,4.3988104
11096801,4.2841434
5916713,5.093047
9978451,4.9438763
439703,4.1796646
19811765,5.1586576
2386007,4.911137
16322051,4.2496433
14842804,3.9080665
4773071,6.20747
9172534,5.2230434
13970165,4.0815053
17482315,4.1881976
9698905,5.1051307
16585712,5.94656
13467270,5.115362
16415427,5.454061
6900463,4.991892
9682083,4.4089665
14964655,4.9559546
15942755,3.6350093
1299549,4.231873
6765855,4.790305
13914298,4.7022424
1334633,4.3623667
7434061,4.649425
18609924,4.871453
6015521,4.6627927
13166877,5.7438188
672724,4.5255456
20886482,4.436977
20308965,5.562779
17540307,5.027062
2445715,4.906772
4933756,4.621483
18491688,4.80242
9026590,4.651432
7075552,4.2510767
2701991,4.3686404
19544381,5.087257
10105531,4.1015
14796074,4.365757
14945119,4.8484755
16620641,5.233628
10576974,5.4695625
10724635,5.0453205
13357940,5.1388173
13747542,4.465382
13015160,4.971946
181443,4.924512
16338131,6.0439463
3540982,4.353075
1762194,4.286351
9237840,4.86397
7728553,4.3012686
17624602,4.2485533
13540829,4.4809966
17813894,4.2315407
13993436,5.8037558
4987929,4.051742
11741274,5.2126107
16402004,4.9266243
9683429,4.7717023
12605546,5.7203727
19803208,4.707031
14790101,5.487289
13240390,4.130742
16596185,5.258391
404691,3.9699624
9514193,4.07008
12736073,5.7008543
19274584,4.9347506
13751065,4.148114
15800923,4.1413603
15017045,4.497784
18240041,5.7596517
17940501,4.4738193
12128314,4.1987295
13074067,4.810137
15948529,4.5350375
16002834,3.944783
2355859,4.329516
15423281,4.5552945
1208953,4.403963
8672322,4.051616
2066623,4.844607
14036911,5.314695
11229058,6.0088
1865884,4.405403
1972126,4.9839835
14162759,4.489248
16762751,5.18907
1403323,5.0613446
14406086,5.0885415
20173397,5.945841
6201491,5.2245116
9477359,4.2666063
9157441,4.4734483
17141233,4.902578
19694308,4.422133
2188310,4.8573728
3819407,4.1382747
9693809,5.6640825
13559208,4.28273
19947126,4.222147
4098497,5.183337
14888170,5.8201804
2222245,4.8474035
10124372,4.7413983
15506883,4.599791
15439921,4.369767
2563967,4.8269305
7987306,4.371949
8269523,5.391557
14203879,4.5434237
584590,5.2813497
16390636,4.2309666
16259562,5.061523
3563321,4.477346
7745375,4.357887
13248742,4.293793
12001000,4.6980157
16094254,4.027019
9459232,4.6682277
20788041,4.786396
3339205,4.970946
1510363,4.397742
15269783,4.5022073
12234139,4.250964
15124770,5.1370564
4965866,4.394339
12231522,4.102268
8288883,4.531011
4244819,4.9162626
11551218,4.6776156
12359181,4.294549
9730432,4.498598
6314389,4.281754
19908482,4.565947
1386629,5.2622967
12406361,4.9900155
10033879,4.050685
10851336,3.8617244
864912,4.8308854
16277087,5.2007284
6505941,4.3197637
10447691,4.6357026
13155177,4.9360976
19084255,5.556146
9546039,4.98134
1249469,5.012679
5443581,4.330309
9495205,4.3312397
16808797,4.3374085
7938771,4.245984
20764024,4.7194047
17330546,5.6154547
13444637,4.2977824
8165493,5.1873612
10700945,5.1191807
13398697,4.653927
17544643,4.884891
9415707,4.0561233
1198779,5.177285
15784743,5.246652
17878105,4.8577204
17301466,4.258651
12996761,4.564271
1906804,4.6148324
19691108,5.479087
14916806,4.4485874
2249464,4.1299424
15437906,5.093399
8007838,4.8360934
13355711,4.7599373
14576204,5.7658706
14930329,5.1150527
13781731,4.185626
11697189,4.9259315
13061170,4.952932
6954857,4.280546
20680848,4.7044754
18199933,4.9554567
408491,4.293549
19161785,5.122154
16396301,5.592364
7883610,5.568719
14789011,5.2326703
20714517,4.8497925
11886170,5.277562
5122899,4.879235
18674775,4.061298
14710717,5.545623
12871137,4.835468
15436308,4.7838073
10657572,5.418772
7435882,4.3312435
7696314,5.588531
10839747,4.9227033
15042329,5.3855534
7773856,4.268872
17692837,4.8999715
18506737,4.66057
3422470,5.18162
710420,4.5144596
7632690,4.947834
12541294,4.9824247
4837651,3.8925123
6673773,3.9554484
7840131,5.942476
9880664,4.258342
12833896,5.1911383
17281440,4.873049
5617856,4.314595
9839906,5.9601593
16708796,5.108347
12760823,6.1284785
11572429,4.791487
13662692,4.9204383
16057968,4.8054814
14164974,6.075183
16520567,4.0185475
6378388,4.9490623
13728204,5.0308247
20770875,4.8838763
13431770,5.427229
254409,5.2860794
1731365,5.09046
20541715,4.9389205
14958887,4.8516126
8520693,4.882254
10500743,4.2624874
17480893,5.9102497
8337340,4.434618
16702412,5.595711
5628758,4.544834
15985497,4.294504
12520366,4.814516
18671139,4.0345087
315982,5.316426
6834616,4.6149755
9166769,4.4194283
11267982,5.5614467
16176235,4.7271175
7731915,5.563668
1177725,4.325016
13881622,4.364004
17994945,5.5861354
21122731,4.127948
316079,4.9093294
6660151,4.9431634
797694,4.454606
9858828,4.448398
18009511,5.5883946
7024774,4.3577156
12204042,4.0562897
628078,4.864312
21161707,4.208097
2959036,4.7859817
17122334,5.6953926
18228267,4.771443
14202979,4.7346396
10872646,4.8171706
18502913,5.580067
9694392,4.363085
2046807,6.1294684
13249656,5.227563
17906961,4.744353
13262963,4.9462223
17534186,5.416733
10148955,5.307818
4090224,4.3291035
17206784,4.3094373
298759,4.9728518
8287266,4.5911174
17238866,5.2848587
8401484,4.4331236
7048418,4.169067
8626801,4.048122
2468252,4.9684005
656946,5.4457917
13687101,5.501247
16752950,4.9325957
18256752,4.3041205
15963915,4.677006
1537421,5.2795286
20174551,4.010786
6094597,5.7436132
5441543,3.4083748
5009416,4.6814346
5945,4.9018655
9304676,5.4568696
15264864,4.351154
11947067,5.7156916
11279493,5.0949693
4157122,3.893939
14294282,6.025817
3844150,4.4129276
2432755,4.8712945
12623775,4.9330645
19260393,4.2691736
14912450,4.2994657
4517177,4.61467
14238772,4.9509344
13668127,4.098676
15130671,3.9447415
13562051,3.778189
17316867,4.422068
11584288,4.8694224
17774989,5.1559253
12547481,4.9735413
15840089,5.2467175
18360889,4.442597
583224,4.8724484
14203693,5.308628
15348147,4.3424172
7517907,5.1694508
16187294,5.1420355
12336640,4.713487
13300964,5.0440693
9777530,4.311167
8182137,5.0662374
1142127,4.5170407
3789600,6.35071
8328410,5.723833
14843783,4.713538
6543312,5.0660543
10225829,4.3466086
16557829,4.033728
8000680,4.213059
20166404,4.4120507
1291440,4.4074097
8549497,5.418231
19827502,4.288144
16175456,4.761843
14947313,4.2113686
21122202,4.957257
20191934,4.594298
16242842,5.0006886
17618772,4.0946565
1040156,4.1024323
485197,4.872317
5771366,5.2667155
18176762,4.4681664
17239515,6.086651
14853432,4.443679
15432250,5.029296
7221598,4.26461
941165,4.5462275
16369924,5.1683855
17239268,5.1948714
11553357,4.29569
8276309,4.9116445
3862242,5.431957
9960247,4.004552
3101364,4.403936
16436737,4.1762514
14648838,4.280368
20502231,4.901764
11531154,4.641224
6557381,4.331041
17789099,5.0486617
17777178,5.035429
5534747,4.836173
15102026,4.6297665
12675481,4.3204117
21054696,4.0834956
9614593,4.112227
7320353,6.075018
958188,5.0277667
15043870,4.0837746
9649558,5.489431
4720506,4.3107657
18595086,4.4968843
17667949,5.2562976
15562020,4.251705
17876410,4.968036
18412821,4.3249173
20286716,6.5674725
9505119,5.356791
6481324,5.6748757
2260159,4.6298523
2689136,4.76792
9492556,5.253251
5627418,5.5937243
9909627,4.534158
21164316,4.3027616
15956009,5.119478
17746614,4.221654
14771985,4.6667714
20679845,5.2897606
15469541,4.283142
12253338,5.41993
19996830,4.77461
16175674,4.3591795
15780171,5.6510005
17545869,3.9953544
16343693,6.249567
12005034,5.9000754
11735268,5.171741
18136377,4.3655353
8100475,4.7040935
1294389,4.8180585
17686907,5.435412
804614,5.3885684
9331460,4.215111
15858747,5.308524
19178193,4.166306
13674701,6.160512
4935717,4.3566494
1301700,5.7509255
15054617,4.145109
7763615,6.084155
14473457,6.11441
218006,6.2451296
6576336,3.9518285
6976045,6.0429487
1441426,5.033811
14088558,4.34767
15911342,5.546878
12158686,4.5052514
8439595,5.3589487
18046144,5.454026
20805139,5.7625184
16005284,4.1379
14586243,4.193245
20763189,4.9549694
11525048,6.0457206
15634670,4.3347335
273960,4.696529
12984535,4.2974687
8311932,5.277383
3675270,4.9203725
52123,5.1577907
20409623,4.4064646
4141987,4.244694
9988315,4.208606
8595489,5.1079674
2365645,4.4642034
15807267,4.3842382
18464508,4.3322735
11374008,5.5782332
16912640,5.363109
7771287,4.5589523
12299450,5.210259
19532737,4.850437
19789620,5.1238503
21030003,5.3207088
20912332,5.1851125
12783809,4.08673
16794487,4.306816
13114019,5.5934052
5805238,4.1228204
16361439,5.249429
6464702,5.011564
4482945,5.232713
14301857,5.1756325
15075561,5.7914433
18713841,4.239709
975664,4.9633474
3061995,4.2943316
16269973,4.852769
14284707,4.8371186
7698190,4.898431
20815139,4.3854203
6784807,5.04917
1072212,4.005469
16244553,5.033328
17734985,4.3434515
17345662,5.1061616
16287134,5.3043065
16259629,4.34867
10542697,6.2030053
5358742,5.9885054
8222742,6.8630733
6824042,5.529
62651,4.858223
8380906,3.898192
2297259,6.123167
19015421,4.9607296
16531993,4.5538116
10125955,4.620206
5287327,4.418726
15296557,4.995916
10700563,4.1190104
21116651,4.4402366
4654435,6.2224956
20785474,5.802803
4488882,3.790462
3895261,4.4286013
7759754,4.9182887
21058406,4.2196918
8194730,4.757321
14490996,4.8188534
5881858,6.693136
11008845,3.9246547
1326577,4.38151
4833671,5.3141503
16636812,5.1256075
4801767,4.3147917
15524715,5.5952315
5747720,4.1636624
944840,4.3541646
22212,5.609896
17305606,5.028178
19528290,5.130053
16910795,5.290092
19172317,5.525621
1959024,4.2821183
17269114,4.214157
14136246,4.157196
5918090,5.793961
4000887,4.402969
18824535,4.062494
8115321,4.8060446
7692870,5.0024357
20973084,4.934487
15377300,4.4273205
9473492,4.314687
1742535,4.329691
17902970,4.5762634
6767661,4.3132896
13561422,5.188363
16415389,5.246576
2447661,4.3388977
14160499,6.55039
27558,4.287865
12854149,4.9140587
12407753,4.7768383
3984077,4.0362086
15940430,5.3497066
7928656,4.285692
4708314,4.770173
5738892,4.624547
17651206,4.8918176
3310288,3.46268
14352624,5.3034353
16910040,4.6993184
8668609,4.8423357
19290154,4.7117023
14125614,4.9945207
19069381,5.270137
16977568,4.8874044
13435029,4.289676
20577974,4.223559
7611764,4.179515
2645165,4.452112
13063417,5.1940293
18777049,6.4403725
1260031,4.938957
7713509,4.8751035
4445104,3.3440914
10772378,4.3304343
1252327,4.8395844
15034827,5.7715597
8238028,4.434621
5893791,5.8524356
15471763,3.9617739
16442395,5.0800686
4359921,3.9855456
9275442,4.254782
8336347,4.2057953
16467383,4.5829096
16526902,4.765317
5310304,5.037636
4651354,4.3638973
8555411,4.2592316
2151104,5.489068
15020558,4.007699
1684152,4.2234573
16176042,4.4452076
14076357,4.9891224
17300611,5.3488607
4738275,3.9984922
275976,4.79553
19500430,5.0554194
15959464,4.2101564
13417410,4.736962
16288167,5.3058877
20355282,4.73481
3111197,4.239898
11553692,4.000405
10787333,4.0039215
14575962,4.980485
18010065,4.1128836
20542967,4.37159
17222935,5.041913
14577111,4.339626
11342617,4.947573
14800291,5.2234716
2717461,4.5946493
19609887,4.444117
1174758,5.6189475
16122505,5.2491813
9413842,5.36542
14772877,5.080439
16965043,4.798502
14778622,4.2295003
17342172,3.966388
20769841,4.680681
13800346,4.1453524
9175459,5.428454
14968345,5.253087
13731572,5.165245
13515084,4.2615013
17927087,6.207374
3817210,2.8455944
14467602,4.117922
13151009,4.2710276
17980098,5.364207
3101535,4.2032475
6292699,5.046541
36067,6.0969534
9921763,4.3618984
741202,4.752005
5174955,4.6424603
9645880,4.7221274
14089742,4.970213
1232925,5.210521
8719788,4.9958787
18357504,5.4148936
15717820,4.0808115
12830201,4.9774823
992676,4.3017344
15381807,4.643901
13096778,4.7753496
15621583,4.475801
20587645,5.600941
19115864,4.119614
1083221,5.065069
15732386,4.774469
10020079,6.530293
9487251,4.6057515
17158200,4.4161677
13044495,4.465377
4332953,5.5952315
18290054,4.385069
4860876,4.3216405
978449,3.932063
19460197,4.5353427
16841844,4.406329
17874591,4.7951727
18823750,5.323085
14163324,4.298648
5328444,4.438446
13296589,4.4551163
6633846,4.9819746
13528866,4.8191867
12268761,5.1365514
19066400,4.4051847
15648776,4.0392833
9679914,5.730454
2227179,4.6339464
10520537,5.2339134
18940344,5.0056424
10126600,4.8915224
6344936,4.867532
5970073,4.000401
3372289,4.115658
10394235,6.1491566
16975094,4.6180754
6795093,4.420583
17078863,4.9594703
20067562,4.864037
16609266,4.4795704
7807850,5.498807
15296647,5.291274
9215842,5.4039474
16237242,4.771271
20992927,4.596236
16400983,5.4767175
83760,4.6723695
8275676,4.3083467
5316660,5.3713665
8168139,5.1312423
15408863,5.047395
9633184,4.479482
16517205,5.0595407
16703741,6.1998878
18213463,4.6812353
3728303,4.300562
18025875,4.406077
8391970,5.9456034
1266411,4.338065
11437634,4.2321258
4813423,3.8909726
16193757,4.8827276
18396312,3.897488
14351693,4.257519
6958342,4.7117453
10656899,5.6280193
6670064,5.544953
7854052,4.355368
2943313,5.4611397
15958841,4.9206324
16703591,4.4735546
9929658,4.248737
5415052,4.520425
13546808,3.6880093
8114865,4.6810265
17030043,5.112453
14122231,4.3182125
7401786,4.572161
17179277,5.6937304
16733317,5.132218
19208402,5.5981755
7309852,4.26749
19096603,5.8110647
1316691,5.126069
231414,4.7993684
19845373,4.7828503
8170822,5.27156
6386363,4.617116
2658325,4.293226
2384833,4.870543
6250041,5.1475844
13298771,4.3250756
10588705,4.978741
8904937,4.1710324
7852469,4.793005
12643737,5.770703
9428356,4.3147697
19894934,4.794795
5813715,4.7081327
582686,4.843305
20047337,3.9164011
13328897,4.309684
18414233,3.6578193
15805015,5.379262
15808888,5.0297213
1248661,4.5564227
15421637,4.917261
7110657,5.196613
17523630,5.1997585
15114265,4.715549
18396762,5.0566435
4277696,5.355974
1050419,5.3683643
9769921,4.426967
13303560,5.1114855
4559312,5.3466377
7918170,4.5469666
10842610,4.9428544
19947224,5.33205
7776523,4.368538
14281484,4.218478
15821383,4.3230557
4699061,4.6203275
3592191,5.9294276
8615758,4.377421
16791288,4.3837137
3732441,4.2197194
4784846,5.006903
168546,5.0908914
13063294,5.0759964
18018995,4.9859815
1251566,4.7361503
10531003,4.120172
225887,4.6513724
19566884,6.1622977
18361820,4.265675
16799328,4.3398213
14839021,4.4328113
14303761,4.0700727
17251611,4.884114
18547981,4.7411704
18526850,4.478052
14705209,4.3510256
10701568,4.9692984
15206599,5.0054626
9415685,4.291853
10798553,4.922044
16634357,4.4407043
7062359,5.829722
15529336,4.7636814
17378741,4.8578615
4791389,5.0579042
10333345,4.341502
13417080,4.7990685
13830415,5.0350657
10392932,4.7949877
18076273,4.308478
6120001,4.6291766
17940576,4.091277
16054188,4.295234
16427955,6.235726
13869356,5.2429075
13711597,4.8240566
17640722,4.8050404
20829001,5.2099442
16724357,4.7497044
14587974,4.766772
9413714,5.446683
16615437,4.8843303
19805940,5.935554
282863,4.5161467
1027843,4.618022
12990286,4.9862103
10996261,5.140377
17460510,4.010823
13655759,4.477903
2155345,6.2284546
2942121,5.170626
20395487,4.8177314
11544445,4.7581587
19072587,4.106951
13126529,4.9614687
861775,4.1392
19289288,4.2316113
16939981,5.03501
12836671,4.9552684
12844543,4.5580626
14930008,4.706509
1938762,4.184557
18393054,4.532612
856440,6.356021
10377405,5.614657
11520967,3.9040065
19847690,5.2155004
14233165,4.956958
16765113,4.1681285
7651497,4.7310452
18374250,5.088551
13941732,3.8747787
9550310,5.5139704
12886507,4.353387
19791513,5.121622
13171246,5.2482805
16662425,4.7967424
16644766,4.425091
11625317,4.8076043
31796,3.8843298
16507804,4.3464565
861486,5.5928493
7329782,5.651597
6921831,5.733315
15745537,4.4802756
6064471,4.615986
18911095,4.6786237
13969424,4.736495
16113950,3.9959562
18404432,5.0482216
18061470,4.418064
18565752,5.19748
13648600,4.0716915
19731405,3.9026122
8846542,4.348696
11870731,4.5301013
940794,5.4438334
15236053,4.7003193
7972727,4.212113
3614159,4.859998
537446,4.7001114
17105447,4.302862
9316079,3.821262
14808072,4.963434
12037967,4.8095703
16490513,4.7233653
16662089,4.859597
9525490,4.3918366
19289583,6.073554
14802377,4.313471
841337,4.7990174
13901887,5.1854296
1044731,4.3562956
7776769,4.5782347
6968231,4.2865252
16996468,4.1611853
7126996,4.389841
17105986,5.3708353
257097,4.751308
10418749,5.1485844
16857907,5.0238447
17030018,4.871942
16704776,4.598909
7869876,5.2532687
18475792,4.649474
14198884,5.2390556
17405146,5.467099
15448502,4.9337044
925318,5.0998554
11584799,4.504644
14503708,4.4999237
8166218,4.9254165
15073369,5.02312
11118670,4.3189106
10195383,4.3428082
5424052,4.2254567
16189358,3.7774103
2223085,4.179132
16416112,4.2815785
12563328,6.159729
16604112,4.7673955
2592275,4.7750025
4823654,4.763665
12367770,4.81365
13585835,4.1463885
16269256,4.314631
3139043,4.778246
18396281,5.0808387
5172992,5.2776446
9461317,5.003614
17712166,4.3280554
9836125,4.6806626
9574953,4.488106
19607812,4.5775166
10049335,4.869207
8369895,4.4065356
1864230,4.3018155
3494073,4.3384175
5577875,4.7648244
8459696,4.839803
15272414,4.9076133
2764131,4.296852
17367369,4.4003
11574642,4.1669164
12229958,5.255884
14052292,3.5754426
8034514,5.734482
5297788,4.0244155
4085040,4.217277
9532329,4.2258215
5748614,3.9652658
17591030,4.4211006
19161692,4.9367476
7030990,4.142278
18427460,5.040599
4041806,4.0376725
15803552,3.9575098
15166572,4.9671817
12836797,4.1987133
5386280,5.13164
18075511,6.196768
4907161,5.3751545
8729771,4.7746463
645780,4.381336
16550856,4.7810564
6649555,5.2447786
12657039,4.28622
13282284,4.7972345
9923319,4.6902194
19123593,6.2272863
16764130,4.5374002
3485539,4.2822223
15738299,4.351897
3664031,4.7558336
9855531,4.48843
15318231,4.682103
17669048,4.783798
15486009,5.144261
13333087,5.0269833
18057067,4.4787283
16759371,5.5524445
13528768,5.2891374
8799559,4.5154343
6591601,4.2023096
9836642,4.861905
17173266,5.1632833
10965671,4.286659
15986180,4.274489
15215376,6.604636
4347648,4.2203903
11923336,4.292193
13633448,4.817978
6732446,4.2982144
6679063,4.8176003
6927059,4.874139
16871364,4.5678515
14649979,4.739276
15820512,4.5565176
16367827,5.1096387
10688178,4.771007
14093337,3.6773927
7470253,4.816121
19894567,5.5142775
9152965,4.985843
537771,4.1713953
8368973,4.9184027
4173285,5.32853
19033924,4.347136
1582837,5.189021
86945,4.29973
17384226,4.7136993
15173640,5.9897447
5932092,4.9159393
3560261,5.1542096
14486871,4.758311
7292943,4.8948665
14220422,4.356318
3331279,5.872514
19799275,4.987501
1445542,5.8221684
8819442,4.3582106
8100904,5.425351
17750102,5.278454
15549085,4.9841385
14353790,5.062863
457862,4.3094277
3795794,6.1444497
10922889,6.344116
13462311,5.11162
7035094,4.3937426
9369699,5.6017365
19129054,4.824273
12872882,4.6733785
12797280,5.0251093
6611652,5.3455896
11851288,4.2347145
1439028,4.138621
7450216,5.424226
2565292,5.38273
3526117,5.0084724
14747746,6.075827
4144162,4.5555954
12386097,5.1061687
644833,5.0623355
13358192,4.922519
3095253,4.5052137
3775379,4.667984
11993159,4.2755156
3884614,4.187267
16324805,4.0462728
11136854,4.4822226
4899352,5.0645885
10454061,4.305225
21227461,4.7776885
19328837,4.4211073
17178977,4.6309066
2730497,4.882583
17570802,4.982938
18449565,4.771167
466678,3.9174852
715543,4.627868
7065061,5.445993
9806373,4.0914702
6638049,4.3486404
21154302,4.353825
17931035,4.906162
2274408,4.094647
7896923,4.055924
4727863,6.1599298
20756830,5.063184
4121879,4.9036174
12864095,4.592524
18635700,4.110284
13723589,5.407289
7114423,4.3147135
1652433,5.03149
17866336,4.4094357
16806512,4.3592057
4824046,4.295106
16588866,4.9066706
16297519,4.5494385
16348371,4.883507
5641644,4.616316
13825159,5.1079817
16000062,5.1439686
10380644,5.433821
14022815,4.294068
7163276,4.883019
6249740,4.859733
3503317,4.4000807
12275291,4.342492
16258536,5.269256
9243055,4.4951825
1515522,3.642424
11244308,4.688987
19416575,4.1482005
4188557,4.074625
20898244,6.262419
12328112,4.847156
15949915,4.6083755
14110175,4.9940796
423149,4.690958
121717,4.159475
6210980,4.3006635
9165191,4.24698
13031874,4.409146
12450026,4.1063166
17955831,6.8678093
7111917,4.4452505
8616102,4.677022
12270677,4.362849
17514674,4.536624
17494062,4.4607434
14628204,4.3866906
20355929,4.321989
14813006,4.325489
7732975,5.1302066
13749650,4.336114
17893317,5.5160775
6038028,6.0008287
671544,4.3731523
10637554,4.7393255
1906993,4.7009673
13802778,4.2338753
15664359,4.435274
15753718,4.418698
10060079,5.0722513
9539179,4.8808084
20763877,4.4813986
10088636,5.003044
10422987,5.046701
16997375,4.3639154
3979425,5.0037365
17175359,4.5629506
20410602,4.404218
21041382,5.3301306
82549,5.619737
213216,3.9233851
5307290,6.090576
13886867,4.290615
11971580,4.298052
3877477,4.3018146
8992704,4.0294337
10243685,4.3453565
12994980,6.079237
6909460,4.741235
14884649,4.3434014
18893482,5.269704
15250033,5.3750334
4607935,4.199628
12627389,4.175887
13468108,4.8541074
19494560,4.7961855
4122105,5.332814
956782,4.3482466
2723303,4.356921
18681060,4.8307543
6924942,5.46201
6837529,4.5068927
3434471,4.300364
12754450,4.3846025
18993190,4.7028537
13589669,4.929788
14838880,4.3268642
15028194,5.1221476
6974229,5.1080084
19306785,4.8227897
6861983,4.314713
20227539,4.423846
2278299,4.2002068
593253,5.383793
16256406,4.878202
12316895,4.1743994
15354260,4.4810314
1089619,4.899197
729771,3.5721407
9838585,4.5013423
1524895,4.3835764
16103540,5.6528797
21136787,4.6155505
20250864,4.9848213
17958220,5.0320244
7706099,4.7052517
16038601,5.316588
9460612,4.905551
11492423,6.1319833
11672888,4.9543514
10436734,5.0359664
2355060,5.218144
13712441,4.056926
18286926,4.99848
13672614,5.6415
10187520,4.319512
16345807,4.894873
7517504,4.305106
3861943,5.0471244
644720,4.8455853
9040476,5.97853
2254269,6.164437
7203332,5.177314
2524082,4.9996395
8006992,6.280804
11101525,4.7535224
20611,5.203481
695465,4.486226
17367175,5.2402644
2479175,5.0943923
13734123,4.6968155
1076362,4.6428356
668179,5.185452
15982486,4.9943123
20802217,5.6703877
15692540,4.1744313
4621213,4.4075217
8662518,5.150606
14945219,4.970868
6019661,5.8560705
10818256,4.381468
15086801,5.149812
17160220,3.7603712
13170687,5.226984
9827938,4.8760962
19925100,4.2982316
6784423,4.7641
1108893,5.0194216
8583203,4.191003
300140,4.068946
3489100,5.1659913
19271040,4.191004
14556875,4.203191
4092017,4.285108
11165146,4.4468546
15177338,4.4658084
15339041,4.8965225
11260839,5.1479974
6764884,4.6100006
15238608,5.586874
746270,4.2076426
16602143,4.5778575
601180,4.4284387
20600427,4.7080245
18051531,5.141492
12621291,5.207027
19328446,4.237395
2711082,5.2815447
11874190,5.6758685
16412763,4.952566
1966173,4.902173
14649624,5.04529
860446,5.711566
12932894,4.239882
2015168,5.409868
16451397,4.3464203
18357403,4.8825583
7583236,5.3389626
20392363,5.2929597
4998450,4.1660185
8371094,3.9836867
3739365,4.757574
13335782,4.6757045
13711334,4.066201
3554396,4.391946
8859249,4.7727275
6261381,4.962351
17498060,5.069015
13814227,5.174147
18134937,4.4808083
16479064,5.065282
663623,5.1520276
8831959,4.453341
7844074,4.1407022
5160309,4.1626325
9461345,5.5241275
19402833,5.043605
4129166,4.8617225
3864340,4.23595
19290385,5.0323553
12543892,4.803139
18946715,4.8362174
14743469,5.0546246
20194665,5.7216454
8935581,4.5331917
6644669,5.211738
3415794,6.302758
4766321,4.3522425
14915028,4.7983828
18394315,4.1043277
1360873,3.685292
9096327,5.711943
14944572,5.101601
6611419,5.495805
20648391,4.649262
12645495,4.303138
10724034,4.858827
16380369,4.296246
480737,3.9620705
17877837,5.7637053
7344349,5.0186067
14591043,4.4071283
14353077,4.633731
6870618,5.6446395
11767916,4.7699494
4250093,5.1881404
3757460,4.2061677
7032225,4.88831
16710334,3.9770982
1026565,5.505396
14731561,4.9721794
225933,6.086079
13017050,3.964523
16136287,4.086937
6169606,5.897777
58471,4.515424
17047371,4.4290004
20744968,5.066603
8166474,4.0129375
8252058,4.174037
12113494,4.729207
6054400,5.1649594
21028518,4.9701676
4633440,5.673733
8444013,5.6593294
15498439,5.020307
10861201,4.422611
18332922,5.315042
13394065,4.4745235
8444140,4.6053777
7279874,4.6546097
19505747,4.286155
1742144,5.2838764
667662,4.6709476
16669126,4.654564
12037554,5.5836506
17027820,5.4288116
11866156,5.2095566
20976767,5.869551
6012187,4.9834924
1332570,4.8797812
20033323,4.2514105
14982260,4.839681
10233905,4.601282
4160585,4.921052
10995738,5.0157585
14036741,5.303156
508326,4.639391
21138275,4.357469
772679,5.142565
16676113,4.2719007
2447647,4.690702
10388589,4.71228
2794734,4.074375
20006337,5.0450697
19786549,4.4071603
17420813,4.2258515
640813,4.14658
20145152,6.011259
6938730,4.979984
9979707,4.0996647
14786770,5.01866
20482284,5.6729164
20456324,5.148821
7052658,4.0551276
7743335,5.340923
1631278,4.262996
3095593,3.6961164
18105865,4.6846557
16525202,4.2880874
124057,5.2176795
9995426,4.4013886
17249161,4.573198
9155212,5.0388165
20802583,5.193985
14089808,4.923136
20247895,4.206386
20811420,5.090701
2042316,4.429988
7561686,4.4495845
13717458,4.5401874
14524686,5.13355
16117102,5.636362
16725021,4.3396196
10121019,4.3853874
16117085,4.274529
14112354,6.4499383
4885240,4.2128477
294263,4.1802087
17964221,4.231052
15898793,4.024029
19964244,4.3230886
5769606,4.321726
9557990,4.9839067
18359426,5.049524
18196880,4.3842263
6777741,5.1712203
19209477,4.7335825
15470563,4.6196227
12199977,4.8555274
17618928,4.3639913
17879606,4.158511
4500806,4.7115226
1101370,4.656065
611009,4.2373743
18201886,6.1814723
4785105,4.404481
12536508,4.8619723
10254619,4.4405413
16193921,6.626822
5050353,4.017804
4638668,4.8525662
14283423,4.4145675
1121391,4.9574256
16402189,5.1196384
14338724,5.596955
11258581,4.968129
3085133,4.3047633
10137499,5.2776413
13606677,5.876197
20788050,4.2215633
4720740,5.2022953
18668105,4.436895
16489642,5.1427975
7481692,4.8652487
6270767,4.3290644
15896193,4.4662433
15693986,5.3507986
2683387,5.0092273
17529793,4.076486
3325310,4.1258473
9904487,4.91467
15972786,5.928992
4817208,4.9790177
12365159,5.282526
11174,4.2826777
105416,4.6398225
18018826,4.3083177
9452406,5.2641263
14991942,4.436194
9112240,4.8520136
7558748,5.9458017
8438775,5.0033927
380730,3.982476
18076816,4.6079917
13474702,4.2890105
15518165,4.137632
15453074,5.424061
14140905,4.818826
15558562,4.046771
19437355,5.7657466
10041002,4.869373
13683769,4.4226227
2407940,4.3605566
3583702,4.8909235
1521335,4.129892
4275896,4.662822
16535277,6.2814393
13064386,4.714912
708358,4.3869205
9129113,4.3926497
180174,5.8616433
5102836,3.7420135
9492785,4.5788326
1863106,4.3920255
16350888,4.1144643
16006690,4.6297398
7177417,5.7800198
14238138,4.8701653
10910647,5.6423206
14114009,4.5338984
20478951,4.5118604
10293739,5.1625924
1901631,5.183765
8025808,4.19651
17255673,4.973735
6835487,4.840292
13182093,5.113047
9766922,5.977874
10751162,4.393012
20022710,4.265141
19379952,4.7784057
17862151,4.4336357
13058047,4.817507
10085521,4.9561915
2163602,5.361986
18139673,4.8935337
11911675,5.857064
8084550,4.467294
14235394,5.1425104
8381173,4.1153197
16737042,4.992322
14303024,4.9619417
5183225,5.0187497
16195015,4.899782
4519926,4.9502616
3421927,4.8331056
14547628,6.0433187
10166953,4.286392
616897,5.2882886
14312075,4.8382545
71502,4.297725
15915444,4.6523457
18270838,4.7639775
11756304,5.4050097
17423613,5.1578503
17847542,3.959301
12558307,4.2242036
15915152,4.9233446
19049402,4.493536
13909222,6.0501423
5969530,5.3685284
13449737,4.2522607
16462547,4.872129
17592063,4.1555176
11141064,4.29816
697260,4.2313857
7744854,4.566514
16031249,6.024652
1684346,4.661719
17777654,3.9510758
21120066,5.0588503
13769022,4.081017
1511076,4.396059
16518454,3.9944026
15483346,4.7712893
6871605,4.8385997
2544937,4.343745
18377794,4.101785
1271318,6.309956
19227069,4.161427
18079562,4.2349358
9676514,3.9687977
13187816,4.0627604
2108851,4.414592
2883054,4.827016
3175657,3.9324243
9778655,4.3800397
11080366,4.3733315
12207508,4.7959266
18254135,5.6004324
19135956,5.0864687
3651965,4.3571615
10587549,4.8167152
12973317,5.0790157
14383928,5.6446395
2650178,4.211977
18223641,4.6518326
7134550,5.1895647
14834339,4.3784785
17437534,5.14877
18244935,4.3280206
2134805,4.797429
7898284,4.4234943
19942080,5.5363755
12427898,5.039181
681361,4.9526944
4865377,5.460536
7900546,4.6991477
19825573,4.7513423
55590,5.198972
319707,5.238726
4874519,6.383195
14727682,4.8369365
1045897,5.321768
7235320,5.2675843
11260762,4.6664934
17979354,5.7718945
17421433,5.06968
5107706,4.16975
16444491,4.8099217
11685868,5.291436
2660412,4.002404
16001745,4.2678595
2243125,4.5750046
20681294,5.2088165
7545212,4.4867105
6716477,4.9207487
15236335,4.827523
10568710,4.8270926
16480716,5.7405267
17320749,4.281733
11147156,4.058231
17529380,4.2963014
18902025,4.677651
14670860,5.628126
16056607,4.752236
9593388,5.7123423
21054650,4.471225
4645755,5.7141247
564074,4.3499618
7389360,4.7128835
4223387,5.4212203
13433870,5.31059
16051694,5.0546646
15887871,4.509121
6421799,4.541872
15512725,5.217004
7921643,4.875891
12158884,4.0408955
3601254,4.8171444
18987899,4.7892346
9115165,4.275263
6336834,5.5342846
20190580,4.234333
10701625,4.1359534
7700185,5.903138
11417978,4.201667
15189516,5.3100896
6689542,3.7446725
2815041,4.145535
11760914,4.335411
7071403,4.954204
16389777,5.201969
6711144,4.0646553
218672,4.4519296
5784531,6.2098017
12095161,4.963153
13309259,3.6307878
15373282,4.264109
7916575,4.114411
12751209,4.231776
13514484,3.5837882
17575147,4.849628
13598658,4.451298
17160425,4.5485387
16070042,4.0677967
18321712,4.3302016
12433302,4.55246
20781985,4.833852
18857472,5.024063
18124604,5.5479507
19822620,4.363346
15330302,6.050554
20026270,5.0730247
15914579,5.1518145
17152824,4.978163
1949657,4.348348
14944166,4.4284577
13326671,4.1173506
4143695,4.4933343
20896605,5.2664104
18993091,5.085932
905314,4.6827683
21075513,5.286713
12390575,3.8062985
5366238,4.4169526
8281370,4.1813254
5785674,5.5381713
9707671,4.7829504
1737628,4.342959
14805984,4.6726937
2262357,4.361665
7151854,5.002531
16999240,4.8815746
13585081,5.0218806
3362970,5.158145
12567214,4.400188
15336197,4.348166
16964408,4.190674
18721027,4.7626104
20649687,4.7611365
4685970,4.141042
20435543,4.7832203
13761654,4.417282
19844500,4.07633
18266105,3.9335577
12684235,4.2275796
14013101,5.3970294
20119785,5.0898128
7987971,5.4873133
14749412,5.717282
11122042,4.2921143
504295,5.1185904
7886732,4.3510733
7775627,4.8785887
11802428,4.9200964
12210237,4.608672
8053887,4.646176
6228435,4.858465
19272653,4.3053617
8473735,4.1740403
258838,4.5798845
6205219,5.2135887
8973787,4.821978
6259639,5.325244
4181102,4.3904486
15177733,4.8862033
15482081,4.294566
19625292,4.994179
15650434,4.851018
16647602,5.0133615
12564715,5.6173687
15284961,5.5581183
20731906,4.862923
12408773,5.478899
15764090,4.377074
2079686,5.230335
17118782,4.424851
13061972,4.9769945
16362644,5.0395274
9606305,5.344094
4103323,4.922274
4303600,4.261201
9453249,4.1560574
7902291,5.505106
15463873,4.699834
12813625,4.8037705
10905572,4.994011
5202631,4.3892903
4562350,4.402507
18842507,4.907155
6243643,4.687634
14045785,4.964146
21165312,4.478016
20978951,4.346575
15420453,5.352683
6130957,4.89571
6062745,5.1079807
12763385,4.520251
3488199,4.881692
6397094,4.234732
197756,4.0556884
3101728,4.309082
13589415,4.0577297
4607462,6.402057
8933153,4.749679
17608575,4.664819
20651803,4.0789866
9063428,4.3143115
13138104,4.5706067
21160858,5.8519564
8905790,4.517189
20690681,5.8830104
8404349,4.9032884
12309190,4.5005693
982304,4.781449
18176917,3.338689
3563041,4.605657
12758519,4.4079843
17386464,4.868046
19304453,4.1914682
12833358,5.0262947
10605445,5.173537
1333006,5.2048883
12814696,4.787701
1467025,4.822275
13076938,4.1115165
791191,3.8840916
15144916,5.3029284
14011173,4.2244368
12522062,4.8774147
13030999,5.236816
16258945,4.5167956
19072989,4.797887
18091194,5.8725986
5418807,5.4603505
10000470,5.8726964
13375936,4.4729505
8133275,5.7704782
10910288,5.364748
16309474,4.4049563
15378775,4.2219663
13788701,4.2252016
1545266,5.24043
16246111,4.9580555
20803490,4.2366915
11190379,3.9762638
7457615,4.1145015
8589299,4.338055
19807710,5.0157785
13504747,5.7091017
2019755,4.0965166
5065185,5.1251264
20056328,4.7788696
4000133,4.743958
844117,5.246716
13698932,4.0343924
20285033,4.291296
1084649,5.0988674
16813264,5.3185625
553370,4.5458207
15742996,4.714953
1623443,4.4676023
345430,5.8769684
9924665,5.635912
5008402,4.7544847
12227565,4.272833
14014993,5.13413
16189517,4.2861075
11738926,5.3223686
16154541,4.931944
16330484,4.5584254
7382396,5.24655
15620823,4.6965384
3750917,4.9086394
16479914,5.2301526
17475107,4.423856
208831,4.047993
14588156,4.6108513
10470115,5.737321
16691154,4.4306307
19615294,4.7353215
4038587,5.0195847
2748094,4.354047
5969074,5.131086
20599841,5.1127663
16228603,4.709519
20206749,4.373377
10019388,4.7406073
10023082,4.620937
15161981,4.103639
16866,4.40246
9969773,4.351059
16565709,5.115861
19314680,5.0450234
16561442,5.769878
15806642,5.549442
14386727,4.5043287
146726,4.369205
8995215,5.2554593
11949881,4.092547
16468614,3.9366305
12874125,4.7915735
16134304,5.845932
13265829,4.1769447
16243107,4.995519
20851751,5.4503827
18179606,4.121575
13263519,4.228386
5104046,4.8896337
1528568,4.1713705
20406782,4.909776
4810148,4.8265085
4628603,4.7929354
13800319,4.601953
16696243,4.2252836
7912958,4.4092913
13700159,4.0884113
10117951,5.533581
10880486,5.250886
12513116,4.9357095
15971127,4.1663475
14314293,3.883717
7402354,5.185005
3465977,4.8071284
17188465,4.887084
15205214,4.2596464
13331968,4.4719305
12188895,4.4847183
892059,4.3743496
10163955,3.737472
16368033,5.533849
5029703,4.5412583
15857473,5.1094394
17961994,4.7320433
8592609,4.173487
7280717,5.0135436
6712618,4.8505487
4822948,4.1185327
17992911,4.673621
1712669,4.722165
18602265,6.2207108
12982866,4.2261443
2181871,4.46843
4124231,4.36167
8339307,3.9287615
20138516,4.3012605
742795,4.330389
10494550,4.9637237
17928931,5.136207
9066741,4.29254
17517319,6.067093
4183797,4.369229
15774266,4.4366536
17240832,5.1956115
5241043,4.0473084
6377142,6.257925
838589,5.5463457
8035797,4.85098
18716560,4.0759444
18692028,4.974522
16191009,4.0627313
1074090,4.283222
1099387,5.1881404
12673949,4.725216
15900076,4.328002
9580218,5.474547
15967943,4.9720616
6854357,4.2089086
20918764,3.9695156
4546721,4.34066
12094845,4.475176
13416789,4.7092605
17398509,5.767485
4089940,5.4729166
17591356,4.9782243
1069266,4.2233315
13563897,5.23495
10343320,4.56975
824421,4.7960525
13914008,4.848842
10075227,5.2893267
16040760,5.151539
15037609,3.9800322
9294787,5.0065846
15492561,4.364453
18214019,4.646966
1598328,4.8341994
7238041,4.2338734
12964066,4.6032586
17609594,5.777626
15066466,5.1008267
2110938,5.322601
1764106,5.139964
13006232,5.0095463
848707,4.156872
21023216,4.8012094
15132855,4.9022813
17027497,5.2871966
1142338,4.4201255
15057679,5.3940225
9530293,4.737821
5929157,4.189779
7454378,4.096739
1373260,4.746477
20745208,5.1808395
2415563,4.937888
13435559,4.087698
16176268,4.4414897
3729234,5.7180204
9593186,5.5693507
33577,4.527669
13157778,4.5012417
14385056,4.906057
546600,4.5991707
6014961,5.597548
2141667,4.2483225
18580155,4.2936177
4775614,5.1762023
19911620,4.8966155
9865583,3.952668
1030271,4.6263914
11241809,3.8369577
13711038,5.3491173
13018742,4.5368004
13858626,4.6965184
9978619,5.6332736
8428506,4.765523
10928233,5.177279
15373017,4.5088024
6248838,5.519025
21169968,4.477565
14965978,4.475217
20454587,4.519745
3788075,4.0984154
13697008,4.551704
13219821,4.678205
15007810,4.3471246
4637515,4.2480874
19269531,4.752849
19877871,5.470805
14483571,4.249113
15422969,4.3375463
1304410,4.593912
12064710,3.7548468
14406189,4.332239
20831853,4.365274
19019422,6.021454
17575433,4.822864
7476702,4.950096
3821677,6.325193
16823405,3.4873714
12871310,5.27862
16546557,5.2459564
16426700,5.0505676
747416,5.5552764
891661,5.592969
16924784,5.233455
2093816,4.709382
8827147,4.3917813
11480301,5.883735
17908743,4.1529875
10068240,4.7320437
6164467,4.42769
14353213,4.377966
3916111,4.3278766
10946162,4.857318
15643138,3.678542
17175106,5.1064024
1925956,4.1302624
7995834,5.0630374
6338562,5.4873013
9157504,5.4086494
14571580,5.0218344
14264192,5.3273835
8924504,5.232572
17989108,4.181812
5292580,4.3624377
15643873,5.736513
19963641,3.8134382
11827928,4.679792
6424392,5.1831264
20910700,4.412483
12973597,4.9317994
1546380,5.069079
7350245,4.5921817
15193818,4.5485315
18004658,3.9224966
15408774,5.7192693
13769969,5.1281147
18194429,4.112943
9615953,4.2769027
14593443,4.2858067
16133782,4.2538652
998701,4.8592806
4499914,5.0623183
16469278,3.7728543
17738258,5.60578
9857891,4.8282843
2436587,5.1006737
2351466,4.793926
16202095,4.9470677
24349,5.5701284
673248,4.585905
300343,4.668015
14415143,4.4556737
1778294,4.9440274
16489214,4.1892524
13845538,4.931798
15917278,4.227314
8052494,5.7917876
4802299,4.518715
3319023,4.9664173
16269446,5.0044746
3761446,5.5189857
9699394,4.2964354
4476605,4.58926
1311846,4.869425
16355347,5.5378566
10996579,4.753163
16315246,4.8222303
7322656,4.3682103
1873595,4.2053227
7732528,5.7626977
12402232,4.3967505
19470661,5.222511
17240994,4.591531
2274084,4.9673047
19711028,4.878064
6071737,3.8613482
14490160,4.1906633
3545751,4.5027633
15101317,4.8032904
20651136,4.89158
9685336,4.9412704
8244781,4.8803697
5404627,5.264852
14370503,4.6532598
13999822,4.9091706
9768333,4.1959186
9928235,5.513408
18091600,4.3178883
13157014,4.8202205
7244885,4.66884
13371633,4.21658
12609202,3.7494185
17534189,4.501614
9348456,5.1216598
13347510,4.6071587
16368734,4.9822006
18598037,4.840209
7460217,4.3233414
5530691,4.5198503
1356471,4.3589783
7577594,5.088449
17716077,5.0213027
16478472,4.5470424
16845669,5.3660493
842494,4.138398
14616134,4.806784
5682873,4.866207
4661955,5.803148
794626,5.0290265
20727924,4.330894
14014128,4.3040504
4209927,5.2717957
17108306,4.96214
17713865,4.8762174
1455937,5.554313
9494277,4.7033544
17043468,4.4066424
17000626,4.077043
3020271,4.554176
12427868,5.3259907
8680417,4.455813
13514229,5.347931
4677679,5.416457
9769817,4.3698287
424793,4.852135
14711340,6.859948
16960859,5.0780606
16667066,4.4194856
16925176,5.7245255
15377187,5.6589303
935695,5.1738067
16586135,4.619743
12932992,4.109469
20167609,3.9145734
8372226,4.0323195
860827,4.1135473
14429433,4.4446225
17289246,4.8003383
6327529,4.7735724
8275052,4.892184
18226629,4.5210495
6780285,4.497356
15943835,5.833276
17652234,4.0581813
17334035,4.722926
20598137,5.8394847
20476765,5.264466
3655310,5.247596
20005568,4.835309
15360364,4.5470033
8412352,5.2428346
6888674,6.048674
8110327,4.9760513
9609088,3.844703
20068905,4.3285584
11911230,6.3331957
7410868,4.3305073
16812540,4.3662796
16614713,4.5816097
17628362,5.714517
11048603,4.691194
11150447,4.326984
16055131,4.920155
16917226,4.976553
17283430,4.2999587
20495736,4.275933
4807937,4.2233963
17779950,4.7846456
9434801,4.7946143
9289587,4.3624287
3191925,5.0540047
16974742,4.896186
5897622,4.5791564
2550527,4.5395513
564463,4.73308
7562838,4.402115
9493932,3.9831972
15702970,5.043859
15058095,4.5293283
9308016,4.8396688
17363063,5.5500307
16271953,4.4081287
9827799,6.111608
17406345,4.888325
16010783,5.3995543
15407480,4.114954
13811666,5.952503
6272125,6.1730714
14781618,5.2520547
51852,5.077907
20710652,4.524307
15603586,5.0636406
12763538,4.0501037
13395513,4.528963
16880410,4.206711
12957659,4.583976
7647262,5.478729
4849864,5.5672593
19904929,5.2262406
623906,4.4253926
2299803,5.395658
16630650,4.876086
14120153,4.9124446
6072693,4.2729306
12543437,4.744996
4023585,4.4085107
14576133,4.5772686
6482531,5.4508853
6210050,4.3284674
267716,4.375082
18075939,4.9424577
1151952,5.1259346
11798646,5.048774
4698390,4.4650116
17255213,4.542074
10058059,4.476771
8762105,4.814401
4661030,5.254459
11031060,4.4276924
16914748,5.151737
6729380,5.019403
11972493,5.5057015
2186699,5.077254
15310686,4.2179866
7435181,4.3685737
1074406,4.11108
14015625,5.1004243
13694127,5.451832
12783148,4.7602906
16309856,4.353986
8703711,5.0758324
4743338,4.231914
1750722,4.8804607
16439121,4.0356536
7663730,4.763246
16194781,5.1248584
776765,4.7830667
13900931,5.217515
5619385,4.185692
1233090,4.7231584
14203334,4.7590265
13862199,5.0736523
13199140,4.8566937
18872067,4.0715322
3908221,5.345196
18277566,4.142211
14551164,5.0681286
5016022,4.708136
15399986,3.9304602
20775042,4.904267
7565152,4.2146716
18286232,4.8481193
16259787,4.824483
14109840,5.517177
9219588,3.9088664
10948459,4.780766
19653893,5.0261965
14044530,4.370364
20399118,4.7772403
21065004,4.935466
21070346,5.995647
21152513,4.318233
16492064,4.817772
18842882,4.9914026
7275497,4.1965523
4185822,4.76523
15928201,3.9334188
15298394,4.870004
3132919,4.44198
140660,4.530298
10339986,4.209806
13996743,5.268003
12902944,4.907351
20790125,4.3082633
14068515,6.28497
16855285,4.5791187
13264163,4.3998823
14029683,4.3119674
17211488,5.21621
18490248,4.69882
16147718,4.648621
19381683,4.822107
16263502,4.790461
16528572,4.321814
16172326,4.716973
18141001,4.2653966
19242994,5.210542
19173391,4.8750615
16425896,4.6363974
473035,4.731738
19979480,4.8794265
11148542,5.3952355
13328949,4.7820783
15132221,4.4604716
18890521,4.410088
20950497,4.994429
16111572,4.208483
10911128,4.751223
184764,4.220471
18290841,4.334758
2566102,5.3985705
4902063,3.7537913
14138133,4.868719
2259344,4.3566456
19334358,4.3956604
19806749,4.7435446
18447691,4.6885176
13098701,5.043295
1085657,4.2428985
9927400,4.114233
11791968,4.919053
7772309,5.3102818
12123195,4.353801
19991488,5.151706
14576922,5.2257805
3425041,5.628691
15419915,4.408746
13525944,4.1512733
3779790,4.980976
7748456,4.2064457
5948590,4.2000504
9790355,4.700485
13607745,5.2349634
4400854,4.5084453
985261,4.772089
13883795,4.6196365
2187847,5.018332
9196572,3.730996
12493196,4.6706924
12143408,4.395648
7717877,4.7985945
19414664,4.640302
6896225,5.2455735
9216997,4.153865
12608521,4.481154
17401993,4.1847844
17449634,4.8318505
1112067,4.294012
9772173,6.2264414
3962586,4.3894453
11207835,4.0450215
16416743,4.4728723
8017538,5.4931126
7274041,3.7721038
406673,3.9282534
15307748,5.183598
7483883,5.618904
17608648,4.123228
913496,4.2420063
17979772,4.306762
9740386,6.129208
2960160,4.4494915
12539103,4.7193494
1741837,6.2149615
4773463,4.893074
16054620,5.334974
16220188,4.9216747
15354249,5.9195704
1076726,5.403105
15433561,4.553588
9278319,4.336067
739143,5.003488
4783355,5.1947284
489086,4.3600025
18431990,5.161119
11713271,4.5853515
6880336,4.332257
938330,4.285356
16769782,4.8975368
20773223,5.4824896
1229484,3.971559
15143513,4.7731476
4045632,5.2549825
15156901,4.36525
12854553,3.9538488
21175464,4.8939505
20135169,4.591144
18364166,4.3286395
12814508,4.458153
9527053,4.050747
8385903,4.696449
15437290,4.2555947
14935185,4.7201314
13176869,3.7358382
9211536,4.10392
757187,4.3902535
11457547,5.507312
19458945,4.9572773
17198199,4.314725
3870158,4.224104
16693777,5.1843476
2544914,3.9986784
10503307,5.1061773
17287629,4.291923
7868588,4.285754
16396028,4.8871336
3629217,4.2968574
18806323,4.09774
16290986,4.3868546
17958894,4.279119
4541089,5.7066574
8391195,4.3794284
21112025,4.9859643
583255,4.7623897
1806637,4.7012277
14611551,4.122459
17981447,4.423759
18221524,4.230106
6946479,4.9961596
11701123,5.0395737
13280459,4.715609
19050595,4.59906
13967723,6.6157646
9182043,5.0120187
13864196,4.544203
4317051,5.1600056
5401572,4.3518624
16910615,4.5037327
15898967,6.307032
5204646,5.153928
16006015,4.279942
16463837,4.928827
20685835,4.4750586
9989027,4.3726883
14236890,4.2839694
5661282,5.05336
978615,4.2501082
18081006,4.518953
12241342,4.3754215
4582781,5.0205884
16632284,5.1681504
1023702,5.218438
17094999,4.0413055
21053432,4.1249247
13103854,4.824579
8052915,4.395476
20584378,4.9231305
10971436,5.573048
17479941,3.7583966
19927108,5.051463
8015565,4.2678456
13031732,5.101652
13065414,4.3994255
16424338,4.2794857
16056061,5.136145
550296,4.193856
16685105,4.278427
3030982,4.9191236
1728625,5.332904
6327352,4.831891
15192482,4.3408995
15177154,4.699252
7293330,5.4688907
819794,6.619582
753896,6.537604
19427714,5.3516445
8964795,4.1524644
18253672,4.330421
7619668,5.286072
13209380,4.7255564
11521541,4.1794353
4875549,4.3533697
16151207,4.3805733
16982980,4.1883063
6348379,4.891985
19719467,4.4551196
5640969,5.020748
12916885,4.319791
763809,3.8729658
10517632,3.9033008
12713991,4.2338367
18934313,4.511131
11590920,3.8829613
21065293,4.9284444
11800108,5.0335126
6474627,4.875747
18931595,5.376827
11667910,5.2034183
6043362,5.6015677
14179691,4.9413857
3718962,5.243926
711635,4.7219977
12268921,4.3304186
17621130,5.092418
8341920,3.4771435
14885592,5.644372
13533165,4.4210615
1817807,3.9812915
10270735,4.3397117
10097934,4.366453
13996617,4.7077084
94783,4.0931664
11411361,4.8120313
2818197,5.00477
15683773,4.477489
395975,4.834178
18616809,4.1069756
19550212,4.2594004
4315562,5.2904253
11659619,4.4155645
7647268,4.3890586
16126364,4.777775
20995620,5.1703625
11967498,4.491691
16156364,4.1687217
52757,4.2780023
9112676,5.1720824
16240022,5.15035
8442672,5.19323
13169559,4.938664
16047916,5.2423096
16770085,4.8930416
14489755,4.3570757
6184827,5.181236
15253221,4.193143
19700646,6.0919204
19019277,4.899411
16619247,4.5810275
10925309,4.6942234
1614830,4.6271877
6031650,4.432752
11826815,4.8977933
6881827,5.1929336
17403733,5.189057
21110494,4.2992697
11180658,4.3658524
8132840,4.806621
16578076,4.485526
13846498,4.397304
16657906,4.165564
17731370,5.146431
21111948,4.4434867
18894295,4.418025
17444005,3.9614205
6522270,5.214675
10333567,4.174893
16428041,5.3401427
3790798,5.9790053
52713,4.883507
18472835,5.15816
11261280,5.1503425
1860478,4.6775784
10249076,5.650316
1102623,4.621326
1708038,4.663613
16841125,4.4062924
51922,4.0204735
11375207,5.507285
3870793,4.0602117
13884076,4.1588492
9888667,5.0548973
8867556,4.3411846
9633920,4.72814
17795029,5.365486
19944735,4.8219237
12466797,3.7235937
8760863,5.2832594
7073436,5.7772
14693955,3.917938
13175725,4.3471217
14049707,4.0268235
15290994,5.098649
10928176,5.389151
16405079,5.7176633
3218873,4.4450946
8170946,4.905942
5992686,3.9566352
6478566,4.213507
13857866,4.724224
17608563,5.111305
19018987,4.835238
17156578,5.023076
10513335,6.334078
16133101,4.9241943
5276908,4.2876964
15020932,5.837046
15995281,5.6666903
27531,5.016101
18841628,4.8543243
15822522,4.482284
11326009,4.126314
5271063,4.440557
19204889,4.014173
3678794,5.3666787
21134697,4.2255726
4765892,4.780515
6043517,4.492811
13397862,4.965766
177540,4.7604675
16322619,4.592255
10686810,4.6278033
12173827,4.344497
15132100,6.2871366
9563163,4.436828
6908672,4.985078
5363669,4.4818892
15063125,5.071334
5110541,4.577657
9341144,5.2924185
7280861,4.7869062
16676318,4.40022
15110802,4.375767
1435289,4.762598
15963474,4.226742
3616003,4.1302
14167624,4.4976864
11659752,4.29129
9196408,5.042651
19310554,4.41927
17510567,4.9163613
5632452,5.0562196
17548191,4.2319517
20659824,5.2291265
13490410,4.616537
16352342,4.4428015
18159239,5.9843106
16939098,5.1927915
14967360,4.2275543
10473676,5.041526
17634031,5.6598377
16706083,4.6613417
19345351,5.2684455
4294557,5.198144
10434432,4.996848
18515961,3.925821
4671712,4.936547
273530,4.8969436
10516626,4.1476173
18997559,5.5836253
19825276,4.9442477
17569022,4.211842
17657537,4.6633034
8813695,4.9642954
14085512,4.172301
16350341,4.1594987
286866,4.27278
15999431,4.242698
7639084,4.408694
387562,4.69484
9040796,5.603869
1965122,4.9002547
6472628,5.9884176
15173160,5.1901355
9645339,5.858072
287417,3.6245792
13941460,4.1088223
8001587,4.2400804
13942612,4.936502
20312539,4.9541516
3158579,4.1563196
1124252,4.9859858
8036500,5.0863414
9338321,4.500194
13045257,4.6451206
21107246,4.2377715
12344255,4.5418286
18359884,4.1748176
13236820,5.5062175
13542759,4.407769
19914589,5.0577602
13308717,5.9690704
19925248,4.3158374
11276513,4.3522077
15787089,5.4913354
18292016,4.4577317
16227620,4.728351
17978231,4.128729
14472670,5.3596244
16027174,4.1782393
15101577,4.9983797
13378609,4.2275906
8691474,4.77061
1319311,4.6836004
8845503,5.0604544
9736908,4.899921
13425503,4.0846953
19160504,5.4555917
13264364,4.1535654
20810311,5.485249
1658703,5.5415125
15435501,4.227502
2202505,4.6679935
386507,6.1934147
10549800,4.364963
15302066,4.36088
64376,5.631917
14137537,4.0596137
16654680,4.4605823
14756745,4.134855
16288431,5.3618035
7652181,4.2859697
16182441,5.293127
17733684,4.75672
15114503,4.203201
11469858,4.154842
7774722,5.477139
18270117,4.33228
10771685,4.4681334
16054002,4.4424634
874706,4.0438457
14058613,4.217864
8292129,4.8175178
19913714,3.379026
9752372,4.71828
2613873,5.217731
7805879,4.8390403
4219851,5.052828
10143406,4.4108424
4056741,3.8894541
17261226,4.977059
3619399,7.096546
1280637,4.0442843
16665977,4.73285
3132578,4.9977784
18465687,4.7213535
769637,5.919078
15969097,4.2129683
18123756,4.311068
542144,4.9286413
9610982,4.3255253
14726498,4.85942
10754882,5.3686094
5068640,4.894973
15315185,5.3119392
12205324,4.89163
602070,4.3486466
15585484,4.4283624
10475848,5.12561
929468,4.7909756
3212765,4.238623
16094050,4.333932
20476169,4.601674
4297952,4.068049
3924904,4.5819345
13237190,4.342628
1149256,4.8583283
6540907,4.366248
15733755,4.3612685
17866206,4.060802
21141704,4.818218
15929932,5.400302
110825,4.7558365
17043315,4.6761866
5913433,4.266426
15390808,4.194345
16960366,4.0361304
1087215,4.0201592
10118974,4.1914425
16259122,5.7246
7023526,4.0731716
585491,4.230052
6494262,4.515403
4236143,5.96983
9737934,5.088548
20056034,4.727365
12404890,5.070728
2043289,5.4007277
12924969,4.2890553
15234489,5.0416684
18384884,4.272218
5359639,4.0656266
4792430,4.3705387
16437744,5.0879807
2611869,4.369203
5862845,4.9095707
20270563,5.018677
15719905,4.5291133
3709294,4.379581
8741020,4.334848
6323935,4.976033
20725853,5.2192607
1545503,5.1346593
13031025,5.347423
11098248,4.9586377
19695985,3.9380627
16619496,5.105594
16892151,6.619099
19964849,4.985977
1262053,5.923502
17225268,3.8263323
13783508,6.5087466
11324173,5.8648996
8886412,4.7189565
20459028,4.659388
5717993,4.0730686
15833726,3.9838622
10971773,3.6594918
3961773,4.8090563
15299516,4.372998
4516939,5.117558
8104504,5.1623406
2745620,4.978986
13546051,5.0672684
12148877,4.5191827
14351627,4.6301985
1340568,5.416288
2154567,5.7535367
16119492,4.7250376
9352589,4.929271
18692321,5.1388164
17117806,4.815144
115535,4.9324365
2178033,5.686888
6479956,4.0782657
5217507,4.7779593
12175107,5.0992923
7884875,5.1112404
7279837,4.483219
4874735,5.041588
13001199,5.459164
6302159,5.5453835
17703401,4.6257195
8577620,4.449919
8541552,4.777126
2526773,5.118146
14214403,4.861928
11843579,4.5404315
7460803,4.773955
2466639,4.734103
8275282,3.7566545
14401928,5.281093
18916850,4.6597395
9060448,4.528963
9677744,4.822034
16489175,5.266711
9919175,5.279783
16642433,4.595574
15668989,4.4883895
16229440,5.6480103
14323475,4.529359
16031639,5.0910144
13956480,4.9803076
14791721,4.4251165
7471102,4.6615505
3797867,5.0648036
10875705,5.9320445
9495907,4.8801813
3911451,4.987478
10676252,5.0056167
10106060,4.335631
14204259,4.0860868
3965313,4.7311783
20073711,4.445116
17107329,4.1721387
3219835,5.290206
2473861,3.9079635
8087725,4.5187807
2843445,4.2477117
571115,5.7326283
17047445,4.949631
8054018,4.9666786
7579591,4.6142
15344598,5.7402077
14786910,3.997472
4922023,4.165589
16437333,4.1000586
12129496,4.4577584
9342332,5.401817
10137814,5.716558
4195712,4.3690724
12364336,5.348238
1110515,4.3179474
55427,4.0127616
14249320,5.174744
5015050,3.8925807
4733873,4.328647
4490268,5.58607
15253135,4.4960327
16676204,4.403684
15999154,5.3570666
9151490,4.981703
13189500,4.59736
1278784,4.278819
3100543,5.4070563
16741261,4.2467575
19730968,5.2136064
2537627,5.758212
16518787,4.119024
9314139,5.128016
15462568,4.9135823
5744266,4.260052
13236524,6.0825357
11534020,4.8380485
10453124,5.148849
893853,4.9409375
9859888,4.5008965
16663785,5.0985947
247115,5.1704216
16392514,4.532675
12585565,5.260617
9814418,5.296746
11495115,5.2972407
4873971,5.684947
4279959,4.0541844
11455873,4.3175235
17022952,4.1102943
3106154,4.8801
1914185,5.426709
4013339,4.8738265
18652833,4.090395
3742513,5.0984845
15719005,5.124597
5851860,4.018458
21036102,4.3067803
18206857,5.011677
12885658,4.285202
5446250,4.965043
3703805,4.933432
18634734,4.7836905
18782806,4.327486
8322701,5.0450306
957642,4.299502
13858669,4.408435
776201,5.257929
3432238,4.3744392
8524146,4.538795
4596007,4.2662005
12345984,4.417087
7012578,6.176762
16353639,3.096724
21069963,4.4329324
12831012,4.364229
4233667,4.763251
12544639,5.1533957
5112456,5.6916428
3713028,4.801733
1935109,4.3853703
14538428,4.2283716
16426099,2.9481163
13828701,4.406197
15409046,4.9539375
12494747,4.3992605
17212648,3.4041896
1170268,5.265278
17371425,4.250684
12582732,5.03909
10566341,4.332739
8146018,5.259921
10416189,5.496505
13653647,4.7882648
8235198,4.7259474
14565521,4.506508
7438743,4.998684
2593088,4.541661
13496433,4.6784263
14311699,4.9079623
783135,3.9707422
9061931,5.446641
14841082,5.308546
7726317,4.019065
16202617,5.597026
13143514,4.256948
20709369,5.0718956
11740386,4.3749495
6054817,5.0473547
5396863,4.6923256
408471,4.8294525
1989187,5.0033283
1652996,4.8020725
5242697,5.3009214
11039284,4.9525213
16132394,5.2184124
10429094,5.1692595
4322054,4.8843603
6225974,4.9783797
8774687,5.1647143
7090264,5.8046002
4217493,4.395835
7672209,5.1738343
14143544,4.9088755
19996067,3.3934567
8408767,4.7011547
6522778,4.486873
1758391,4.993579
19472999,5.0282073
12005318,6.0175323
13561157,4.28722
14916417,5.0038033
9411438,5.150158
8118692,6.2423944
3269290,4.2375574
9401508,5.6601086
3593385,4.909532
8103342,4.309502
6508654,3.942731
3542523,5.8541327
11376136,4.635901
15255629,4.126883
6317722,4.4392467
6710367,5.0884337
4220732,4.1810865
17867424,4.184343
6361729,4.6241765
15707601,5.131646
16156062,4.151239
13633155,5.9377766
20352832,5.86578
79866,4.61065
688048,4.818756
698327,5.1022058
19890013,4.256954
14761937,4.0828705
20562097,4.7833004
4970846,5.930344
2710417,5.020537
10234895,5.9095745
18488234,4.957102
2315738,5.1160574
15361785,4.455821
15904225,4.816922
15888825,4.4991193
15009751,4.2981396
20327759,4.336301
15827893,3.988345
4700809,5.0119305
4275023,5.641221
17368685,5.0424304
11797378,4.535759
16441032,4.2110677
13108950,5.00314
16475856,3.947266
16175538,4.82574
15027723,4.369096
5562838,4.166877
2187031,5.7020836
12068200,5.3351393
3908088,4.181474
6910169,5.7340803
621905,5.1429124
14761466,5.3983006
16960760,5.2695785
15973571,4.272732
13694129,4.2873206
20064477,5.177804
6878654,4.7098913
4957973,4.7664547
17703848,5.068201
12447105,4.209907
6128576,4.3040357
4404818,4.8725715
17792933,4.1758013
8031824,4.8135047
11554427,4.747905
19503445,4.2105756
14156582,4.943532
5219303,5.0660768
578047,4.3855505
2454957,4.659409
9577614,5.37216
18089230,5.728288
20958545,5.2249236
18252876,4.6318455
9475119,4.425451
17861841,4.1930685
4730857,6.132692
4343967,5.0258083
825550,5.1811852
6376606,5.420594
14421258,5.6727304
9475052,3.7211585
17211793,5.52694
20720090,4.5141015
9171623,4.571703
20830989,4.961885
4890230,5.1237864
18273934,4.528963
15988458,4.2506
20365504,4.252591
10498280,5.156938
7202487,5.316452
15399031,5.136801
7885822,5.0347376
17712210,4.434753
16796962,5.0908523
17272083,4.359962
10470807,5.5373816
9314718,6.052644
6304566,4.1435165
15491279,3.9114795
686771,4.458798
6951829,4.8097024
18615032,4.4025826
3495854,4.8177333
16652634,4.5772367
2134052,5.157057
18136416,5.4042373
19438654,4.7380104
2188204,4.5020375
4484899,4.0562325
4328669,4.22394
18396197,5.1718826
1932491,5.055834
10103745,4.616861
9051920,4.2221413
3395099,4.9019103
15422816,5.2180753
10813277,4.8641424
682122,5.082294
20486011,5.114965
6087872,5.228754
14216000,4.9639206
14027960,5.086393
14136219,4.207763
7606842,5.0442924
925240,4.398073
3152701,4.9268966
4355326,4.4655623
12323382,4.554511
6937355,4.5470676
7713632,4.698781
9906353,5.3408694
20888646,4.90375
11335937,4.3705306
15596585,4.047155
10091829,6.453249
2297346,4.4093413
9451423,4.2147436
606623,4.952401
16308138,4.2868342
14556304,5.6893725
16121124,4.876008
18878391,5.304184
18023876,4.9773464
6897344,5.164393
18680725,5.2065415
13065102,4.3908014
2425850,5.0155406
14204030,4.339483
14301964,5.9489994
12338559,5.05891
21088685,5.01486
9133070,4.5169287
819986,5.6956654
9837993,4.05438
16587393,3.8954701
6332130,5.994337
15219855,3.5585268
10858952,4.303544
15912452,4.3495426
8230919,6.1893578
17257300,5.4865265
15930602,4.277409
9062257,4.6342916
16071674,5.019097
271954,5.0561233
10102792,5.3593364
14588643,4.6944733
12286161,5.3187485
16769241,4.394082
10907541,5.1379285
8507817,5.07255
3968610,4.3282485
20803637,4.391381
4156913,4.7827144
6334492,4.2094684
4806374,4.9953837
13492207,4.5470514
1559435,5.6528645
15589691,3.891967
16734233,5.1358404
19609028,5.681141
18240632,4.5749974
3477847,5.280324
18445413,5.6885443
18858182,3.9803092
20535689,3.9977396
555749,4.4107533
16440103,4.113394
13724675,4.3676496
19273138,4.297135
16129884,4.411681
7025113,5.0082273
13115864,4.233523
10100417,4.4456797
14265480,5.0872717
15822255,4.86182
13711558,4.098525
7430730,4.6206913
14589777,5.108683
12390684,5.233711
18721207,4.1565976
14340577,5.1135974
18886966,4.019209
13061422,4.951454
15986090,5.0240154
8916387,5.449813
7822332,4.3057327
20075884,5.002269
7476340,4.5000567
4052223,4.3644695
723739,5.4830947
11228611,4.4162836
16586422,5.129809
14906430,4.2603073
489365,5.69434
15981655,5.151037
308524,5.5885487
8812644,4.149548
18275379,4.9316235
370034,3.6673303
18008747,4.936781
16395341,4.8085704
17372523,5.412228
17728793,3.8308504
17780048,4.164926
12089692,4.0720325
4923555,4.893199
9753012,5.122529
14136825,4.1554375
13304953,5.196513
16034328,4.5783195
10637535,5.7266207
1550913,4.363869
36391,4.8865566
17514163,4.118736
13155040,4.522521
3272654,5.189654
15469689,5.2753353
20467388,4.8456516
12791511,4.8672194
9737362,5.308903
18038597,4.4026833
3943135,5.448196
7389683,5.0860906
19264119,4.9097815
16687058,5.4833355
7500518,4.912112
13418482,4.241247
16363434,4.2199383
12422777,5.348239
14886414,4.3067975
18278724,5.643271
1046292,4.756324
17160997,4.530979
9949873,5.316252
1872896,5.033412
15642037,4.279315
20379893,4.3739023
13329701,4.9463224
9629733,4.0944858
4931044,5.1008787
13469377,5.1756616
18795278,5.2949157
18661261,4.2720923
7238831,4.8684897
9591205,4.1466746
3789758,5.0627832
4156199,3.7670553
9792286,4.454514
4667148,5.1067314
18758370,3.5138237
4896074,6.1547794
16162523,4.757649
10270687,4.396556
16394064,4.8425846
10966379,4.176635
3325971,4.970843
8662997,5.281368
691177,4.848246
16663452,4.228684
19974905,4.6608
17735801,4.528963
19540271,5.1222224
16471707,3.9330022
9261535,3.9172742
13186447,4.661607
506230,5.4488883
336133,4.836054
2606070,4.0927463
121405,4.867028
15423067,5.0652704
20770270,4.1476
11770336,5.1555204
1807012,4.2762685
2685355,4.7829537
16452267,4.0551353
1077444,4.855245
19040466,4.510631
14206510,5.100539
15602584,4.7688513
7114782,4.136536
15158227,4.894545
14262420,4.278104
17777164,4.8536224
844640,4.652336
16996930,4.4065075
16014998,4.804666
1229627,5.2193294
7387862,4.316272
3720404,5.517591
12158294,5.387277
3717689,4.771143
7806322,4.7629943
5137531,5.458536
14009196,4.363594
18334741,5.0834737
4831472,5.8729787
16589588,4.883087
15774617,5.593992
15858914,4.351519
16799835,4.851062
17404309,4.3973107
14682338,5.546943
13175298,5.0401464
9863097,4.715906
13191291,4.528963
6245792,4.1563425
15720606,4.316093
10965948,5.1568794
21153619,4.2744856
43776,3.9757721
5520582,5.3223166
12990172,5.0869193
18463204,5.242269
15722172,4.1426277
19570473,4.3005395
16661461,4.5048113
21022786,4.956445
16274775,4.900395
3944822,5.203297
934688,4.378308
6811968,4.297539
1952972,5.214989
15467180,4.343755
7938424,4.5826664
18649822,4.2832766
18342528,4.2465806
17448734,5.51833
19636811,5.031312
8088779,5.238024
13193683,4.2068806
6248937,4.3664823
7957676,5.21184
18958724,5.0346937
15048288,5.0692205
12112597,4.6464667
19116365,4.389771
15444619,5.947962
12295263,4.0484443
5977334,5.4398756
3458525,5.103075
9253112,4.082583
10315916,4.8192716
6169981,5.7563605
14504103,4.2888064
2925138,4.749967
44520,5.9772696
19225821,4.1208878
932393,4.166471
6103482,4.9766912
14916900,3.9756882
3984262,4.0768385
7791224,4.274656
1214133,4.4273834
1433326,4.292557
11635703,4.8793697
5873714,4.586852
2102542,4.11306
6795173,4.2352343
19695709,4.410756
15836108,4.4907274
2151259,5.1432414
3161461,4.3977904
12707324,4.362621
5628539,4.111969
953599,6.4081507
14591627,4.871921
14765955,5.485948
17990941,4.725699
9010937,4.3217726
4346952,5.479953
7973933,5.4200377
2729779,5.5719585
13447727,4.4495525
10282371,4.97117
13492218,4.8915043
978549,4.041132
7591810,4.1824646
10416461,4.0311365
4862704,4.375723
17385910,5.2281313
8037150,4.542927
9915508,4.296546
18994064,5.288229
13865823,5.0801253
15649595,4.1526823
20855406,4.7852035
14009467,4.4149847
5719249,4.1995854
20494890,4.4185743
242532,4.177399
4951376,5.083054
16842646,4.2111464
13079192,4.126814
3838388,4.715134
2089805,5.375118
121065,4.6618876
7400486,5.2717214
15565392,4.154798
3035054,4.368841
19533245,5.779442
1522339,4.7912893
21171726,5.202652
14011609,4.8324065
12320063,5.180422
15735313,4.2140446
20213227,4.711745
17409305,4.62181
13897591,4.916435
542263,4.2120943
5942881,5.8729167
2432453,4.4800386
5616179,4.234736
3876576,4.6669207
7106154,5.2001853
16426819,4.8942485
17015554,4.6001544
14285269,4.6143417
12022833,4.3619676
10040599,4.051517
9685104,4.8163157
14382213,4.8604307
14300219,4.5082917
7617195,4.816386
19933917,4.269716
220413,4.4016542
495249,4.653815
19849025,5.3786907
16267625,4.844588
16556957,5.0923185
6201914,4.796907
9452700,4.3606744
11551475,4.45089
4933716,4.953468
5314422,5.5535126
8583899,4.8067713
4840381,5.1884046
20652607,4.452603
16468534,4.6798344
15237529,4.6619163
21004539,4.7416644
16393985,5.682533
15369785,4.6162367
12153874,4.4010878
7327846,5.795799
12488997,4.1958647
11582123,4.7466087
5059402,5.802356
9513686,5.08198
7990019,4.340711
16602053,4.832093
18907549,4.722262
14584669,5.19725
1830318,3.9458518
12516565,4.016435
16759239,4.9365373
1681284,4.622315
13785356,5.3816795
18812271,4.7725253
8931635,5.582139
13004339,4.7411995
17124361,5.1594925
21112291,5.165617
1245479,5.034442
828216,4.2332253
8842362,5.2392616
5061104,4.143731
19175637,6.4777107
16070567,6.0477085
16453542,5.1159444
3563533,5.5637894
12087402,5.0672464
7095238,4.960266
5064995,5.2111692
12753660,5.4047027
11069390,4.6097717
12710903,4.54905
17871133,4.1133213
15948320,5.166317
9796309,4.38882
15151990,4.2793536
182049,4.2020664
9944190,4.1218514
7762323,4.7639265
10174245,5.089491
1524562,5.674784
5094385,4.8141246
14080022,4.462553
7327782,5.055664
1859235,4.061605
1686929,4.377796
16376353,4.508515
8212893,4.761597
5320325,4.199852
19664338,4.108759
13250972,4.285853
2502127,4.6202216
9217729,5.263006
12064059,4.801222
13207153,4.772797
1359438,6.4887524
372929,5.301158
3250847,5.2453814
13865726,4.3219514
14301555,4.0335355
6553895,4.37899
19919747,4.2913456
2802418,4.7070236
4279041,5.211797
12038181,6.012215
18412863,5.110308
3696043,5.0932584
13126457,5.0313993
3145984,5.492257
5812936,4.4004636
13113748,4.6360583
18669826,4.2976713
1314036,6.98755
18393245,4.7965803
16171293,4.922173
245504,4.8035154
18525302,4.8451114
1281132,4.321404
9615485,4.879467
757597,5.8677864
12036678,4.835839
235515,4.9001436
5337757,5.269456
10282326,4.3012667
19809138,4.5959077
18930894,4.966362
13942775,4.6620154
9189214,4.4504895
16112486,4.671086
3283447,5.1460614
3041280,4.2286005
698298,4.812938
15745528,4.880899
19892423,4.4535327
4925772,4.377518
11625226,4.7675886
12387434,4.3953886
18276932,5.1797476
18485675,4.3885694
16661637,4.4890604
5861266,4.7821507
14335272,4.027081
6273339,5.022567
12207588,5.855197
14571316,4.592774
16933481,5.202091
6261536,4.2806687
3980296,5.0891714
7256216,4.665502
3518904,4.10726
13638122,5.158852
3825743,5.333289
20897950,4.576639
1302684,4.4438953
18214097,4.392114
18249057,5.0396924
8942467,5.1885066
14181211,5.148652
15675261,4.7247195
10905721,4.87574
16596819,5.62281
4399721,5.22207
18459182,5.2242117
12894048,4.3123765
602765,4.2349133
521806,5.0523853
6151450,5.1389194
7868209,4.1998405
4493474,5.2187395
4588783,6.238278
1582540,5.4046597
189787,3.9136512
4040304,5.19231
15821035,4.2389836
3352088,5.003091
1582987,5.258071
8144798,4.260934
2515717,4.697042
13279591,5.5204353
13882810,5.43261
8187584,5.4766493
12929019,4.3339357
9479348,4.9925914
18540170,5.7738347
16974789,4.6301165
8184502,4.511126
12199982,5.119384
11950145,4.681536
15585578,4.777833
1268087,4.2927814
16507027,5.6061954
14264602,5.0628467
4276618,6.0139413
2592259,4.714244
17865517,4.4442344
11354998,4.9615793
2368718,4.5954823
7397237,5.106956
17461043,3.9493682
20714088,4.3282475
1905976,5.0650916
11148805,4.9652433
14609703,4.252518
14369397,5.4359455
18486389,4.8335304
6750199,4.7899137
2271637,4.2477384
16651010,4.789223
16243676,4.7291145
9774343,4.4798083
16709809,4.1714816
14092679,5.82622
15570285,5.015143
20125262,5.255471
14052921,3.8286085
943060,4.7560096
16147001,4.4471903
18812080,4.841455
13293092,5.1144643
17137756,5.523903
9408073,5.119004
15178028,5.46812
17815061,4.5432863
13294137,5.1854925
4639513,4.318834
6576327,4.854023
17864957,4.668329
1106320,4.36878
11735293,4.7942786
6799130,4.0242257
9562057,4.0879583
13750877,4.279385
20174357,4.903196
14210964,5.1918087
15221221,5.5303845
3746645,4.734419
19565021,4.7639027
17348589,6.1164327
20149903,5.0476007
10422846,5.037621
18031186,4.8967824
6947601,3.3410892
17327395,5.536405
10990382,5.1717443
658342,6.287648
18394206,4.890952
14479761,4.8752537
9452729,5.968281
8780243,5.3098464
41348,5.046723
2102793,4.7284083
8554058,5.1897717
19249982,4.4603724
18585237,4.8701367
4014376,6.4766355
17151845,4.7471457
1241029,4.639276
9316305,6.2050953
19102715,4.816167
18475942,4.2243056
16830386,4.4330034
13452035,5.867014
9490272,4.3887696
16179654,5.207473
20473858,5.3561573
19670771,4.3011904
7309687,5.0326385
4163944,5.0967245
17906320,4.2115617
16442292,4.198592
14236383,4.462715
16352250,5.0848546
7261121,4.9242334
13530190,5.113638
15730052,5.263037
18180374,4.4860764
16964581,4.4373
15239,4.4099035
17677351,4.9975533
10706309,4.659551
17944802,4.712732
16202116,4.681666
14990478,4.221676
12912584,5.023707
15302513,3.876251
20053152,5.058246
20229886,5.200125
18896824,4.1631527
21040500,4.0060687
19364977,4.3594785
11069012,5.356549
13691834,4.926935
2621047,4.8067203
14429513,5.1831727
7331464,4.617455
14283020,4.63899
11627400,4.535184
2605015,4.2524037
1187109,5.8008695
15522106,4.854246
16299837,4.638503
18229365,4.724991
2771966,4.2939816
11870905,4.892313
10101013,4.2605424
3792523,4.4433393
17341648,4.865964
2092636,4.7602935
19638811,4.9740515
16767847,4.2758365
1332752,4.848418
442649,4.1401334
387377,5.443497
13635373,4.3025036
6967201,4.21273
9316528,4.452963
111024,4.010538
1183172,4.8710527
15499301,4.439195
14668783,5.092985
6268805,4.28816
18059711,4.501175
9629756,5.529258
110739,5.2901926
19608743,5.636768
16427484,5.7587423
7596341,4.8571267
20171625,3.9958189
9809911,4.4017687
20070739,4.8173795
11115519,5.737411
14501793,4.8671026
13522364,4.202461
1982258,4.1386886
16696876,4.1805706
17903896,3.5096798
3351165,5.6006236
8300721,5.121897
11971740,4.3936496
9979608,4.330437
17587023,3.9600747
15237330,4.4932504
12263690,5.3429413
13280235,4.7542715
16614389,4.5094347
8405395,4.7734838
18291626,4.8109236
538598,4.4177656
14058443,4.0717406
9864706,4.33427
14320998,4.360944
7620785,5.0639987
20555213,4.905647
19247214,4.409089
2216470,4.554889
19413230,4.127572
18484511,4.922946
2102651,4.341429
1428589,5.722108
13007629,3.989197
8537975,4.291862
11657315,4.54925
14995382,5.844152
10254748,4.757358
4986926,4.907313
8847285,4.7724586
17571026,3.9667466
2875630,4.4220247
7116799,4.265486
5251586,5.041822
286771,4.466323
19067226,4.2337155
16860341,5.021734
16487769,5.2374887
852580,4.3486304
4868735,4.813861
6196354,5.052664
12911811,5.761841
18110400,4.72901
19550419,4.2214274
21139869,4.676906
16015053,4.13447
18076569,5.1472874
15888946,5.97567
15898334,5.3360314
16369859,4.1841908
8843945,5.313895
15193682,3.2110646
2716032,5.290942
1015791,4.82021
18036760,5.9011703
2016993,4.67573
15790449,4.3932967
10261620,5.339621
611903,4.19038
15536678,4.3534875
13640138,4.4455123
8607283,4.2872415
17861343,5.1529303
4848497,5.6905103
20692563,4.542249
16346440,5.311204
11545797,4.8696833
18673556,5.219843
19310379,5.51124
16619719,4.091204
2302960,5.468352
6526579,4.367415
18650940,4.956826
14888263,4.2219415
14723366,4.064523
7294565,4.677786
12366132,4.474118
11652262,4.234376
15028822,4.8188796
15038423,4.489358
10456198,4.225274
21011466,4.1495
9339334,4.1791077
4885832,4.343634
166199,5.262524
16229499,4.48912
20455626,4.7896824
13467384,4.6645427
15085688,4.500789
13969521,4.294751
17541761,5.1821194
15133822,4.3099394
14471259,4.4915442
5842819,5.06037
15100256,5.1097813
12095628,5.585465
5105805,5.1655593
6884974,4.148346
18656457,4.733397
4210400,5.7260604
8009966,4.3581405
4974406,4.4662766
11908537,4.9484515
6822471,5.082922
15931204,5.2317667
14767042,5.20999
9093261,4.716388
14357876,5.7682676
14695558,4.952966
20801699,4.294735
20211212,4.4399695
18388706,4.42592
8505031,4.141834
14935362,4.007212
9133440,4.561516
4516065,5.763857
19416055,4.69076
21203877,5.4462886
15548666,4.2128725
18766657,5.417263
7048518,5.8551984
11992680,5.7320876
15662066,4.3328204
14235245,4.8457284
18208907,4.2295694
852913,5.0188246
4550015,6.031972
6775399,6.493376
16630397,4.215657
19626578,4.3397665
1066779,4.4585986
20246437,5.0442967
18461234,4.687698
16122163,4.087569
20979190,6.488057
15469544,4.6773877
16722346,4.6762924
6461884,4.811814
1932510,4.8648906
15717743,4.199562
7381816,5.4759383
30738,4.561831
7007477,5.008194
1920208,4.9116426
15603889,5.39382
6339830,5.190327
4959165,4.520407
18892793,4.447597
5287672,3.979861
16113995,5.43907
13527067,4.8936925
7557546,4.0945363
9401158,4.368046
13374951,4.6822376
16260863,4.531077
7452390,4.752903
12798048,4.77345
15923551,6.236496
12823443,4.2985573
16707947,4.7395024
18362398,4.7946177
9813148,4.755974
17423628,4.133572
846829,4.112565
17320722,4.267355
20947493,4.019856
12034568,5.039514
16584990,4.1237245
8488784,6.0472636
19241855,5.2759566
19842557,4.4326625
889247,5.2920055
18123185,5.2918224
19399742,4.2305875
1935042,5.4807963
7665413,4.5462193
19047711,5.679252
12914154,4.944178
16236641,4.8349514
4318291,4.8582215
14908337,4.0468054
4988741,4.6493125
20299811,5.2157726
13615840,4.3379807
7901004,5.9194503
7867539,5.069502
18875718,4.1325707
613333,4.4317527
8339096,4.0614533
18778433,3.9733887
8841107,4.606835
746079,4.3770146
9043905,4.250901
18811259,4.9666758
2109817,4.40222
15501175,4.1263914
14488710,6.237018
5786224,3.8581624
3095119,4.531763
14726672,4.244555
7915270,4.8279624
7575582,4.0416713
14220949,4.8085446
8159544,5.639876
8025,5.0856524
860163,5.0608172
13300195,4.5148816
17482234,4.294872
5220063,4.301498
17608454,4.7194486
3998252,4.906271
12358453,5.1134243
15195229,4.132276
14759511,4.853984
4538901,5.1438503
9540147,3.3496792
8963968,4.425412
9389834,4.325819
16722428,5.324104
18230502,5.541639
20773234,4.9563437
9753443,4.610519
374590,5.081738
17529592,4.1103506
9906888,5.84649
4020650,5.018872
9248558,5.549466
21067634,6.696422
19364351,4.4067583
14301951,5.033323
14071089,4.7453494
12795290,5.2810044
4622760,5.0315423
19721524,5.207404
5571262,4.5869174
682155,4.5930247
5496664,6.951987
58257,4.2578087
9830982,4.4193206
14222527,3.9884255
3485146,4.9399066
16487154,5.4355345
1920033,5.304973
1623431,5.3420806
17710012,4.298945
10681362,4.166395
12831418,5.3793344
17189075,5.281558
7440778,5.2872033
16083694,4.3104067
212297,4.8689585
5160888,4.827516
8010585,4.4365373
19308701,4.381164
5353431,5.6215997
17736661,4.3678894
16351855,5.101261
3215486,4.9152427
7797744,4.3402257
6795252,4.261777
16359931,5.9521213
15982208,4.6644187
9858310,5.8822947
11431811,4.807043
15301964,4.76482
18291331,5.0516214
5661381,4.924132
12797047,5.001224
16415742,4.5010905
2752977,4.534386
2096968,5.9381847
15874245,4.28042
7406712,4.1946435
8523688,6.0675364
13623361,5.2489676
20030780,4.212193
6106955,4.722883
12304659,5.1429834
10524671,4.3362584
15375825,5.798755
12254872,4.1181917
136493,5.0342803
11498523,3.6758873
17652987,5.0877495
3259139,4.0509133
2328123,5.252903
7133350,4.2361026
14979787,6.043791
10507240,5.131485
1433344,5.100112
15218873,4.6777987
14777643,4.6396346
4607923,4.255401
13548585,4.1880627
20999140,5.3910184
14822871,4.2294135
3532118,4.826612
1783301,4.0769787
18181998,6.573957
16792022,4.2872696
4014128,6.3552823
19945965,4.0560064
11284626,3.9493434
19864245,4.4219847
14871197,5.1342335
17420317,4.8257265
15966273,4.334057
7725042,3.8065617
17267237,4.107944
4050343,4.319044
16349588,5.5486836
15247678,5.2491546
11047914,3.8748262
9811274,4.5845466
1885825,5.7920537
20443052,5.1141143
29013,4.7059727
3913756,5.1775103
8648396,4.9752607
14389217,4.8499665
17685007,5.048724
758928,6.0127115
17734736,4.4574723
12916784,3.4797175
9471997,4.403182
1359312,4.371577
11419765,4.05113
8428910,5.4366784
20678724,5.986907
130775,4.037059
8191699,5.5727296
6758221,6.6450753
8496270,4.498175
6588807,4.2543917
18609343,4.901212
12855566,4.8087916
855206,4.3342695
8775260,5.5379243
11788394,4.3567333
13400226,3.876761
12846750,4.8460975
14667160,5.659204
1542055,4.6243176
12857044,4.461581
15204878,4.1592903
18041574,3.8713663
14416135,5.0287633
15930495,4.2006984
17123144,5.294923
10996174,4.94233
12336008,4.1527405
14275312,5.324296
13789667,5.2521462
2243081,5.3580375
1798500,5.172619
59702,5.088595
8503404,4.777381
6570622,5.17433
11202113,3.113554
7278762,4.005444
7840411,5.0500836
19550157,4.363332
326832,4.4326615
3248526,5.4062896
8753225,4.066858
20123853,4.289414
1644031,3.9191
1160006,4.415172
18493521,4.6902537
15584360,5.8569913
848220,5.1214957
18522769,5.170316
20696002,4.5065446
6131772,4.5836053
11533302,4.381425
14686922,5.0702457
20959576,5.35617
5501093,5.1586337
10696570,4.2525115
16755374,4.9729853
9774555,5.621837
19709666,4.4363523
6915467,4.2108083
3157541,4.508418
14504441,4.1077375
4378263,4.1478615
15497102,4.3049917
8208349,5.0468473
10069601,4.580968
14057684,4.219545
21094736,4.7380815
6972732,5.019188
7612717,5.031138
4631448,4.435586
3105393,4.851387
15927695,4.7960043
11143462,4.9175963
11473564,5.1991816
20008766,5.051162
11419262,5.3838053
12997563,4.4042177
14731627,4.521952
7243514,5.9633684
15717312,4.318473
4098775,4.88576
4350621,4.9918284
14161351,5.543457
10861733,6.669738
4490104,4.8116546
18908638,5.061113
9281747,5.6403475
13751797,4.18608
5628824,4.880927
15187281,4.2300177
15256933,4.4664507
7305114,5.5390744
16218083,3.932259
13603364,4.3405914
8610093,5.102458
7221712,5.0277534
17656943,4.9296875
10476155,4.269743
12284003,4.974537
21045695,4.19309
19505214,4.2414274
16782622,5.118837
13915528,4.711289
6797176,4.2243466
4051829,3.8840005
16619910,4.8813896
14276563,4.337652
18686390,3.7331862
20982422,4.5010757
15972284,6.691174
4579151,5.20302
17712834,4.665234
1095355,4.493585
7886670,4.40767
10101358,5.7057877
6163297,5.2702203
8386933,4.6953287
11771646,4.477443
14788132,4.3903255
19520553,5.1907153
3570528,4.270183
4745443,4.6139197
8840430,5.1901803
14372595,5.489957
7266902,3.9842308
7611435,5.0246744
16275030,4.128396
8067416,3.940433
14844219,5.964072
19018404,4.9877625
4512765,5.5894766
6926686,5.5042295
4815848,5.6959476
20817817,4.2859573
16459114,4.3198266
1850001,4.5507703
12043468,4.9495707
15769242,5.3012652
11493156,5.0689993
3039332,4.3988714
16467050,5.4008617
16367820,4.3774333
10635178,5.1914682
19347139,5.348589
4077460,5.863587
23501,4.102342
17938028,4.9687023
19744120,5.2505474
7826548,5.0162015
13899267,4.992723
5933101,4.8267703
14703041,4.400774
12652935,4.789834
20723132,4.465362
8924024,4.300857
16426074,4.3310466
16781035,4.1011877
4861200,4.289993
4573302,4.4589715
16180684,4.96366
16663659,5.284659
17731769,4.621783
3209876,5.024771
8438536,4.2561417
15283510,4.7701325
13199698,5.4715176
8987722,4.738779
17929652,4.4933443
3284250,4.3260746
16407246,4.1825156
13584889,4.4619236
17580175,5.882072
920003,4.3158627
13248968,4.1652436
846799,4.5929346
9426786,5.0347843
15422515,5.0606375
7388299,5.2159367
9750618,4.3988423
6438212,4.8691306
20881488,4.533877
7985234,6.011671
9250702,4.166553
8719904,4.266817
7547430,5.018162
3962231,4.51592
2654089,5.0577993
677207,3.8053548
13004484,5.6349235
5707044,4.7043915
17272335,5.781456
16166938,5.3374414
13911575,5.340263
2033103,4.4844723
12108647,4.8849015
15644295,4.5444493
9514839,4.9069586
4500615,4.9861884
17716319,4.669097
13394803,5.3646164
12272742,5.2331305
8844226,5.1948023
8336708,4.4685917
8925072,4.6629467
8655678,4.1495657
14544404,4.8363028
14594441,5.8877387
771025,5.097584
11593592,4.730207
17534391,5.0994515
5396803,4.6681743
13390149,4.9839053
21094360,4.9934096
15396770,4.4926696
5806781,4.7431483
3153140,5.316561
1886037,4.8300247
20678328,5.500563
15038302,5.129358
15701330,3.8855762
14219599,5.0211015
9583822,4.4826407
17584949,4.48719
2546252,4.282936
14977418,4.1043296
18601353,4.4759126
4828640,4.95233
16429018,4.1612296
343390,4.5521526
15618667,4.3622684
14360687,4.549905
19808259,5.2610826
3393999,4.6036835
16780292,5.1572795
12678115,4.220814
20245122,5.127954
18188958,4.494388
10826103,4.413352
20441190,4.0225396
11702195,5.1245394
7508037,3.9962626
16411398,5.648769
2209460,5.358113
12637339,5.876157
6898961,5.459788
5874592,4.2257257
1698334,5.6771746
4730797,5.882448
15450165,4.5698457
15083823,5.5032487
16225273,4.752132
15126633,3.9616508
8305432,4.302643
323512,4.2917905
10455138,5.032503
14951203,5.1687403
136923,4.8522778
3315933,5.3374386
18564279,5.8225727
16828760,4.303699
12401559,4.374166
16592324,4.3559356
14795704,5.0940456
14523805,4.8683543
6400432,5.2582717
18373050,5.294564
6864344,4.7302756
16316121,5.483919
17176313,4.3564496
1148742,4.7892213
4182844,4.827432
20015326,4.241297
18107876,4.8397584
15589303,5.082711
20679591,4.9958525
18077682,4.7064853
3359860,4.7883897
15059574,4.351786
7035672,4.259673
789429,5.0107656
14006729,5.0617313
12812799,4.3375926
13959898,4.6968117
13749286,4.737543
2031051,5.0690536
16217520,4.1013703
9844630,4.9120994
19551630,5.4440017
5196008,4.6035843
16122510,5.0964465
17592508,4.8968115
728884,4.5872445
4058340,4.933267
6685994,4.895142
4100233,3.9991949
16994210,5.7546353
3830083,5.6000857
13376413,5.404874
18228406,5.2684255
1466880,4.9861574
9485606,4.772195
9332645,5.706458
4549718,3.8594508
2875616,4.2541246
20896520,5.1508946
16812497,4.8812428
1761677,4.861623
4453150,4.8089304
19951248,5.0830784
15430925,4.2618084
9409391,4.5352883
20278444,4.55885
8408695,4.344622
13085830,4.231337
14181968,4.508075
16141887,5.0381866
2532871,5.2138476
21094458,5.220917
16500940,4.7020326
290123,5.2148714
15429888,4.4997354
16853088,4.9171467
15524343,5.3110757
8342478,4.911048
11641869,4.1596518
7979200,4.8890395
842269,4.4221425
13230911,4.8472257
2241458,4.9728303
1873046,5.1062655
12136219,4.9621477
17498980,4.852238
19009490,5.247104
11389037,4.371749
306990,4.1959033
20117182,3.835463
16734964,5.288137
161996,4.6746974
15901461,4.2709107
18200170,4.790938
16220755,5.382231
18927417,5.29816
11437792,5.0633116
8880194,3.9581685
6522554,4.40813
13261681,4.095566
18738138,4.0454035
20475756,4.394332
4895906,5.5386667
15964877,5.7878227
18254027,5.9917016
767788,5.4409304
20712619,3.5218825
1121502,4.623228
8221965,5.098305
19333056,4.344188
7462630,5.022224
19894740,4.0591335
1243883,4.942971
11213517,5.536266
16160324,4.9999404
1294721,4.5822196
7870656,4.3927994
14993793,5.4879417
8379136,3.958245
19266068,5.719325
3787859,4.1567187
9390947,4.2407594
4680752,5.1123457
15126610,5.2218184
14522142,4.2422595
12429741,4.189691
18490798,4.4360676
18312568,4.9514937
19416126,4.6061673
15280769,4.3232265
20844497,4.914454
10126823,4.173666
20585,4.115964
7214920,5.872427
15742666,4.7056603
14112871,5.0183487
2050739,4.426875
16612299,5.898212
10983892,5.4088287
4777903,4.677442
12854325,4.8531623
20740912,4.473442
3319834,4.4331517
15037285,5.1360383
8860629,4.418578
16653294,4.7169614
8845673,4.1555676
7518723,4.006406
14202489,4.27762
14091431,5.063629
8705073,4.3245273
15172322,4.416322
52650,4.162439
8423001,4.5791173
13908042,4.721104
18503779,5.4066367
16054732,4.927725
13313893,5.555901
17229275,5.7727666
13497456,4.2357
13409332,5.082042
4627334,4.05494
10391569,4.2223763
9957412,4.6438513
9807973,3.894036
15660143,5.104976
17684277,4.9055533
8143742,4.4571824
3853210,4.264889
17811787,4.2989893
13040801,4.2435255
7495515,5.007561
14254537,4.1915464
1724731,5.463169
17979683,4.4296846
18331133,4.144564
19153136,3.58203
6032118,4.790791
1413015,4.933656
15509122,4.2238827
1907077,4.8253264
20514634,3.6123881
16739161,4.4505954
17907981,5.6571856
15310997,4.676157
1810397,4.8897185
18326222,4.7296605
13306081,5.092117
10958463,5.330852
9667630,4.625901
13467511,4.4665556
4932026,4.490208
933103,5.111267
11491676,4.672878
4786675,4.344187
8172826,4.7543273
4308899,4.4243436
20622324,5.2913933
7325084,5.1821046
707712,5.9261575
7041968,4.382988
445377,4.5058107
2254961,4.4558573
19692746,4.74501
5093278,4.8595314
15845637,5.9617686
8210423,6.0528717
20257960,5.523385
10388209,6.1404605
20669371,4.2722316
11778095,5.3480473
16740969,4.2229915
15005151,5.2758875
1953816,5.747554
20567625,4.7005897
519159,4.843212
1109224,5.0096536
8339394,5.5081544
13082788,5.3518996
16829032,4.393934
13900149,3.9340796
7763869,4.560279
85973,5.172825
15990192,4.8773146
18964906,4.3207655
2882744,5.7564692
3833046,4.981172
3912315,4.6158967
17110183,4.126527
14647962,4.403197
6729250,4.2040567
2791758,4.916593
4788812,5.6863914
284766,4.087625
18767695,4.488816
16098680,4.1001897
17978081,4.485091
18488833,4.220455
15788528,6.374454
8630599,5.252145
10100828,4.706484
21058230,5.4672956
15735286,4.9202595
13229965,4.371471
12825062,5.219277
6391286,6.092504
21109140,4.482704
4335606,4.9541974
2305230,5.183079
20314852,4.8291144
20497434,4.9035444
20921971,5.184774
17879733,4.917036
1659223,4.414069
6128992,5.321753
20795854,4.5493727
2373066,5.1155925
17925054,5.178322
8506813,3.7408128
20455984,3.940597
9026670,4.353799
2117388,4.4868455
20422323,4.3612514
7093083,4.527
16686705,4.5958323
16132762,4.7654576
10835494,4.718841
17456932,4.235583
6749285,4.890432
8163370,5.506202
12852278,4.865745
3775840,4.2716136
7163903,4.4454226
11660015,4.502653
10076900,4.1435556
11921927,4.767185
20978024,4.903473
15626127,4.9477115
18397286,4.3586297
11905208,4.562985
18311851,4.8424067
11721443,6.076018
7676933,4.5961156
12934420,4.8324885
9219415,4.3155684
509802,4.950472
8495348,4.361475
1641684,4.005756
10115298,5.2518067
4593974,4.3015237
16324994,4.6229177
9377185,4.597116
12216660,4.6335993
11599968,4.701761
7602945,4.4694285
20133468,4.917929
19224930,4.1169724
16073231,5.4080753
15589328,4.1951604
19933216,4.5740523
10121908,5.0382066
11894229,4.453926
14139000,4.7004857
3040911,6.724342
3996869,5.6932387
554720,4.286448
20254388,5.8817453
21107373,5.079488
7346434,5.5952315
4745212,4.977619
13363080,4.3866906
123784,4.2831974
18123365,5.0415487
647080,5.099309
2565087,4.760414
19157252,5.6619596
1340491,5.83593
13191521,4.798889
527422,4.796967
15362930,4.196226
17813440,5.2827177
15988992,4.7871695
16369704,4.263051
6256470,4.3033633
19247235,4.757311
17094226,4.7453856
8553398,5.0448203
16135973,4.2368655
20788446,5.384557
4402064,4.4141207
15125761,4.356296
18192108,5.3538766
11183298,5.061141
13676601,4.2339554
16336373,4.801314
13541749,5.87709
14575787,4.9675612
15310118,4.3245497
10990790,3.6989486
3953554,4.79059
220660,4.794027
16903711,5.092445
13328238,4.312893
15944470,4.8642497
4550041,5.3098483
17676377,5.7985544
9393343,4.2294073
14569495,4.255955
16120479,5.557252
18508610,5.130933
7515694,6.024135
15342056,5.058096
2657854,5.05933
17405255,4.7871327
13374810,4.2490735
9993846,6.145375
14832944,4.1304736
3389896,4.4121833
2677273,4.080161
17929267,4.8447895
16200444,5.294785
296844,4.723425
7636407,4.944971
20286669,4.959356
19763459,5.1691775
11413030,5.017186
12091072,4.1529717
18488346,5.6167817
10186440,4.352942
1861070,4.493547
1428371,4.221738
19823771,4.8924274
987637,4.924062
1763333,4.3863163
13687910,3.7073255
17514141,4.2509565
12568195,4.1292896
992508,4.2806015
20465889,4.5451193
4084903,5.944635
1232212,4.379725
14530570,4.176451
12544062,4.6114407
7493312,5.067317
14049790,5.81311
14119645,5.745974
16287929,4.3384466
6643496,4.301977
16188325,5.074574
4422840,6.166448
19761338,4.090522
13713988,5.2015834
561579,4.446634
571452,4.2594767
4453929,5.15873
8608243,4.030955
20281210,3.998568
14567392,3.9713426
16739092,4.3114414
1665516,4.948819
549142,4.5461354
12232615,4.4994106
7726184,4.7970357
17962474,4.1897492
17423343,3.962069
18255124,4.957798
13236388,5.038756
20755500,4.458516
4244242,4.0108333
15419712,4.7071505
3783989,5.4265265
9229670,4.4518394
6613677,5.6532593
287845,4.8415766
14251275,5.8055797
11498874,4.4624987
18597908,5.7568626
8533225,4.6318645
19364881,4.034458
1785187,4.424746
19251668,4.462763
11593917,4.8793993
1569444,3.7032328
13209405,4.143156
20718841,3.707264
3538609,4.683614
15884103,5.5226583
4821655,4.739043
16816567,5.543798
8272818,5.2309794
6467063,3.957576
8783113,4.856053
15234708,4.979405
20899507,6.3190947
497810,4.6442723
7131512,4.2399426
14065551,4.538185
19206409,3.9904602
16677077,4.164311
3219171,3.5134861
3759424,4.4078403
4777213,4.540284
2237851,4.1973295
4321720,4.926432
7162441,5.0136576
5943527,5.570349
7259804,4.5245337
15912119,4.7770505
15283809,4.1704326
8756867,5.6909933
2111042,4.9482236
1556417,3.9532247
6833179,6.876862
13989701,4.9587994
16436513,5.6162944
17635273,4.420144
1484040,4.4364176
11444652,5.7316866
1005642,5.0255256
10175033,4.7336965
20665608,4.2279515
8336780,4.5888124
13831086,4.9753137
10001793,4.926299
19388714,4.266435
16711829,4.4209566
17212859,4.9063134
8187560,4.994149
3756889,3.64441
3181928,5.007385
14253808,4.8086586
16520303,4.483765
10771369,5.5800357
20789181,4.5912185
20677482,5.17108
12039532,4.3227634
15389254,5.7918572
8409582,5.2292953
15852802,4.744779
15677898,5.22239
19891482,3.8942995
16230255,4.224929
18566561,5.000738
12973958,4.752675
16530933,6.603334
7064935,4.281479
5191617,5.517733
16181190,5.0173206
12927298,5.238969
8281889,4.460846
17075037,5.0737123
20228254,4.0832925
20979762,4.683988
878935,5.6294355
1764167,4.90085
4377982,4.8507257
17876078,4.2196684
13962781,5.356717
14826962,6.2121305
17959529,4.5517483
19806088,4.281401
8017748,3.4030344
19711328,4.317202
8664611,5.1223073
15543038,4.966542
3731481,5.7354054
14161086,5.4879746
6924876,4.2067246
17753985,5.3238034
18656502,4.279475
8354243,4.2930083
13493034,4.478763
14913379,5.110207
18240432,3.8240178
16652122,4.1549497
166983,4.9554634
15188419,4.7892585
4499679,6.14278
9613843,4.122786
16416143,5.390754
20901125,5.2264996
15025391,4.993293
18389874,5.1306887
6796770,5.3083534
17071754,4.599111
7852297,6.429372
19239282,5.2509356
12274597,4.3344593
2473488,4.507764
13378317,5.295309
15807946,5.3772464
7075415,4.3014035
7172107,4.272664
15893759,4.6904426
16664714,4.7559395
16686659,4.8187666
5014918,3.5759609
18715653,5.179187
7620355,5.453167
16735801,4.294165
4588670,4.7002544
8777964,5.023611
15067247,4.049147
15448033,6.109974
14342450,4.776745
6939235,4.791454
8342694,3.9822073
19581567,5.095972
13044255,4.1533933
16068854,5.3496995
13642174,4.78945
16453322,5.148874
5955398,4.3197894
11273617,6.475452
8866606,5.230284
21112559,3.53416
709870,5.671746
12399059,5.2065496
3628487,5.0827365
19048223,4.112694
2086732,6.5544214
17774765,3.8901703
14487985,4.907721
18122671,5.350308
18691551,4.686919
4250927,5.32058
10803794,4.281749
19605613,5.468371
930058,5.7601976
18611716,5.2422357
4084654,4.839971
4187387,5.3301663
4669812,4.5856056
12121813,4.266959
7163179,4.769056
19018581,4.368743
9753364,5.2545824
16063937,5.167434
14139921,5.2990036
1416138,4.8772225
19588629,4.294322
12810536,3.6924074
11567166,4.3877273
15964310,4.2125926
20946764,5.146105
773497,5.1946344
15974707,5.427127
2627566,5.7179255
15869937,5.3550205
10244876,4.479734
7913704,4.374649
16836657,5.000274
6242629,4.650883
11675539,4.547258
15868619,4.9807396
17140695,5.600563
11890343,4.4401383
5411787,4.4367294
16791699,4.312206
18341949,5.0937705
5992125,4.232449
7290262,4.9715176
12882293,4.8878202
8675466,5.135425
7951281,4.431947
14238344,5.6909356
1511730,4.0625906
12380083,4.8610177
12253009,3.856055
17729625,3.9761565
733222,4.965295
1912119,5.3813314
8556888,5.213027
566848,4.7656264
1721016,4.815565
7240464,4.2907615
15839085,4.917454
14166346,5.2444515
6758180,4.844381
14142409,5.028425
17957306,4.786858
15769095,5.8777013
10888115,4.8851466
19195173,4.9480963
16664472,4.558477
14491976,5.2772865
11929081,5.276563
19507013,5.647329
16855309,3.9483154
19459213,5.227123
12662483,4.4413586
7548108,4.477013
19294099,5.3556614
6588339,4.3370957
11873676,5.525219
14672524,4.1108017
6570718,4.752638
20647361,4.293026
15433781,4.9721365
15552457,5.086179
6314557,4.8922396
19943741,4.617967
18272559,4.2605915
8699381,4.261821
4351875,4.9483504
5641857,4.556526
16520111,4.3115106
3932801,4.265714
3760579,4.3941755
19713630,6.0488963
18766795,5.0467973
17192997,5.794407
12714566,4.3830395
16647447,4.0464954
14331110,4.934314
20673030,4.896898
4874363,4.477282
15411631,4.96342
6363361,4.872151
4880811,4.122772
11743862,4.353054
16582856,5.7244167
10900864,5.228886
5385062,5.235083
4920183,4.209397
1854004,6.090951
3923287,4.5426335
288224,4.1550984
16467731,5.2431803
7225572,4.80541
3783214,4.939553
6925567,4.772685
18522658,4.409153
20395008,4.4633045
16427197,4.897665
8123099,4.7095304
17158132,4.2112594
13604416,5.925935
11554224,4.404958
12791028,4.515472
19751715,5.8542857
15611334,4.808889
17207702,4.04529
10119226,4.954381
15234755,4.921135
15475362,3.3119082
15470640,4.6157455
12452110,4.605646
10947162,4.9095407
10249075,4.941271
10866319,5.1638126
16780148,4.3597555
526923,4.842238
18909378,5.375886
16844029,4.4974933
3731523,4.677854
6901734,5.104286
184144,5.0014696
17224136,5.155566
5164913,5.3910966
18451629,4.617185
6092309,4.7780557
20927163,5.292531
12187479,4.901633
17315728,5.014589
4803244,5.6067815
9461526,4.1960835
17810922,4.033158
21176268,4.511089
17889536,5.341067
20920138,5.3250694
7054235,4.0217752
2067359,4.9517736
4672452,4.4147243
15799575,6.093274
7369852,4.74275
2889301,5.052517
15235633,3.3175182
10807685,4.654857
18503958,4.709876
12293365,4.8267317
14314252,4.5910716
20514858,4.9324594
13280684,4.4456687
4295657,5.254965
13961152,3.861452
9976194,4.4256287
16897571,5.1274123
621233,5.572738
16965509,3.3122053
17928236,4.430196
9597111,6.5276904
274329,5.873471
16430924,4.467402
12991105,4.966811
11944668,4.97038
17212052,4.5988684
8090359,4.877111
294490,5.231291
4698479,4.4610534
11669704,5.6446395
6437518,4.013054
18200305,4.322045
17655868,5.747055
5423159,5.864874
14946812,5.5158806
21140939,5.6961994
2465331,5.962166
17422702,4.4051704
19951522,4.9808426
13696461,4.422549
2969309,4.365392
13223663,5.298081
5874890,3.932088
16033923,5.371207
7359527,4.1406584
17621558,4.327328
9645934,4.396559
4619579,4.1374674
8626037,4.5076623
18329016,4.605378
12152514,4.1951833
14943379,4.1775756
20794628,5.268234
16252102,4.3133125
8538904,4.4526176
6749830,4.597513
16496087,5.411727
12406116,3.9953802
10165663,4.30217
13623767,6.643649
16259441,4.29132
20186021,4.975944
15521441,4.9657598
2634573,5.016684
1966565,4.275448
15159758,5.2130394
6433621,4.560085
20702691,4.116346
21149129,4.4572263
13689390,4.499001
9716268,4.1553345
6661663,4.494703
4880695,4.9644413
16014819,5.32776
17360353,4.081169
21138265,4.3826857
7387093,6.3134446
4383455,4.227965
13222856,4.498214
100184,4.5082083
5992851,4.487353
512775,5.1983356
17304391,4.9862905
18948914,5.2167935
14553441,4.357244
16558267,3.942554
3605090,4.261114
18762619,4.9832964
224671,4.7644014
9955725,4.885939
18794754,5.08169
4559338,4.2856297
3870174,5.017171
4471053,4.9472575
9390900,4.554473
7174897,5.384443
4597588,4.672178
19265801,6.3815975
15772294,6.008005
207249,4.289765
16828556,5.0651646
10118573,5.051536
14966549,5.0753016
21121076,4.9716663
16846327,5.231539
32029,4.0924554
13725947,5.902557
13525760,4.1460423
3931204,5.990727
19469374,4.40545
7853866,4.2784505
17124292,5.420344
14783394,5.140621
19821206,4.4166846
15898333,5.654533
16055066,4.8207207
17221635,4.4045296
4393014,4.671235
14778804,5.1689734
1782437,5.86342
13221121,5.063552
15339726,5.6390433
971247,5.0111523
6042151,5.1844206
13126240,4.7825804
14969853,4.426369
20557327,5.4996643
6628985,5.256695
7227418,5.840784
982188,4.2970114
4027199,4.54645
435277,5.1675205
4216208,5.2333484
3363926,4.4771376
6560717,4.37481
15599810,5.4278708
15215678,4.378552
14105115,5.5012712
3263400,4.910964
17637787,4.626826
19766387,5.053876
5117069,5.0544634
2263530,4.3850527
19945100,4.301699
2350883,6.4152217
16659987,4.3763857
10091438,4.260892
1143572,4.1788588
16692638,4.770138
1722092,4.8076806
8877042,4.848312
6955747,6.5985637
4785804,4.0858755
2694567,5.5726185
10851925,5.0851088
6542929,4.07995
19642656,4.4406343
281192,5.317851
11970099,5.177025
14387004,5.5841365
16499274,4.8381553
16414335,4.8806043
12904139,4.0551095
7273770,4.2884398
269463,4.4203434
13750449,4.145284
8498999,4.272468
13531199,5.2662945
16842334,4.0235248
5534779,4.6736465
15496166,4.5876656
3622797,5.032409
10564483,5.374041
14969295,4.38591
8995583,4.1676874
20780616,4.14628
13279607,4.6068854
7247949,5.077143
17222454,3.913427
16290362,4.3597584
16925361,3.7383835
7525090,4.7037725
9577968,5.746237
20213973,4.999032
3678829,5.1589866
7500228,4.7007504
15176610,4.3228016
17298,5.370784
96334,5.24324
20134453,5.155377
12902143,4.9984446
8067190,4.6681714
4682035,5.393879
13429454,4.6965184
6400255,4.4229026
13675075,4.3456593
16811792,4.815896
476899,4.45637
564353,4.360599
1998111,6.0999703
19609174,5.29856
2172308,4.3986006
14485082,5.7110415
18459276,4.1054406
50174,5.230173
10068386,4.258012
18521633,4.930361
15791852,5.0007157
19019311,4.4006166
1693257,4.532865
3992022,4.3949447
3782283,4.3778567
832632,4.8678036
11860623,5.4648614
19749799,4.895833
20409993,4.2351193
7875162,4.72051
18433989,4.9391108
20635391,4.180487
20647774,4.586323
19864430,4.4017463
2231296,4.5289884
19505678,4.937002
4730371,4.3160586
11498469,4.882505
6145317,5.2605395
273228,4.3021946
15610920,5.6890454
30222,5.2786484
939996,4.9119754
219533,5.3612413
15072595,3.833814
164989,4.6702223
8597961,4.110301
9256750,4.426646
14606631,5.1518507
16227240,4.0395627
18877417,5.344346
16885536,4.0920115
6590549,4.232122
17873719,4.8473635
18708472,4.862943
9995433,4.5860147
6293247,4.56812
7390267,4.9679213
4900356,5.09446
13312568,4.29463
19914433,4.1200852
11843369,5.0429635
9428208,4.2063513
12814571,5.3242316
12035085,5.2341104
15807401,4.313523
8081935,4.141576
17540316,4.9438004
364785,4.278616
13875227,4.642768
13216067,4.2515216
13717408,4.307753
12582175,5.3097477
13341254,4.1152587
18279789,4.541063
17995570,5.3574934
14935393,5.278827
10777046,4.9537206
16154463,4.1219425
23619,5.5917516
16358655,5.021432
1212319,5.040806
4504049,4.203657
17734944,5.2522364
19789665,5.1335554
18437150,4.9307632
18517477,5.6512337
7818701,4.52244
8053189,4.5999346
16615538,5.1015763
8250794,4.372737
14978203,4.8591447
17813881,4.885998
16756336,4.4090366
8522933,4.3469324
13508909,4.211508
16847360,5.7399635
17343726,4.373351
17991554,4.4380183
13273660,4.133259
11660575,5.5426326
19545890,4.198075
19302477,5.0058017
13100572,5.0446186
7804659,5.0975266
16415910,4.5113716
4978905,4.3742995
6883183,5.1154428
16031302,5.931526
2104515,5.643525
16190282,3.9708633
4931630,4.317116
3430103,4.913113
15882274,4.5293226
97000,4.356212
6208855,4.3868303
18449738,4.595309
17944414,4.281897
6185409,4.8913827
12834648,5.048851
13726404,3.8541634
20441808,5.0058455
4737999,4.97616
17591467,4.344889
17496456,4.695669
19572608,4.1679444
15098293,4.8396225
6336003,4.9908004
19316528,5.1276174
8373335,5.907142
9304740,4.697582
11759543,6.2647796
15463166,4.3418765
21039469,4.286937
1835245,5.428586
8897305,4.338619
18795329,5.19297
15511824,4.8634033
16258276,5.913281
2232762,4.893472
7859530,5.140934
5210927,4.257322
11377740,4.6865664
12902941,4.322328
6811441,4.2330003
17188601,5.3776717
2603930,4.3335476
9166136,4.878301
8168089,5.0519567
898680,4.928267
13264899,4.662757
16577739,3.731017
16402080,4.5133796
10126128,5.0474925
20494715,4.803311
2010624,4.9968104
4301665,4.940925
17665510,4.6767635
20137289,4.148483
13257438,3.9216661
255709,4.3350997
16015764,5.145527
14472438,5.734178
9312104,4.9009824
17280875,5.0159397
18992841,3.9609795
3986363,4.5034485
1130680,4.7642446
4485595,4.551389
9732346,4.498626
16878206,4.1667366
17558227,4.3295093
14439289,4.158793
3247291,5.602541
8009332,4.2440667
4850000,5.9966683
5382755,4.8150973
1631942,4.771771
13922095,5.131432
17567903,4.7231464
15573221,4.701373
12104562,4.3247266
2687375,4.214243
18560424,4.249716
259622,5.750039
11848345,5.630121
19962599,5.124526
13763585,3.8734472
3921735,4.4703236
7547862,4.1400437
4450020,4.754054
14809365,5.8651996
7858741,5.5154862
17520883,4.4105616
14963861,4.756513
7255372,4.6135893
14853211,4.7983565
7350876,4.802689
18076581,4.247246
16246568,3.999995
15552305,4.423326
12035730,5.0243745
15831402,4.245056
13911123,4.394842
14058127,4.8287416
18006177,4.707599
16769765,4.0214305
2906314,5.049985
872247,5.868873
44145,4.019791
3469254,4.425396
18055499,4.187072
2131955,4.0278487
1892096,4.6262417
17452640,4.5241866
13955139,4.9736247
10517656,6.2535005
7179646,4.239523
4241028,4.021961
1313711,5.367243
17252347,4.540732
18212900,5.550228
16043779,5.017015
910713,5.8639503
5220350,5.2168326
1401064,4.7649984
5031326,4.3460674
12404679,5.0382977
11258721,4.2607775
1586641,4.6501427
14198511,5.248973
17965521,4.6468496
15987052,4.1170726
6390777,5.034386
3591417,5.3173304
15753014,4.906434
9318083,5.0423803
9007111,4.07497
18236999,3.7922983
288779,5.173371
13276320,4.992601
1673011,4.899215
7920072,4.241839
9461660,4.147436
10544439,5.1480203
20193870,4.752633
15550078,5.360483
16037703,4.0625153
13246980,4.9296756
16003540,4.4250026
16846918,4.117907
40649,5.224645
11046801,5.3814654
12867778,4.9506536
12401310,4.1909347
12820227,4.3618402
13360570,4.4187274
18448390,5.337526
15005046,4.7716646
766516,5.1006875
3987824,4.099237
8576371,4.6377807
16159901,5.89238
14554398,4.8607183
18209795,4.084041
18526933,5.098033
16309452,5.065227
19827018,3.980987
9275279,4.201777
1456308,4.6625266
3666299,5.6829076
19415072,5.143034
19930641,5.2007494
13226781,4.8334846
13370824,5.16329
2022215,5.3411384
7007933,4.14853
12916373,5.1969323
16311457,6.3710012
255672,4.9220743
19811020,4.560685
15438016,4.908065
19560761,4.3662
10039579,4.535217
9466504,5.211942
2625766,4.64865
564339,5.9304914
9563333,4.2844715
6043199,5.1289463
4341158,4.1809397
19488801,3.9311554
16973681,3.724515
655346,4.2958145
593043,4.9467607
12658991,3.933091
20048459,5.104743
9791355,4.594506
19362485,4.548468
13476058,5.1443267
5434654,4.932229
20174127,5.175259
44472,4.794818
4304920,4.4041915
7091660,4.5327516
4135674,4.12206
2715496,4.855847
9138781,3.9907207
400039,5.171975
16046743,4.0874124
14884699,5.4037747
20796126,4.8468866
5680126,4.429166
1708541,4.5759993
15086279,4.902375
10066843,5.045254
610660,4.2517433
9393873,4.2346444
12414144,4.1668024
7054856,4.9565964
6325210,4.987509
13828792,4.8156157
20676044,4.8773603
9837588,5.3207765
13731150,4.9873667
18361734,4.180273
4868305,5.0512357
11634731,5.918264
8648352,4.1739593
1212983,4.026355
17920834,5.348759
6823578,4.979022
170084,4.0360355
17188593,4.649896
626349,4.4196243
12846229,4.6130815
16448060,5.249019
13278166,5.4714046
14642543,4.973268
12167152,5.2752514
7144212,5.0841274
17267662,4.5022826
18899149,5.087292
11924652,5.630841
14605243,4.7606006
18060186,4.00595
9104346,5.117584
5206530,5.0493155
4355934,5.0348845
5404365,4.8544097
9981869,4.7132945
6185146,5.1748123
7842932,5.2308125
5170312,4.537874
12648073,4.2725096
910294,4.1275105
685435,4.7152853
8411164,4.7713194
12974635,4.1781297
15272450,4.5119185
20967261,5.393536
19330949,4.935308
16261244,4.4147377
3353937,4.3576555
4950040,4.242127
13848950,4.8225684
3229511,4.8580017
14143250,4.885
8486760,5.0382957
851130,5.987317
17981736,4.911753
6451599,5.174177
17717061,4.5411835
8523742,5.1341043
13021185,5.155879
17621450,4.113926
14699,4.4650483
16818582,5.542113
8624898,4.5630984
9389099,5.369366
18499623,4.5804076
5846018,4.6184144
16068004,5.4347386
16335083,5.610006
20798207,4.1854687
5444404,4.267706
2201154,4.408743
14821802,5.118713
3262363,4.5937924
16101054,4.1336446
11063673,5.349197
15701616,4.0310507
12831488,5.062845
818451,4.7253227
15109650,5.1409345
12255452,4.1976986
10404072,4.6988783
8253899,5.426124
596391,5.259478
9989001,4.910749
11045529,4.5229177
16810221,4.6550946
12309660,4.292957
20584255,4.0401564
19670481,5.484394
6870280,4.4344864
6699565,5.5721607
12865332,5.216925
1700189,5.816724
1048190,4.366365
14113893,5.46647
9474909,5.1333737
190267,4.4124436
17547029,4.795631
6227341,4.9363527
9279094,4.968606
10280894,4.554078
1185749,4.0785427
15615870,4.4521823
14745193,4.9170165
8034664,5.158342
10228249,6.3633704
560077,5.0837846
13310630,4.224805
3629747,4.2109346
251619,4.1264477
13813731,4.6755486
8698962,5.1888103
9392315,4.1713777
14412107,4.4679213
5137640,4.4284997
20587592,4.3984923
13418850,5.844868
18010755,4.4463925
7545144,5.032376
15950481,5.127604
8569951,4.734156
14059157,5.019422
14022980,3.5783396
15956883,4.655959
13764805,4.609801
7725075,4.278309
660036,4.74096
13525698,4.9107103
19312560,4.961995
17850311,4.2006035
9280040,4.2357817
18826104,3.9089756
12492160,4.2149773
18329495,5.0029764
7501694,5.6434093
5153883,4.782687
4105892,5.9147873
15783896,5.2141137
10924820,4.432197
14536985,4.3866906
17611615,4.7036414
2022267,5.2497735
9010782,4.076743
7900944,4.3516507
19211407,5.435351
8811568,5.4031525
6716066,4.0422635
16123619,5.1740413
4518046,5.029199
17317076,5.3191633
8355124,4.2863846
12869174,4.164253
9884521,5.1936636
10550511,4.3569374
4753434,4.5884304
7144297,4.1865077
20194449,4.709862
13859218,5.2637863
17076571,4.084429
10337710,5.978866
6403485,4.0921597
19971002,5.386017
16393657,4.14613
13207952,5.036507
11677713,4.0488977
12525094,4.2286787
18094421,4.5447364
17242933,5.6871467
17764793,4.851242
6738639,4.846345
8470381,4.033061
16745089,5.440606
662130,4.860086
6326410,4.38321
19993194,4.6904087
19296971,4.9353023
18182432,6.3250723
16451024,4.5792694
616204,4.6476645
7439748,5.5122347
7903580,4.8401794
14186165,4.877534
21121887,4.930777
13418616,4.7164907
17237462,5.896539
13838042,4.9337864
16619210,4.281323
4099964,4.4709177
18345958,4.6009293
14768877,4.7013445
21091221,5.2936177
411918,3.9860532
16254073,5.264643
15006328,5.6442523
11699684,5.388848
11048759,5.3854947
9198588,4.9418817
20406017,4.903738
15799338,4.81111
7093184,5.218172
15533107,4.273483
15585408,4.8968024
15973783,5.3517594
9695932,4.8595595
13847666,5.1134934
13637437,5.009326
4112303,4.2867365
13224823,4.3889112
14553862,5.4300485
14322170,3.9309492
16859717,4.888572
12464754,5.603726
8440352,4.7977934
16461579,4.7657847
7385563,4.2009635
13740494,4.4585586
6592661,4.670961
2854050,4.2052264
15453921,5.1426125
14141050,4.136676
7596262,4.5328774
20270692,4.796784
3960476,4.250104
20120114,4.47135
525293,4.8637557
16443558,4.4549522
12177881,5.287872
878591,4.355288
9232008,4.152777
1306928,4.96521
1541517,4.7794666
11728655,4.435609
17904124,4.4321947
19948895,4.3607097
17256919,5.096382
18649858,4.1747484
10022230,4.315792
13138660,4.2630525
7581075,6.336584
17444221,3.9705615
21064430,5.3271937
5470350,4.944209
6142603,4.1052895
9578325,5.468892
8758450,5.007183
20692013,5.171162
3616696,4.8688507
227715,5.2838173
16578780,4.4037447
11889896,5.41151
14895699,4.5709224
18190669,4.7995386
3182499,4.3204308
21056487,4.5838246
16309094,5.0527596
11550211,5.8306894
7922690,4.187617
1145104,5.4541516
15054199,4.8310075
20689869,5.188442
10340745,4.3223653
2471108,4.463489
7034854,3.9632058
13192379,6.1873083
8683033,4.1671114
5759573,5.1479673
5192219,5.100943
4734170,4.279539
19951316,4.5035863
16465797,4.6475377
6935871,5.4029493
17533669,4.709686
10802887,4.835179
1186746,5.4625864
18465288,5.032778
17416627,4.512666
7560291,3.9333546
10282410,4.8891
20642408,4.9542646
20476379,4.8173795
18427786,4.633267
10858150,5.26125
14825735,5.1425104
15703703,5.2651005
15831435,5.1317196
13464141,4.37459
14995900,5.2473564
8398827,4.793025
469810,4.263032
20193607,4.8525753
21023313,4.378647
10268712,4.374034
18749695,4.4200506
5699348,4.694369
14788062,4.9326296
9381370,4.256487
19911716,6.0618663
14980904,5.2291236
20387644,4.836661
20621751,4.8952913
2866845,4.1647987
15286036,4.2970777
8272122,4.0981774
17304480,4.8112025
2772390,4.1990714
10230429,5.2324343
19767346,4.280501
4112178,4.439125
16239722,4.680112
4977034,4.894468
257568,3.9452782
17399127,5.250129
13766952,4.544664
16482311,5.257988
10515893,5.56542
10362710,5.284154
5292616,5.406471
15436874,4.0215507
18430714,4.649394
10262711,4.964645
2403657,5.4847994
3519487,4.9343114
16770690,5.1001
16619371,5.7293644
16642108,4.906637
9542793,4.8596463
8366440,5.9011784
6982174,4.033185
10595374,4.999079
13065303,5.0580816
4292522,4.8360863
12226247,5.175399
18138076,4.4172482
2149184,4.2217693
11116289,4.1061344
20849133,4.3844094
8672915,5.04937
3869396,5.787823
7550581,4.14248
9610704,3.9863436
7093122,4.951986
10785412,5.109871
14299467,5.234727
8554457,4.337518
18357947,6.11768
16502394,5.4259443
2660576,5.144943
12334907,4.297267
3857687,4.7223277
9769485,4.24078
20982257,5.6931887
17609857,4.8418493
1914630,5.102226
7460750,4.3944917
16614868,4.4321146
11534933,5.101601
15868906,3.9239979
13479465,3.957272
13943142,5.110387
14475157,5.777862
14953636,5.6901226
15768719,4.432897
20526690,5.6524267
17626341,5.130975
18222455,5.4937515
4758924,4.550957
5844314,5.250175
2883143,4.1300445
20821762,4.0683126
11895638,5.1474824
8743700,4.6184144
19269676,4.273626
15339049,4.1807966
19265792,4.3343678
15680961,5.229311
18112809,3.9541821
16146832,4.7722206
19386545,4.8359594
16376848,4.7988157
11101754,5.086802
15037795,5.6577215
4849378,4.5919533
8591098,5.0272794
17048346,4.6646366
8595819,4.7627363
6627860,5.232922
1934447,4.940308
15393724,3.8010614
16270454,4.9252157
16037361,4.4228864
10039238,4.1765366
1514939,4.2567086
16517696,4.5417595
13362992,4.4074893
18431683,4.421416
6031144,5.0483985
21104699,5.832558
4846122,4.0284286
17842385,4.3320236
18055117,4.66885
2255005,4.4184046
2380122,4.472486
16490494,4.2224855
11146642,5.5522127
17299621,5.6539454
7972825,5.3111887
12422521,4.9664617
2071104,4.0194864
317951,5.471474
2748160,4.884671
9463896,4.582303
5393359,5.1882358
5954466,4.366765
15238180,4.6143184
677162,4.0876317
1476237,4.6299906
10553331,4.2438703
18471232,4.0887947
9846383,4.395939
16651819,4.3091965
10625058,4.207141
4917583,5.2331533
205842,4.3905067
12797796,5.5686
14535842,4.515581
9952400,3.9849112
5759708,5.000213
767969,4.3280087
3565617,4.1147895
11335874,5.496126
12546418,4.355588
17463149,5.207602
5769624,4.351988
4325724,4.805265
1231519,5.335878
34760,5.224247
8192789,4.583747
15419819,4.900968
19531805,4.7214384
14795784,4.121034
11013342,5.303874
13606459,4.232151
12050092,5.156846
150480,5.568813
5251410,5.8315835
9958633,4.2219753
3728100,4.913631
11983286,5.094656
15355575,5.164715
14013818,4.3306108
16227536,5.248637
2531865,4.3813734
6572428,4.8473086
14298784,6.2857227
19123216,4.1535416
7821813,4.481478
15253883,4.8712974
3976798,5.355639
4523324,4.3548803
9261924,4.23652
18566521,4.1028943
18877717,4.3398657
1857709,4.279463
67208,4.3047776
6822294,5.4194045
15973162,4.7030125
2127823,4.232631
11451660,4.9479547
2461982,5.4158034
16794244,4.0254183
7560658,4.4527235
12108750,4.920577
16179333,4.870218
12422969,4.555796
20162705,3.9885635
4716958,5.0002527
13153265,4.0337462
851320,5.315353
18748974,4.943613
5085189,4.242406
5004278,5.1915946
9879269,4.116408
8226591,4.442389
9880140,4.492036
2061039,4.372304
16195514,4.206236
17657885,4.3584914
2249529,5.150862
9571665,4.7278976
20346887,5.859484
3811639,5.033872
3103603,4.75803
6692726,4.29264
4741722,6.1412144
12889816,4.4661975
10730330,5.6396627
4750876,4.9702344
15166391,4.734829
1971048,4.3439965
5845124,4.3376913
1110876,4.825204
13841712,4.102846
16225437,4.638808
19292097,4.564309
15326243,4.345473
8013731,4.4400396
15028007,3.9235668
18391027,4.4584265
11608708,6.061243
16215109,4.3655915
1960773,4.658301
16158966,4.5780587
13074853,5.974496
13574789,4.251776
6018086,4.7817235
15367973,4.7966638
5511924,4.461117
11303521,3.9937732
17223162,4.7796507
6506285,5.1352
18175594,4.444772
14587187,4.4772525
5525614,4.445136
6443136,5.450428
18528709,5.0671387
15522059,4.499046
20943918,6.0121126
8794937,5.695305
17381502,4.8891344
9477489,4.8570976
15745866,4.267513
17006819,4.359534
20303629,4.5485945
5821380,5.5453105
14127549,5.5314426
9414036,4.7666626
18737053,5.0105233
18938396,4.915912
16345618,5.932723
13454124,4.3203683
7968598,4.8487163
5932962,4.7692943
17683800,5.044228
4158499,4.92667
15040838,4.606155
17450702,4.775271
15970166,4.8691483
18063815,4.5695963
9885647,4.4358897
10888166,4.212515
7894645,4.5692353
6653853,4.1493974
1789722,5.799285
17827299,3.8699415
12362546,5.165073
18460643,5.08924
10963713,5.0049496
19529795,4.2900314
19363931,4.3725295
18271460,5.3029203
3105383,5.0509663
12230085,4.1628156
9256737,4.434045
15927214,4.906027
9629636,4.483743
8730247,5.029456
12918287,5.7192144
4833305,5.05526
15971959,3.9573252
17233999,3.9615424
13137219,4.557453
20255457,4.535939
11190297,4.1546125
15396351,6.0880294
9370501,4.2856956
16543545,5.075328
16504986,5.0900636
9469827,5.3927855
7279081,4.76283
497471,4.596865
11395802,4.711074
18191544,4.3327928
1913957,4.692233
14056447,4.4456077
9401896,4.872071
16361865,4.8546863
2318184,4.0467267
7790564,4.7271237
11431661,4.524146
1328103,4.3949027
7144379,5.5416594
6135381,4.061007
16095512,4.4466877
9047646,4.3002205
9937541,5.072296
9956367,4.369097
12489483,4.397821
20459277,4.5897593
17953054,4.533787
11673194,4.267675
16428049,5.713382
4334573,4.284611
20090241,4.2342196
15059193,4.963665
20304203,4.8868
2818454,4.248067
1893045,4.2052026
11697229,4.435744
15941920,5.3185515
6492185,4.1732726
4137306,6.003955
16365821,5.1380653
9435568,4.909258
3549478,4.5852003
961852,4.304822
17763464,5.1255155
8473981,4.3306017
20917569,5.311264
215746,4.50568
13393255,5.2854557
16578262,5.44913
6729589,4.7511787
15132151,4.5145345
16508623,4.327085
6613140,5.086329
9906768,4.2636952
4708909,5.048424
4942926,4.469602
13768247,5.092566
9960835,4.6515007
20915965,4.877159
19743964,4.7668834
13782533,4.389075
4873207,5.296635
16497164,4.092336
18475069,4.453542
13343778,4.847103
13113181,4.88769
1312089,5.693229
11743842,4.9961534
16382035,5.082229
5445764,5.2176085
10632724,4.7268305
7758909,4.0267324
6210393,4.411253
3386466,4.430915
7713831,4.2557197
20229836,4.850968
3850967,4.204548
17992133,4.166416
20420379,4.932572
16190577,5.3312893
13393304,4.5515995
4240308,5.1483846
15255584,4.179207
1750808,4.6959066
18171346,5.1090283
6374728,5.1950088
13486843,4.3633366
13140929,4.812013
609559,5.273424
5878382,5.1083965
7708438,4.691031
14616310,5.6773233
20691057,4.7687793
1264695,5.1551933
16283830,4.3500814
15832524,4.704879
17980088,4.329955
16978795,5.208387
1471373,5.3740907
2665481,4.244356
16272419,4.367062
16570631,5.896731
3601743,5.423859
17906281,4.1427493
14206211,4.714741
19861483,6.090768
11374910,4.9784245
6862758,5.454787
4227570,3.8979514
16595855,5.4579325
17154204,4.282291
9609356,3.8559022
578941,4.8240085
14946381,5.862986
16381905,4.739665
3442075,4.4790893
16792011,5.833059
353801,5.0510716
14610838,4.2961793
12472500,4.236256
2875811,3.6578567
15874180,4.0942097
16285755,4.789323
8971773,4.8920827
20137770,4.934009
16288499,4.2033434
4765437,4.684962
297698,4.869046
7463304,4.297611
16454079,4.905548
14746280,5.229225
16914944,4.372139
2559129,4.4672656
9410042,3.5707147
16244433,5.296742
14868545,4.1951795
607781,3.9228392
16783042,4.6613064
9452714,5.172541
9962823,5.469624
18037292,4.122326
15134411,5.243784
13916003,4.04711
7544248,4.03916
4643401,4.2374506
20871390,4.970387
4849511,4.1769166
17513928,5.3140345
10030753,4.572879
24261,5.0075655
13392844,4.9821634
8153250,4.0788016
16040067,4.844413
15942713,5.135668
13616684,4.986294
10043942,3.9637656
18239742,4.2159696
17156147,4.392989
12209401,5.342004
8339140,4.380783
11904283,4.3590937
9197433,4.094792
16914665,4.9906116
19017513,4.9883432
17796318,4.2178893
14286690,4.0046434
6932898,4.4497213
1079181,4.531788
781669,5.851465
12713927,5.696889
18369327,4.923522
6949368,4.4958677
6608392,4.9298577
15533853,4.5517087
3280623,4.3402324
16427691,4.5082145
15832389,3.9906218
19247246,3.9461515
2879976,5.0476785
169464,5.0636
10107957,4.7634606
6355217,4.2515345
8603250,4.1239467
12733044,4.0082126
7475079,3.0099463
741456,5.103703
3654511,5.0197773
14198906,4.5462527
6272183,5.508843
12917869,4.2715354
15420038,4.900986
15393479,4.6249013
9792499,4.367492
3888627,4.7696595
17716244,3.8460455
15722692,5.0940657
18251445,5.1729383
296361,5.10285
20939747,4.2736793
13226158,5.2056575
17159537,5.2110353
5569167,5.0871706
18186043,4.2609806
14126119,4.5155015
17666136,4.5653343
3828422,4.3809633
1495328,4.1918373
18462863,4.129258
18395959,4.579292
17625583,5.5679297
18046565,5.69593
16143229,4.953811
6976826,4.8516684
14844128,5.028092
16051971,5.228275
16429629,4.826859
324969,4.870086
9684189,5.56831
